{
  "type": "FeatureCollection",
  "features": [
    {
      "type": "Feature",
      "properties": {
        "lipas_id": 527767,
        "name_fi": "Rollo MTB -maastopyöräilyreitti",
        "name_en": null,
        "type_code": 4411,
        "surface": null,
        "length_km": 23.0,
        "owner": "Ei tietoa",
        "maintainer": "Rekisteröity yhdistys",
        "www": null,
        "note": "Merkitty maalimerkein, suositeltava kiertosuunta myötäpäivään. Ylläpitäjä Ounaksen Pyörä-Pojat ry.",
        "modified": "2021-09-08T09:03:08.930Z"
      },
      "geometry": {
        "type": "MultiLineString",
        "coordinates": [
          [
            [
              25.769101,
              66.498528
            ],
            [
              25.768401,
              66.498457
            ]
          ],
          [
            [
              25.768401,
              66.498457
            ],
            [
              25.767557,
              66.498504
            ],
            [
              25.766896,
              66.498675
            ],
            [
              25.766779,
              66.498775
            ],
            [
              25.76671,
              66.498916
            ],
            [
              25.766242,
              66.4991
            ],
            [
              25.765963,
              66.49914
            ],
            [
              25.76566,
              66.499163
            ],
            [
              25.7653,
              66.499167
            ],
            [
              25.764987,
              66.499118
            ],
            [
              25.764594,
              66.499091
            ],
            [
              25.763588,
              66.499143
            ],
            [
              25.76331,
              66.49921
            ],
            [
              25.762956,
              66.499269
            ],
            [
              25.762207,
              66.499336
            ],
            [
              25.761822,
              66.4993
            ],
            [
              25.761585,
              66.499256
            ],
            [
              25.761716,
              66.499334
            ],
            [
              25.762073,
              66.49947
            ],
            [
              25.762404,
              66.499659
            ],
            [
              25.762787,
              66.499775
            ],
            [
              25.763377,
              66.500015
            ],
            [
              25.763371,
              66.500127
            ],
            [
              25.762942,
              66.500377
            ],
            [
              25.762711,
              66.500369
            ],
            [
              25.762005,
              66.5003
            ],
            [
              25.761745,
              66.500353
            ],
            [
              25.761313,
              66.500482
            ],
            [
              25.760984,
              66.50062
            ],
            [
              25.760768,
              66.500664
            ],
            [
              25.760642,
              66.500765
            ],
            [
              25.760328,
              66.500929
            ],
            [
              25.76024,
              66.501023
            ],
            [
              25.760087,
              66.501106
            ],
            [
              25.759993,
              66.501204
            ],
            [
              25.759819,
              66.501296
            ],
            [
              25.759665,
              66.501418
            ],
            [
              25.75969,
              66.501753
            ],
            [
              25.759591,
              66.501879
            ],
            [
              25.759417,
              66.501988
            ],
            [
              25.759058,
              66.502162
            ],
            [
              25.758863,
              66.502208
            ],
            [
              25.758645,
              66.50229
            ],
            [
              25.75855,
              66.502377
            ],
            [
              25.758152,
              66.502576
            ],
            [
              25.757944,
              66.50264
            ],
            [
              25.757794,
              66.502716
            ],
            [
              25.757518,
              66.50278
            ],
            [
              25.757277,
              66.502798
            ],
            [
              25.757059,
              66.502752
            ],
            [
              25.756511,
              66.502693
            ],
            [
              25.756238,
              66.502634
            ],
            [
              25.755953,
              66.502659
            ],
            [
              25.755956,
              66.502964
            ],
            [
              25.755891,
              66.503065
            ],
            [
              25.755504,
              66.503264
            ],
            [
              25.755173,
              66.503527
            ],
            [
              25.754887,
              66.503561
            ],
            [
              25.754627,
              66.50337
            ],
            [
              25.754101,
              66.503153
            ],
            [
              25.753826,
              66.503137
            ],
            [
              25.753303,
              66.503034
            ],
            [
              25.752796,
              66.503009
            ],
            [
              25.752345,
              66.502892
            ],
            [
              25.751823,
              66.502686
            ],
            [
              25.751632,
              66.502586
            ],
            [
              25.751591,
              66.502466
            ],
            [
              25.75193,
              66.502279
            ],
            [
              25.75228,
              66.502118
            ],
            [
              25.752289,
              66.502017
            ],
            [
              25.752444,
              66.501676
            ],
            [
              25.752615,
              66.501608
            ],
            [
              25.752828,
              66.501568
            ],
            [
              25.753013,
              66.501471
            ],
            [
              25.753407,
              66.501356
            ],
            [
              25.753658,
              66.501316
            ],
            [
              25.754278,
              66.501153
            ],
            [
              25.754932,
              66.501059
            ],
            [
              25.755131,
              66.501015
            ],
            [
              25.755378,
              66.500991
            ],
            [
              25.75583,
              66.500917
            ],
            [
              25.756106,
              66.500905
            ],
            [
              25.756249,
              66.500785
            ],
            [
              25.756302,
              66.500624
            ],
            [
              25.756498,
              66.500263
            ],
            [
              25.756631,
              66.500135
            ],
            [
              25.75685,
              66.500023
            ],
            [
              25.757312,
              66.499849
            ],
            [
              25.758121,
              66.49971
            ],
            [
              25.758804,
              66.499618
            ],
            [
              25.758844,
              66.499501
            ],
            [
              25.758766,
              66.499391
            ],
            [
              25.75887,
              66.499185
            ],
            [
              25.758819,
              66.499096
            ],
            [
              25.758573,
              66.499089
            ],
            [
              25.758343,
              66.499134
            ],
            [
              25.758065,
              66.49915
            ],
            [
              25.757759,
              66.499135
            ],
            [
              25.757228,
              66.499135
            ],
            [
              25.75722,
              66.499244
            ],
            [
              25.757299,
              66.499367
            ],
            [
              25.757061,
              66.499593
            ],
            [
              25.756936,
              66.499672
            ],
            [
              25.756833,
              66.499826
            ],
            [
              25.755984,
              66.500005
            ],
            [
              25.755795,
              66.500097
            ],
            [
              25.755521,
              66.500169
            ],
            [
              25.755453,
              66.500289
            ],
            [
              25.755222,
              66.50037
            ],
            [
              25.755006,
              66.500473
            ],
            [
              25.754416,
              66.500655
            ],
            [
              25.754263,
              66.500768
            ],
            [
              25.753922,
              66.500906
            ],
            [
              25.753786,
              66.501
            ],
            [
              25.75355,
              66.501047
            ],
            [
              25.753445,
              66.501138
            ],
            [
              25.752947,
              66.501313
            ],
            [
              25.752615,
              66.501485
            ],
            [
              25.752354,
              66.501555
            ],
            [
              25.751655,
              66.50154
            ],
            [
              25.751356,
              66.501582
            ],
            [
              25.751111,
              66.501686
            ],
            [
              25.750899,
              66.502095
            ],
            [
              25.750916,
              66.502225
            ],
            [
              25.751047,
              66.502443
            ],
            [
              25.751081,
              66.502788
            ],
            [
              25.751163,
              66.503008
            ],
            [
              25.751332,
              66.503208
            ],
            [
              25.75138,
              66.503318
            ],
            [
              25.751318,
              66.50341
            ],
            [
              25.751854,
              66.503883
            ],
            [
              25.752044,
              66.503969
            ],
            [
              25.752971,
              66.504238
            ],
            [
              25.753396,
              66.504416
            ],
            [
              25.753646,
              66.504487
            ],
            [
              25.753854,
              66.504585
            ],
            [
              25.754072,
              66.504658
            ],
            [
              25.754322,
              66.504713
            ],
            [
              25.754606,
              66.504732
            ],
            [
              25.754865,
              66.504775
            ],
            [
              25.755353,
              66.504935
            ],
            [
              25.755515,
              66.505012
            ],
            [
              25.75576,
              66.505091
            ],
            [
              25.756348,
              66.505241
            ],
            [
              25.756581,
              66.505316
            ],
            [
              25.756793,
              66.50541
            ],
            [
              25.75698,
              66.505521
            ],
            [
              25.757771,
              66.505878
            ],
            [
              25.757993,
              66.50605
            ],
            [
              25.75846,
              66.506578
            ],
            [
              25.758713,
              66.506758
            ],
            [
              25.758994,
              66.506918
            ],
            [
              25.759492,
              66.507121
            ],
            [
              25.759788,
              66.507188
            ],
            [
              25.760254,
              66.507352
            ],
            [
              25.760498,
              66.507391
            ],
            [
              25.760814,
              66.507397
            ],
            [
              25.760657,
              66.507295
            ],
            [
              25.760486,
              66.507227
            ],
            [
              25.760366,
              66.507122
            ],
            [
              25.760254,
              66.506924
            ],
            [
              25.759814,
              66.50665
            ],
            [
              25.759638,
              66.506585
            ],
            [
              25.759418,
              66.5063
            ],
            [
              25.759402,
              66.506074
            ],
            [
              25.759459,
              66.505867
            ],
            [
              25.75953,
              66.505779
            ],
            [
              25.759869,
              66.505615
            ],
            [
              25.760131,
              66.505555
            ],
            [
              25.760396,
              66.505527
            ],
            [
              25.76087,
              66.50559
            ],
            [
              25.761303,
              66.505721
            ],
            [
              25.761992,
              66.505891
            ],
            [
              25.762792,
              66.506008
            ],
            [
              25.763128,
              66.506039
            ],
            [
              25.763431,
              66.506035
            ],
            [
              25.763651,
              66.506013
            ],
            [
              25.763606,
              66.505905
            ],
            [
              25.763402,
              66.505863
            ],
            [
              25.763194,
              66.505793
            ],
            [
              25.763143,
              66.505679
            ],
            [
              25.763233,
              66.505474
            ],
            [
              25.763536,
              66.505182
            ],
            [
              25.76367,
              66.505109
            ],
            [
              25.763969,
              66.505091
            ],
            [
              25.764918,
              66.505375
            ],
            [
              25.765438,
              66.505461
            ],
            [
              25.765683,
              66.505474
            ],
            [
              25.765932,
              66.505516
            ],
            [
              25.766711,
              66.505597
            ],
            [
              25.76693,
              66.505644
            ],
            [
              25.767374,
              66.505686
            ],
            [
              25.767868,
              66.505758
            ],
            [
              25.768167,
              66.505763
            ],
            [
              25.768405,
              66.50575
            ],
            [
              25.768878,
              66.505649
            ],
            [
              25.769418,
              66.505611
            ],
            [
              25.769697,
              66.50563
            ],
            [
              25.770544,
              66.505643
            ],
            [
              25.77111,
              66.505629
            ],
            [
              25.771816,
              66.505544
            ],
            [
              25.772055,
              66.505543
            ],
            [
              25.772364,
              66.505491
            ],
            [
              25.772565,
              66.505416
            ],
            [
              25.772795,
              66.505379
            ],
            [
              25.773075,
              66.505396
            ],
            [
              25.773411,
              66.505465
            ],
            [
              25.773763,
              66.505516
            ],
            [
              25.774154,
              66.505539
            ],
            [
              25.774518,
              66.505538
            ],
            [
              25.774834,
              66.505517
            ],
            [
              25.775159,
              66.505526
            ],
            [
              25.775461,
              66.505564
            ],
            [
              25.775787,
              66.505641
            ],
            [
              25.776026,
              66.505671
            ],
            [
              25.776213,
              66.505726
            ],
            [
              25.776659,
              66.505798
            ],
            [
              25.777111,
              66.505835
            ],
            [
              25.77738,
              66.505834
            ],
            [
              25.778062,
              66.505786
            ],
            [
              25.778303,
              66.505843
            ],
            [
              25.778304,
              66.505973
            ],
            [
              25.777299,
              66.505984
            ],
            [
              25.777072,
              66.506023
            ],
            [
              25.777236,
              66.50612
            ],
            [
              25.777808,
              66.506138
            ],
            [
              25.77802,
              66.506181
            ],
            [
              25.778045,
              66.506287
            ],
            [
              25.77769,
              66.506519
            ],
            [
              25.777164,
              66.506726
            ],
            [
              25.776743,
              66.506785
            ],
            [
              25.776185,
              66.506763
            ],
            [
              25.775987,
              66.506806
            ],
            [
              25.776101,
              66.5069
            ],
            [
              25.776453,
              66.506882
            ],
            [
              25.776723,
              66.506919
            ],
            [
              25.777122,
              66.507016
            ],
            [
              25.777623,
              66.507082
            ],
            [
              25.777871,
              66.5071
            ],
            [
              25.778144,
              66.507087
            ],
            [
              25.779087,
              66.506897
            ],
            [
              25.779643,
              66.50681
            ],
            [
              25.779936,
              66.506836
            ],
            [
              25.780226,
              66.506946
            ],
            [
              25.780758,
              66.507425
            ],
            [
              25.781206,
              66.507742
            ],
            [
              25.781387,
              66.507833
            ],
            [
              25.781601,
              66.507906
            ],
            [
              25.781824,
              66.507953
            ],
            [
              25.782073,
              66.50797
            ],
            [
              25.782502,
              66.507954
            ],
            [
              25.782849,
              66.507904
            ],
            [
              25.7837,
              66.507833
            ],
            [
              25.785635,
              66.507849
            ],
            [
              25.786372,
              66.507826
            ],
            [
              25.787455,
              66.50783
            ],
            [
              25.787825,
              66.507816
            ],
            [
              25.789209,
              66.507843
            ],
            [
              25.789542,
              66.507821
            ],
            [
              25.790023,
              66.507764
            ],
            [
              25.790303,
              66.507747
            ],
            [
              25.791132,
              66.507657
            ],
            [
              25.79162,
              66.507589
            ],
            [
              25.792067,
              66.50747
            ],
            [
              25.792748,
              66.507129
            ],
            [
              25.792973,
              66.50715
            ],
            [
              25.79323,
              66.507103
            ],
            [
              25.796233,
              66.50679
            ],
            [
              25.796536,
              66.506776
            ],
            [
              25.796864,
              66.506781
            ],
            [
              25.797414,
              66.506823
            ],
            [
              25.798935,
              66.506848
            ],
            [
              25.799271,
              66.506813
            ],
            [
              25.799565,
              66.506758
            ],
            [
              25.800137,
              66.506679
            ],
            [
              25.800463,
              66.506653
            ],
            [
              25.800987,
              66.506536
            ],
            [
              25.801138,
              66.506428
            ],
            [
              25.80136,
              66.506351
            ],
            [
              25.801612,
              66.50632
            ],
            [
              25.801868,
              66.506322
            ],
            [
              25.802978,
              66.506419
            ],
            [
              25.803306,
              66.506524
            ],
            [
              25.803579,
              66.506656
            ],
            [
              25.80439,
              66.507166
            ],
            [
              25.804574,
              66.507233
            ],
            [
              25.80447,
              66.507355
            ],
            [
              25.804336,
              66.507439
            ],
            [
              25.804179,
              66.507503
            ],
            [
              25.803957,
              66.507545
            ],
            [
              25.803568,
              66.507702
            ],
            [
              25.803219,
              66.507897
            ],
            [
              25.802591,
              66.508178
            ],
            [
              25.802456,
              66.508302
            ],
            [
              25.802288,
              66.508582
            ],
            [
              25.802081,
              66.508831
            ],
            [
              25.802208,
              66.508916
            ],
            [
              25.803408,
              66.508804
            ],
            [
              25.804357,
              66.508767
            ],
            [
              25.805019,
              66.508759
            ],
            [
              25.805945,
              66.508772
            ],
            [
              25.80622,
              66.508764
            ],
            [
              25.80704,
              66.508813
            ],
            [
              25.80727,
              66.508786
            ],
            [
              25.807432,
              66.508705
            ],
            [
              25.807515,
              66.508593
            ],
            [
              25.80765,
              66.508274
            ],
            [
              25.807635,
              66.508157
            ],
            [
              25.807795,
              66.507953
            ],
            [
              25.808213,
              66.507804
            ],
            [
              25.808375,
              66.507728
            ],
            [
              25.808721,
              66.507632
            ],
            [
              25.809033,
              66.507584
            ],
            [
              25.8092,
              66.50765
            ],
            [
              25.809393,
              66.507699
            ],
            [
              25.809682,
              66.507697
            ],
            [
              25.809862,
              66.507641
            ],
            [
              25.810376,
              66.50755
            ],
            [
              25.810618,
              66.50757
            ],
            [
              25.810892,
              66.507559
            ],
            [
              25.811104,
              66.507517
            ],
            [
              25.811237,
              66.507434
            ],
            [
              25.811783,
              66.507427
            ],
            [
              25.812377,
              66.507387
            ],
            [
              25.812617,
              66.507387
            ],
            [
              25.813184,
              66.507354
            ],
            [
              25.814226,
              66.50743
            ],
            [
              25.81455,
              66.507427
            ],
            [
              25.814911,
              66.507397
            ],
            [
              25.815225,
              66.507392
            ],
            [
              25.815466,
              66.507405
            ],
            [
              25.815827,
              66.507366
            ],
            [
              25.81612,
              66.507304
            ],
            [
              25.816292,
              66.507201
            ],
            [
              25.816596,
              66.506829
            ],
            [
              25.816645,
              66.506701
            ],
            [
              25.816677,
              66.50643
            ],
            [
              25.816785,
              66.506036
            ],
            [
              25.816867,
              66.505933
            ],
            [
              25.817053,
              66.505831
            ],
            [
              25.817332,
              66.505757
            ],
            [
              25.818277,
              66.505418
            ],
            [
              25.818731,
              66.505297
            ],
            [
              25.819261,
              66.505096
            ],
            [
              25.819366,
              66.505007
            ],
            [
              25.819661,
              66.504835
            ],
            [
              25.820049,
              66.504715
            ],
            [
              25.820842,
              66.504623
            ],
            [
              25.821145,
              66.504608
            ],
            [
              25.821405,
              66.504616
            ],
            [
              25.821968,
              66.50469
            ],
            [
              25.822291,
              66.504715
            ],
            [
              25.822599,
              66.504717
            ],
            [
              25.822934,
              66.504696
            ],
            [
              25.824741,
              66.504468
            ],
            [
              25.825039,
              66.504401
            ],
            [
              25.825528,
              66.504262
            ],
            [
              25.826152,
              66.504191
            ],
            [
              25.826417,
              66.504176
            ],
            [
              25.826727,
              66.504128
            ],
            [
              25.827314,
              66.50407
            ],
            [
              25.827538,
              66.504008
            ],
            [
              25.827747,
              66.503927
            ],
            [
              25.827916,
              66.503828
            ],
            [
              25.828179,
              66.503624
            ],
            [
              25.828352,
              66.503542
            ],
            [
              25.828602,
              66.503386
            ],
            [
              25.829009,
              66.503262
            ],
            [
              25.829345,
              66.50311
            ],
            [
              25.829956,
              66.502763
            ],
            [
              25.830121,
              66.502584
            ],
            [
              25.830304,
              66.502502
            ],
            [
              25.830495,
              66.502442
            ],
            [
              25.831256,
              66.502289
            ],
            [
              25.83193,
              66.502109
            ],
            [
              25.83255,
              66.501901
            ],
            [
              25.833265,
              66.501778
            ],
            [
              25.83353,
              66.501748
            ],
            [
              25.834325,
              66.501723
            ],
            [
              25.835149,
              66.501593
            ],
            [
              25.835728,
              66.501563
            ],
            [
              25.83603,
              66.501572
            ],
            [
              25.83634,
              66.501521
            ],
            [
              25.836672,
              66.50132
            ],
            [
              25.837073,
              66.501156
            ],
            [
              25.837317,
              66.501091
            ],
            [
              25.837724,
              66.500948
            ],
            [
              25.837903,
              66.500866
            ],
            [
              25.838284,
              66.500596
            ],
            [
              25.839206,
              66.500278
            ],
            [
              25.839934,
              66.499935
            ],
            [
              25.840425,
              66.49979
            ],
            [
              25.840731,
              66.499717
            ],
            [
              25.841464,
              66.49961
            ],
            [
              25.842088,
              66.499452
            ],
            [
              25.842814,
              66.499129
            ],
            [
              25.842978,
              66.499037
            ],
            [
              25.843218,
              66.49886
            ],
            [
              25.843484,
              66.498576
            ],
            [
              25.843881,
              66.4983
            ],
            [
              25.84457,
              66.497607
            ],
            [
              25.844741,
              66.497401
            ],
            [
              25.845033,
              66.49713
            ],
            [
              25.845271,
              66.496815
            ],
            [
              25.84552,
              66.496578
            ],
            [
              25.84578,
              66.496402
            ],
            [
              25.846129,
              66.495937
            ],
            [
              25.846322,
              66.495815
            ],
            [
              25.846354,
              66.495704
            ],
            [
              25.846585,
              66.495528
            ],
            [
              25.846756,
              66.495322
            ],
            [
              25.847112,
              66.495054
            ],
            [
              25.84809,
              66.494096
            ],
            [
              25.848559,
              66.493727
            ],
            [
              25.848583,
              66.493634
            ],
            [
              25.848813,
              66.493436
            ],
            [
              25.848969,
              66.493247
            ],
            [
              25.849191,
              66.493055
            ],
            [
              25.849331,
              66.492868
            ],
            [
              25.849982,
              66.492296
            ],
            [
              25.850269,
              66.491906
            ],
            [
              25.85074,
              66.491568
            ],
            [
              25.850903,
              66.491381
            ],
            [
              25.850948,
              66.491287
            ],
            [
              25.851525,
              66.490938
            ],
            [
              25.851912,
              66.490645
            ],
            [
              25.85241,
              66.490414
            ],
            [
              25.852682,
              66.490246
            ],
            [
              25.852897,
              66.490198
            ],
            [
              25.853157,
              66.49005
            ],
            [
              25.853256,
              66.489952
            ],
            [
              25.853302,
              66.489849
            ],
            [
              25.853277,
              66.489658
            ],
            [
              25.853329,
              66.489556
            ],
            [
              25.853467,
              66.489468
            ],
            [
              25.853881,
              66.489097
            ],
            [
              25.854157,
              66.488931
            ],
            [
              25.854246,
              66.488828
            ],
            [
              25.854371,
              66.488742
            ],
            [
              25.854545,
              66.488683
            ],
            [
              25.854641,
              66.488574
            ],
            [
              25.854645,
              66.488464
            ],
            [
              25.854587,
              66.488259
            ],
            [
              25.85444,
              66.487978
            ],
            [
              25.854172,
              66.487965
            ],
            [
              25.853925,
              66.488008
            ],
            [
              25.85369,
              66.488024
            ],
            [
              25.853439,
              66.488075
            ],
            [
              25.853201,
              66.488102
            ],
            [
              25.851323,
              66.488469
            ],
            [
              25.850525,
              66.488645
            ],
            [
              25.850072,
              66.488772
            ],
            [
              25.849388,
              66.488996
            ],
            [
              25.848222,
              66.489277
            ],
            [
              25.84704,
              66.489641
            ],
            [
              25.846591,
              66.489798
            ],
            [
              25.845648,
              66.489974
            ],
            [
              25.845075,
              66.490185
            ],
            [
              25.844748,
              66.490375
            ],
            [
              25.844502,
              66.490599
            ],
            [
              25.84379,
              66.491124
            ],
            [
              25.843744,
              66.491231
            ],
            [
              25.843542,
              66.491378
            ],
            [
              25.843259,
              66.491497
            ],
            [
              25.842909,
              66.491616
            ],
            [
              25.842267,
              66.491771
            ],
            [
              25.841062,
              66.491947
            ],
            [
              25.840564,
              66.492035
            ],
            [
              25.839603,
              66.492337
            ],
            [
              25.83922,
              66.492417
            ],
            [
              25.838771,
              66.492477
            ],
            [
              25.838464,
              66.492484
            ],
            [
              25.838231,
              66.49244
            ],
            [
              25.837831,
              66.492436
            ],
            [
              25.836435,
              66.492366
            ],
            [
              25.83535,
              66.492231
            ],
            [
              25.834976,
              66.49217
            ],
            [
              25.833986,
              66.491948
            ],
            [
              25.833598,
              66.491932
            ],
            [
              25.833196,
              66.491935
            ],
            [
              25.832227,
              66.491793
            ],
            [
              25.831873,
              66.491797
            ],
            [
              25.831558,
              66.491775
            ],
            [
              25.83037,
              66.491788
            ],
            [
              25.829696,
              66.491898
            ],
            [
              25.829331,
              66.491908
            ],
            [
              25.829057,
              66.491884
            ],
            [
              25.828963,
              66.491795
            ],
            [
              25.829024,
              66.491701
            ],
            [
              25.829267,
              66.49164
            ],
            [
              25.829446,
              66.491567
            ],
            [
              25.829896,
              66.491455
            ],
            [
              25.830063,
              66.491387
            ],
            [
              25.830107,
              66.491191
            ],
            [
              25.829981,
              66.49098
            ],
            [
              25.829824,
              66.490874
            ],
            [
              25.829624,
              66.490823
            ],
            [
              25.829104,
              66.490796
            ],
            [
              25.828572,
              66.490798
            ],
            [
              25.828324,
              66.49078
            ],
            [
              25.828081,
              66.490802
            ],
            [
              25.827607,
              66.490769
            ],
            [
              25.827367,
              66.490778
            ],
            [
              25.826733,
              66.490896
            ],
            [
              25.826485,
              66.490926
            ],
            [
              25.826283,
              66.490988
            ],
            [
              25.825501,
              66.491113
            ],
            [
              25.825246,
              66.491202
            ],
            [
              25.825019,
              66.491229
            ],
            [
              25.824556,
              66.491362
            ],
            [
              25.824075,
              66.491432
            ],
            [
              25.823662,
              66.491565
            ],
            [
              25.823427,
              66.491617
            ],
            [
              25.822653,
              66.491898
            ],
            [
              25.822387,
              66.491952
            ],
            [
              25.82186,
              66.492168
            ],
            [
              25.821614,
              66.49224
            ],
            [
              25.821158,
              66.49234
            ],
            [
              25.82074,
              66.49246
            ],
            [
              25.820072,
              66.492684
            ],
            [
              25.819801,
              66.492735
            ],
            [
              25.81959,
              66.492815
            ],
            [
              25.81885,
              66.492988
            ],
            [
              25.817616,
              66.493539
            ],
            [
              25.817316,
              66.493704
            ],
            [
              25.816935,
              66.493839
            ],
            [
              25.816437,
              66.49394
            ],
            [
              25.815981,
              66.493994
            ],
            [
              25.815435,
              66.494004
            ],
            [
              25.814883,
              66.494043
            ],
            [
              25.814624,
              66.494076
            ],
            [
              25.812909,
              66.494169
            ],
            [
              25.811491,
              66.494283
            ],
            [
              25.811244,
              66.494316
            ],
            [
              25.810918,
              66.494335
            ],
            [
              25.810609,
              66.494373
            ],
            [
              25.809374,
              66.494453
            ],
            [
              25.808822,
              66.494521
            ],
            [
              25.808168,
              66.494637
            ],
            [
              25.807527,
              66.49471
            ],
            [
              25.8069,
              66.494821
            ],
            [
              25.806368,
              66.494957
            ],
            [
              25.805699,
              66.495204
            ],
            [
              25.805142,
              66.495337
            ],
            [
              25.804581,
              66.495448
            ],
            [
              25.803639,
              66.495578
            ],
            [
              25.803322,
              66.495606
            ],
            [
              25.802997,
              66.495611
            ],
            [
              25.801899,
              66.495716
            ],
            [
              25.801559,
              66.495789
            ],
            [
              25.801004,
              66.495869
            ],
            [
              25.800384,
              66.495887
            ],
            [
              25.799513,
              66.495859
            ],
            [
              25.799558,
              66.495951
            ],
            [
              25.79956,
              66.496071
            ],
            [
              25.799352,
              66.496119
            ],
            [
              25.798835,
              66.496115
            ],
            [
              25.798613,
              66.49615
            ],
            [
              25.798379,
              66.496164
            ],
            [
              25.798078,
              66.496141
            ],
            [
              25.797563,
              66.496001
            ],
            [
              25.797459,
              66.495921
            ],
            [
              25.796644,
              66.495566
            ],
            [
              25.796255,
              66.495301
            ],
            [
              25.795993,
              66.495287
            ],
            [
              25.795782,
              66.495337
            ],
            [
              25.795513,
              66.495373
            ],
            [
              25.795038,
              66.495479
            ],
            [
              25.7946,
              66.49555
            ],
            [
              25.793842,
              66.495565
            ],
            [
              25.793593,
              66.495548
            ],
            [
              25.793154,
              66.495443
            ],
            [
              25.792899,
              66.495412
            ],
            [
              25.792431,
              66.495413
            ],
            [
              25.792196,
              66.495371
            ],
            [
              25.791925,
              66.495349
            ],
            [
              25.791739,
              66.495297
            ],
            [
              25.791477,
              66.49531
            ],
            [
              25.791228,
              66.495279
            ],
            [
              25.790964,
              66.495277
            ],
            [
              25.790732,
              66.495292
            ],
            [
              25.790492,
              66.495281
            ],
            [
              25.790248,
              66.495301
            ],
            [
              25.790042,
              66.495358
            ],
            [
              25.789528,
              66.495416
            ],
            [
              25.789274,
              66.495423
            ],
            [
              25.789014,
              66.495388
            ],
            [
              25.788535,
              66.49539
            ],
            [
              25.788434,
              66.495472
            ],
            [
              25.788347,
              66.495657
            ],
            [
              25.788386,
              66.495877
            ],
            [
              25.788353,
              66.495981
            ],
            [
              25.788373,
              66.496278
            ],
            [
              25.788494,
              66.496487
            ],
            [
              25.788603,
              66.496601
            ],
            [
              25.788532,
              66.496696
            ],
            [
              25.787935,
              66.496877
            ],
            [
              25.787199,
              66.497023
            ],
            [
              25.78696,
              66.497054
            ],
            [
              25.785762,
              66.497066
            ],
            [
              25.785224,
              66.497122
            ],
            [
              25.78468,
              66.49715
            ],
            [
              25.784403,
              66.497225
            ],
            [
              25.784247,
              66.497321
            ],
            [
              25.784077,
              66.497534
            ],
            [
              25.784148,
              66.497769
            ],
            [
              25.784237,
              66.497857
            ],
            [
              25.784277,
              66.497951
            ],
            [
              25.784411,
              66.498066
            ],
            [
              25.785286,
              66.498454
            ],
            [
              25.785478,
              66.498517
            ],
            [
              25.785954,
              66.498797
            ],
            [
              25.786536,
              66.499019
            ],
            [
              25.787055,
              66.499083
            ],
            [
              25.787313,
              66.499032
            ],
            [
              25.788544,
              66.499075
            ],
            [
              25.788784,
              66.49904
            ],
            [
              25.788951,
              66.498963
            ],
            [
              25.789509,
              66.498895
            ],
            [
              25.789722,
              66.498833
            ],
            [
              25.790002,
              66.498778
            ],
            [
              25.790178,
              66.498718
            ],
            [
              25.790414,
              66.498675
            ],
            [
              25.790794,
              66.498538
            ],
            [
              25.791025,
              66.498516
            ],
            [
              25.791429,
              66.498417
            ],
            [
              25.79174,
              66.498379
            ],
            [
              25.792483,
              66.498238
            ],
            [
              25.792665,
              66.498179
            ],
            [
              25.792894,
              66.49817
            ],
            [
              25.793129,
              66.498179
            ],
            [
              25.793615,
              66.498131
            ],
            [
              25.794044,
              66.497997
            ],
            [
              25.794355,
              66.497994
            ],
            [
              25.794505,
              66.497927
            ],
            [
              25.794702,
              66.497871
            ],
            [
              25.79491,
              66.497833
            ],
            [
              25.795404,
              66.497683
            ],
            [
              25.7957,
              66.497655
            ],
            [
              25.795925,
              66.497577
            ],
            [
              25.796182,
              66.497521
            ],
            [
              25.796686,
              66.49745
            ],
            [
              25.797619,
              66.497269
            ],
            [
              25.797774,
              66.497201
            ],
            [
              25.798195,
              66.497106
            ],
            [
              25.798418,
              66.497034
            ],
            [
              25.798652,
              66.49699
            ],
            [
              25.798887,
              66.496983
            ],
            [
              25.799088,
              66.496924
            ],
            [
              25.799648,
              66.496817
            ],
            [
              25.799851,
              66.496751
            ],
            [
              25.800354,
              66.496643
            ],
            [
              25.800568,
              66.496568
            ],
            [
              25.800843,
              66.496527
            ],
            [
              25.801526,
              66.496385
            ],
            [
              25.80177,
              66.49635
            ],
            [
              25.802283,
              66.496311
            ],
            [
              25.802478,
              66.49626
            ],
            [
              25.802706,
              66.496242
            ],
            [
              25.802914,
              66.496201
            ],
            [
              25.803151,
              66.496198
            ],
            [
              25.803671,
              66.496131
            ],
            [
              25.804346,
              66.495983
            ],
            [
              25.804587,
              66.495955
            ],
            [
              25.80505,
              66.495841
            ],
            [
              25.805288,
              66.495833
            ],
            [
              25.805508,
              66.495806
            ],
            [
              25.805945,
              66.495704
            ],
            [
              25.806196,
              66.495681
            ],
            [
              25.806822,
              66.495493
            ],
            [
              25.807456,
              66.49515
            ],
            [
              25.807659,
              66.495094
            ],
            [
              25.808186,
              66.495002
            ],
            [
              25.808712,
              66.494933
            ],
            [
              25.809005,
              66.494962
            ],
            [
              25.809287,
              66.494958
            ],
            [
              25.809515,
              66.494936
            ],
            [
              25.809995,
              66.494999
            ],
            [
              25.810223,
              66.494998
            ],
            [
              25.81069,
              66.495083
            ],
            [
              25.811201,
              66.495034
            ],
            [
              25.811674,
              66.495071
            ],
            [
              25.812164,
              66.495078
            ],
            [
              25.812438,
              66.495119
            ],
            [
              25.813539,
              66.49516
            ],
            [
              25.814083,
              66.495138
            ],
            [
              25.814322,
              66.495104
            ],
            [
              25.815585,
              66.495004
            ],
            [
              25.815832,
              66.494996
            ],
            [
              25.8163,
              66.494905
            ],
            [
              25.816557,
              66.494892
            ],
            [
              25.816806,
              66.494847
            ],
            [
              25.817447,
              66.494793
            ],
            [
              25.817937,
              66.494718
            ],
            [
              25.818117,
              66.494647
            ],
            [
              25.818168,
              66.494553
            ],
            [
              25.818309,
              66.494452
            ],
            [
              25.818414,
              66.494242
            ],
            [
              25.818666,
              66.49408
            ],
            [
              25.81877,
              66.493974
            ],
            [
              25.819189,
              66.493811
            ],
            [
              25.819381,
              66.493763
            ],
            [
              25.819773,
              66.49363
            ],
            [
              25.819904,
              66.493541
            ],
            [
              25.820254,
              66.493404
            ],
            [
              25.820663,
              66.493274
            ],
            [
              25.820826,
              66.4932
            ],
            [
              25.821517,
              66.493055
            ],
            [
              25.821706,
              66.492984
            ],
            [
              25.821962,
              66.492967
            ],
            [
              25.822446,
              66.492876
            ],
            [
              25.822835,
              66.492733
            ],
            [
              25.823825,
              66.492574
            ],
            [
              25.824085,
              66.492546
            ],
            [
              25.824372,
              66.492495
            ],
            [
              25.824656,
              66.492488
            ],
            [
              25.824894,
              66.492436
            ],
            [
              25.825426,
              66.492378
            ],
            [
              25.825647,
              66.492331
            ],
            [
              25.826165,
              66.492266
            ],
            [
              25.826411,
              66.492259
            ],
            [
              25.826676,
              66.4922
            ],
            [
              25.827082,
              66.492075
            ],
            [
              25.827327,
              66.492048
            ],
            [
              25.827609,
              66.492086
            ],
            [
              25.828388,
              66.492089
            ],
            [
              25.828402,
              66.492181
            ],
            [
              25.828144,
              66.49223
            ],
            [
              25.826717,
              66.492377
            ],
            [
              25.826511,
              66.492435
            ],
            [
              25.826281,
              66.492466
            ],
            [
              25.825992,
              66.492528
            ],
            [
              25.825634,
              66.492642
            ],
            [
              25.825415,
              66.492682
            ],
            [
              25.824997,
              66.492807
            ],
            [
              25.824743,
              66.492904
            ],
            [
              25.824022,
              66.493063
            ],
            [
              25.823836,
              66.493136
            ],
            [
              25.82328,
              66.49324
            ],
            [
              25.82307,
              66.493293
            ],
            [
              25.822851,
              66.493373
            ],
            [
              25.822536,
              66.493578
            ],
            [
              25.822415,
              66.493688
            ],
            [
              25.822278,
              66.49377
            ],
            [
              25.821922,
              66.493909
            ],
            [
              25.821426,
              66.494022
            ],
            [
              25.820835,
              66.494075
            ],
            [
              25.820165,
              66.494214
            ],
            [
              25.819399,
              66.494338
            ],
            [
              25.818982,
              66.49445
            ],
            [
              25.818917,
              66.494553
            ],
            [
              25.818573,
              66.49487
            ],
            [
              25.818446,
              66.494949
            ],
            [
              25.818061,
              66.495387
            ],
            [
              25.817879,
              66.495469
            ],
            [
              25.817679,
              66.495512
            ],
            [
              25.817337,
              66.495793
            ],
            [
              25.817176,
              66.495858
            ],
            [
              25.817108,
              66.495959
            ],
            [
              25.81686,
              66.496082
            ],
            [
              25.816427,
              66.496209
            ],
            [
              25.816123,
              66.496387
            ],
            [
              25.815913,
              66.496464
            ],
            [
              25.815688,
              66.496505
            ],
            [
              25.815478,
              66.496563
            ],
            [
              25.815307,
              66.496654
            ],
            [
              25.815055,
              66.496697
            ],
            [
              25.814568,
              66.496827
            ],
            [
              25.814197,
              66.496953
            ],
            [
              25.8139,
              66.497224
            ],
            [
              25.813746,
              66.497331
            ],
            [
              25.813518,
              66.49755
            ],
            [
              25.813378,
              66.497734
            ],
            [
              25.812996,
              66.497981
            ],
            [
              25.812916,
              66.498163
            ],
            [
              25.812752,
              66.498244
            ],
            [
              25.812418,
              66.498621
            ],
            [
              25.812029,
              66.498999
            ],
            [
              25.811973,
              66.499087
            ],
            [
              25.811465,
              66.499575
            ],
            [
              25.811337,
              66.499663
            ],
            [
              25.811149,
              66.499874
            ],
            [
              25.810854,
              66.50007
            ],
            [
              25.810647,
              66.50012
            ],
            [
              25.810582,
              66.50022
            ],
            [
              25.810541,
              66.500408
            ],
            [
              25.810444,
              66.500494
            ],
            [
              25.810424,
              66.50059
            ],
            [
              25.810206,
              66.500869
            ],
            [
              25.809927,
              66.500939
            ],
            [
              25.809659,
              66.500946
            ],
            [
              25.809227,
              66.50105
            ],
            [
              25.808974,
              66.501051
            ],
            [
              25.808732,
              66.501073
            ],
            [
              25.808556,
              66.501134
            ],
            [
              25.808087,
              66.501248
            ],
            [
              25.807758,
              66.501377
            ],
            [
              25.807257,
              66.501486
            ],
            [
              25.807131,
              66.501565
            ],
            [
              25.806755,
              66.501725
            ],
            [
              25.805991,
              66.501999
            ],
            [
              25.805765,
              66.502044
            ],
            [
              25.805516,
              66.502039
            ],
            [
              25.805252,
              66.501978
            ],
            [
              25.804978,
              66.501948
            ],
            [
              25.804742,
              66.501939
            ],
            [
              25.804576,
              66.501878
            ],
            [
              25.804527,
              66.50165
            ],
            [
              25.804346,
              66.501458
            ],
            [
              25.804119,
              66.501302
            ],
            [
              25.804018,
              66.501192
            ],
            [
              25.804008,
              66.501082
            ],
            [
              25.803924,
              66.500987
            ],
            [
              25.803838,
              66.500758
            ],
            [
              25.803873,
              66.500562
            ],
            [
              25.804048,
              66.500489
            ],
            [
              25.804098,
              66.500381
            ],
            [
              25.804659,
              66.500165
            ],
            [
              25.805173,
              66.499873
            ],
            [
              25.805722,
              66.4997
            ],
            [
              25.806161,
              66.499599
            ],
            [
              25.806296,
              66.499519
            ],
            [
              25.806592,
              66.499455
            ],
            [
              25.80707,
              66.499315
            ],
            [
              25.807237,
              66.499236
            ],
            [
              25.807514,
              66.499009
            ],
            [
              25.807751,
              66.498944
            ],
            [
              25.80827,
              66.499049
            ],
            [
              25.808506,
              66.499077
            ],
            [
              25.809036,
              66.499244
            ],
            [
              25.809564,
              66.499349
            ],
            [
              25.809798,
              66.499379
            ],
            [
              25.810328,
              66.499376
            ],
            [
              25.810563,
              66.499336
            ],
            [
              25.810784,
              66.49926
            ],
            [
              25.81088,
              66.499156
            ],
            [
              25.810783,
              66.499075
            ],
            [
              25.810941,
              66.498754
            ],
            [
              25.810912,
              66.498501
            ],
            [
              25.810776,
              66.498207
            ],
            [
              25.810796,
              66.498114
            ],
            [
              25.810658,
              66.498029
            ],
            [
              25.810473,
              66.497961
            ],
            [
              25.81021,
              66.497993
            ],
            [
              25.810015,
              66.498094
            ],
            [
              25.809522,
              66.498236
            ],
            [
              25.808914,
              66.498236
            ],
            [
              25.808848,
              66.498123
            ],
            [
              25.808904,
              66.498033
            ],
            [
              25.808943,
              66.497835
            ],
            [
              25.808788,
              66.497636
            ],
            [
              25.808634,
              66.497559
            ],
            [
              25.80838,
              66.497537
            ],
            [
              25.80792,
              66.497564
            ],
            [
              25.807808,
              66.497765
            ],
            [
              25.807249,
              66.49795
            ],
            [
              25.806725,
              66.498057
            ],
            [
              25.806432,
              66.498249
            ],
            [
              25.806175,
              66.498346
            ],
            [
              25.805841,
              66.498533
            ],
            [
              25.805109,
              66.498796
            ],
            [
              25.804923,
              66.498987
            ],
            [
              25.804848,
              66.499111
            ],
            [
              25.804743,
              66.499195
            ],
            [
              25.804373,
              66.499623
            ],
            [
              25.804207,
              66.499942
            ],
            [
              25.80397,
              66.500166
            ],
            [
              25.803912,
              66.50028
            ],
            [
              25.803784,
              66.500386
            ],
            [
              25.803599,
              66.500482
            ],
            [
              25.803177,
              66.500578
            ],
            [
              25.802724,
              66.500643
            ],
            [
              25.802468,
              66.500631
            ],
            [
              25.802248,
              66.500664
            ],
            [
              25.802019,
              66.500655
            ],
            [
              25.801508,
              66.500598
            ],
            [
              25.801285,
              66.500544
            ],
            [
              25.800746,
              66.500519
            ],
            [
              25.799853,
              66.500449
            ],
            [
              25.799116,
              66.500586
            ],
            [
              25.798443,
              66.50079
            ],
            [
              25.798233,
              66.500831
            ],
            [
              25.797532,
              66.500918
            ],
            [
              25.797096,
              66.501031
            ],
            [
              25.796856,
              66.501073
            ],
            [
              25.795899,
              66.501349
            ],
            [
              25.795452,
              66.50142
            ],
            [
              25.794649,
              66.5017
            ],
            [
              25.794111,
              66.501796
            ],
            [
              25.793887,
              66.501866
            ],
            [
              25.793399,
              66.501935
            ],
            [
              25.792854,
              66.501923
            ],
            [
              25.792581,
              66.501938
            ],
            [
              25.792349,
              66.502001
            ],
            [
              25.791928,
              66.502067
            ],
            [
              25.791122,
              66.502347
            ],
            [
              25.790913,
              66.502393
            ],
            [
              25.790716,
              66.502473
            ],
            [
              25.790251,
              66.502573
            ],
            [
              25.790017,
              66.502573
            ],
            [
              25.789808,
              66.50275
            ],
            [
              25.789529,
              66.502941
            ],
            [
              25.789284,
              66.50301
            ],
            [
              25.788679,
              66.503023
            ],
            [
              25.788458,
              66.503006
            ],
            [
              25.78802,
              66.502918
            ],
            [
              25.787799,
              66.50289
            ],
            [
              25.786717,
              66.503028
            ],
            [
              25.786248,
              66.503056
            ],
            [
              25.78595,
              66.503101
            ],
            [
              25.785692,
              66.503172
            ],
            [
              25.784961,
              66.503466
            ],
            [
              25.784336,
              66.503588
            ],
            [
              25.782994,
              66.503761
            ],
            [
              25.782616,
              66.503777
            ],
            [
              25.782067,
              66.503836
            ],
            [
              25.781841,
              66.503836
            ],
            [
              25.781587,
              66.503879
            ],
            [
              25.781302,
              66.503898
            ],
            [
              25.780711,
              66.503838
            ],
            [
              25.78043,
              66.503792
            ],
            [
              25.780172,
              66.503786
            ],
            [
              25.779847,
              66.504053
            ],
            [
              25.779668,
              66.50412
            ],
            [
              25.779364,
              66.504121
            ],
            [
              25.779135,
              66.5041
            ],
            [
              25.778703,
              66.504197
            ],
            [
              25.777983,
              66.504186
            ],
            [
              25.776689,
              66.504289
            ],
            [
              25.776478,
              66.50424
            ],
            [
              25.776507,
              66.504133
            ],
            [
              25.77641,
              66.503927
            ],
            [
              25.776571,
              66.503853
            ],
            [
              25.777059,
              66.503808
            ],
            [
              25.777282,
              66.503771
            ],
            [
              25.777731,
              66.503628
            ],
            [
              25.778888,
              66.503382
            ],
            [
              25.779747,
              66.503136
            ],
            [
              25.779934,
              66.503054
            ],
            [
              25.779805,
              66.502966
            ],
            [
              25.779206,
              66.502723
            ],
            [
              25.779024,
              66.502528
            ],
            [
              25.778857,
              66.502398
            ],
            [
              25.778653,
              66.502282
            ],
            [
              25.778536,
              66.502154
            ],
            [
              25.778729,
              66.501909
            ],
            [
              25.779512,
              66.501675
            ],
            [
              25.77956,
              66.501584
            ],
            [
              25.779333,
              66.501505
            ],
            [
              25.779276,
              66.50141
            ],
            [
              25.779285,
              66.501302
            ],
            [
              25.779092,
              66.501175
            ],
            [
              25.778796,
              66.501079
            ],
            [
              25.778389,
              66.500827
            ],
            [
              25.778121,
              66.500729
            ],
            [
              25.777892,
              66.500606
            ],
            [
              25.777509,
              66.500439
            ],
            [
              25.777347,
              66.500325
            ],
            [
              25.777385,
              66.500208
            ],
            [
              25.777834,
              66.500089
            ],
            [
              25.778705,
              66.499964
            ],
            [
              25.778987,
              66.499899
            ],
            [
              25.779537,
              66.499829
            ],
            [
              25.780019,
              66.499721
            ],
            [
              25.780685,
              66.499537
            ],
            [
              25.781137,
              66.499482
            ],
            [
              25.781642,
              66.499392
            ],
            [
              25.781829,
              66.499339
            ],
            [
              25.782057,
              66.499305
            ],
            [
              25.782579,
              66.499165
            ],
            [
              25.783337,
              66.49903
            ],
            [
              25.783598,
              66.498969
            ],
            [
              25.783768,
              66.498871
            ],
            [
              25.783799,
              66.498771
            ],
            [
              25.78366,
              66.498662
            ],
            [
              25.783457,
              66.498598
            ],
            [
              25.78297,
              66.498576
            ],
            [
              25.781897,
              66.498752
            ],
            [
              25.781689,
              66.498801
            ],
            [
              25.780782,
              66.498615
            ],
            [
              25.780481,
              66.498434
            ],
            [
              25.780245,
              66.498431
            ],
            [
              25.779288,
              66.49859
            ],
            [
              25.779052,
              66.498603
            ],
            [
              25.778517,
              66.498571
            ],
            [
              25.777948,
              66.498481
            ],
            [
              25.777366,
              66.498485
            ],
            [
              25.77686,
              66.498519
            ],
            [
              25.776312,
              66.498535
            ],
            [
              25.775766,
              66.498464
            ],
            [
              25.775222,
              66.498465
            ],
            [
              25.774683,
              66.498382
            ],
            [
              25.774144,
              66.498374
            ],
            [
              25.773889,
              66.498403
            ],
            [
              25.773189,
              66.498435
            ],
            [
              25.772942,
              66.498466
            ],
            [
              25.771604,
              66.498499
            ],
            [
              25.770521,
              66.498585
            ],
            [
              25.769532,
              66.49853
            ],
            [
              25.769101,
              66.498528
            ]
          ]
        ]
      }
    },
    {
      "type": "Feature",
      "properties": {
        "lipas_id": 619172,
        "name_fi": "Ounasvaara Bike Park - Linkka",
        "name_en": "Jump Ramp",
        "type_code": 4411,
        "surface": "Hiekka,Maa/luonnonmukainen,Puu,Kivituhka",
        "length_km": 1.35,
        "owner": "Kunta",
        "maintainer": "Yritys",
        "www": "www.etiainen.fi/pyöräily",
        "note": null,
        "modified": "2026-02-17T15:43:34Z"
      },
      "geometry": {
        "type": "MultiLineString",
        "coordinates": [
          [
            [
              25.787326,
              66.502108
            ],
            [
              25.787393,
              66.502228
            ],
            [
              25.787153,
              66.502354
            ],
            [
              25.787139,
              66.502408
            ],
            [
              25.787294,
              66.502571
            ],
            [
              25.787196,
              66.502659
            ],
            [
              25.788383,
              66.502939
            ],
            [
              25.789951,
              66.503099
            ],
            [
              25.790641,
              66.503253
            ],
            [
              25.791677,
              66.50325
            ],
            [
              25.791726,
              66.503289
            ],
            [
              25.791555,
              66.50337
            ],
            [
              25.79159,
              66.503427
            ],
            [
              25.792233,
              66.503494
            ],
            [
              25.792301,
              66.50356
            ],
            [
              25.792831,
              66.503633
            ],
            [
              25.793415,
              66.503807
            ],
            [
              25.79455,
              66.503916
            ],
            [
              25.795358,
              66.504107
            ],
            [
              25.795693,
              66.504252
            ],
            [
              25.796394,
              66.504267
            ],
            [
              25.79833,
              66.504545
            ],
            [
              25.799577,
              66.504647
            ],
            [
              25.80039,
              66.504648
            ],
            [
              25.800638,
              66.504708
            ],
            [
              25.800637,
              66.504762
            ],
            [
              25.800556,
              66.504797
            ],
            [
              25.799284,
              66.504906
            ],
            [
              25.797783,
              66.505292
            ],
            [
              25.797043,
              66.505374
            ],
            [
              25.796148,
              66.505584
            ],
            [
              25.795087,
              66.505653
            ],
            [
              25.794498,
              66.505788
            ],
            [
              25.793363,
              66.506196
            ],
            [
              25.793054,
              66.506248
            ],
            [
              25.792885,
              66.506359
            ],
            [
              25.792274,
              66.506517
            ],
            [
              25.791055,
              66.506723
            ],
            [
              25.790663,
              66.506715
            ],
            [
              25.789448,
              66.50703
            ],
            [
              25.788815,
              66.507103
            ]
          ]
        ]
      }
    },
    {
      "type": "Feature",
      "properties": {
        "lipas_id": 619173,
        "name_fi": "Ounasvaara Bike Park - Vinha",
        "name_en": "Swiftness",
        "type_code": 4411,
        "surface": "Kivituhka,Maa/luonnonmukainen,Kivi",
        "length_km": 0.81,
        "owner": "Kunta",
        "maintainer": "Kunta / liikuntatoimi",
        "www": "www.rovaniemi.fi",
        "note": null,
        "modified": "2026-02-09T10:00:58.464Z"
      },
      "geometry": {
        "type": "MultiLineString",
        "coordinates": [
          [
            [
              25.779213,
              66.504676
            ],
            [
              25.779095,
              66.504739
            ],
            [
              25.778532,
              66.504818
            ],
            [
              25.778507,
              66.504862
            ],
            [
              25.779089,
              66.50493
            ],
            [
              25.779553,
              66.504911
            ],
            [
              25.779578,
              66.504945
            ],
            [
              25.779143,
              66.505059
            ],
            [
              25.778685,
              66.5051
            ],
            [
              25.77748,
              66.505331
            ],
            [
              25.775908,
              66.50552
            ],
            [
              25.77636,
              66.505606
            ],
            [
              25.776991,
              66.505588
            ],
            [
              25.779446,
              66.505824
            ],
            [
              25.779454,
              66.505858
            ],
            [
              25.778881,
              66.505929
            ],
            [
              25.778436,
              66.506053
            ],
            [
              25.778694,
              66.506095
            ],
            [
              25.779876,
              66.50611
            ],
            [
              25.780051,
              66.506162
            ],
            [
              25.778788,
              66.506406
            ],
            [
              25.77884,
              66.506429
            ],
            [
              25.779364,
              66.506467
            ],
            [
              25.779907,
              66.506445
            ],
            [
              25.780188,
              66.506366
            ],
            [
              25.780318,
              66.5064
            ],
            [
              25.779687,
              66.506602
            ],
            [
              25.778501,
              66.506676
            ],
            [
              25.778141,
              66.506751
            ],
            [
              25.778373,
              66.506813
            ]
          ]
        ]
      }
    },
    {
      "type": "Feature",
      "properties": {
        "lipas_id": 618973,
        "name_fi": "Tonttumetsän pyöräilypuisto -Santa's Trail",
        "name_en": "Santa's Trail",
        "type_code": 4411,
        "surface": "Hiekka,Kivituhka,Maa/luonnonmukainen",
        "length_km": 4.38,
        "owner": "Kunta",
        "maintainer": "Kunta / liikuntatoimi",
        "www": "https://etiainen.fi/fi/pyoraily",
        "note": "Joulupukin Pajakylän Tonttumetsässä risteilee neljä lyhyttä, selkeästi merkittyä maastopyöräreittiä. Kolme niistä – Loiva, Hupi ja Lysti – ovat yksisuuntaisia, kun taas kaksisuuntainen Luppo yhdistää polut toisiinsa. Reitit (0,5–1,5 km) kulkevat satumaisen metsikön kumpuilevassa maastossa, missä pyöräilijät pääsevät nauttimaan loivista kaarteista, kalliopinnoista ja tasaisesta sorapohjasta. Uudet polut yhdistyvät sujuvasti Ounasvaaran hiihtostadionille ja Rovaniemen keskustaan kevyen liikenteen väyliä pitkin, mikä tekee niistä helposti saavutettavia niin paikallisille kuin matkailijoillekin. Reittiopastus löytyy myös sähköisenä Etiäinen palvelusta (etiainen.fi). Tonttumetsän pyöräilypuistossa ei ole saatavilla juomapistettä, joten varaa vesipullo mukaan reitille.",
        "modified": "2026-02-25T10:32:19.506Z"
      },
      "geometry": {
        "type": "MultiLineString",
        "coordinates": [
          [
            [
              25.844252,
              66.542411
            ],
            [
              25.844247,
              66.542282
            ],
            [
              25.844384,
              66.542073
            ],
            [
              25.844382,
              66.54165
            ],
            [
              25.844359,
              66.541551
            ],
            [
              25.844111,
              66.541321
            ],
            [
              25.84406,
              66.541216
            ],
            [
              25.844076,
              66.541096
            ],
            [
              25.844262,
              66.540858
            ],
            [
              25.844301,
              66.540689
            ],
            [
              25.843662,
              66.540442
            ],
            [
              25.843644,
              66.54038
            ],
            [
              25.843696,
              66.540317
            ],
            [
              25.84393,
              66.540171
            ],
            [
              25.843926,
              66.540107
            ],
            [
              25.843779,
              66.539974
            ],
            [
              25.843784,
              66.539853
            ],
            [
              25.845071,
              66.539609
            ],
            [
              25.846349,
              66.539708
            ],
            [
              25.849455,
              66.539734
            ],
            [
              25.850371,
              66.53953
            ],
            [
              25.852101,
              66.538908
            ],
            [
              25.852117,
              66.538825
            ],
            [
              25.851771,
              66.538628
            ],
            [
              25.851237,
              66.538532
            ],
            [
              25.850784,
              66.538392
            ],
            [
              25.849078,
              66.538307
            ],
            [
              25.848327,
              66.538186
            ],
            [
              25.847542,
              66.537928
            ],
            [
              25.846908,
              66.537888
            ],
            [
              25.845846,
              66.537591
            ],
            [
              25.844987,
              66.53754
            ],
            [
              25.844622,
              66.537447
            ],
            [
              25.84422,
              66.537244
            ],
            [
              25.844028,
              66.5372
            ],
            [
              25.843495,
              66.537213
            ],
            [
              25.843087,
              66.537162
            ],
            [
              25.842619,
              66.537201
            ],
            [
              25.841708,
              66.537054
            ],
            [
              25.841203,
              66.537044
            ],
            [
              25.840385,
              66.53672
            ],
            [
              25.840394,
              66.536608
            ],
            [
              25.840335,
              66.536579
            ],
            [
              25.839431,
              66.536738
            ],
            [
              25.838694,
              66.536702
            ],
            [
              25.838639,
              66.53667
            ],
            [
              25.838627,
              66.536187
            ],
            [
              25.838786,
              66.536033
            ],
            [
              25.838863,
              66.535853
            ],
            [
              25.83831,
              66.535254
            ],
            [
              25.838239,
              66.535069
            ],
            [
              25.838334,
              66.534924
            ],
            [
              25.838678,
              66.534765
            ],
            [
              25.839053,
              66.534418
            ],
            [
              25.839262,
              66.533945
            ],
            [
              25.839257,
              66.533785
            ],
            [
              25.83849,
              66.533456
            ],
            [
              25.83848,
              66.532941
            ],
            [
              25.838354,
              66.532563
            ],
            [
              25.835309,
              66.530091
            ],
            [
              25.834016,
              66.529222
            ],
            [
              25.832889,
              66.52829
            ],
            [
              25.832354,
              66.527944
            ],
            [
              25.832259,
              66.527797
            ],
            [
              25.83227,
              66.52769
            ],
            [
              25.832151,
              66.52757
            ],
            [
              25.831856,
              66.527448
            ],
            [
              25.829697,
              66.525451
            ],
            [
              25.829539,
              66.52525
            ],
            [
              25.829257,
              66.525107
            ],
            [
              25.828154,
              66.524934
            ],
            [
              25.827322,
              66.524912
            ],
            [
              25.826735,
              66.524989
            ],
            [
              25.825877,
              66.525004
            ],
            [
              25.824738,
              66.524916
            ],
            [
              25.823989,
              66.524807
            ],
            [
              25.823642,
              66.524921
            ],
            [
              25.823526,
              66.525123
            ],
            [
              25.823544,
              66.525503
            ],
            [
              25.823431,
              66.525653
            ]
          ],
          [
            [
              25.851859,
              66.53866
            ],
            [
              25.85358,
              66.538581
            ],
            [
              25.854134,
              66.538502
            ],
            [
              25.854148,
              66.538471
            ],
            [
              25.85385,
              66.538439
            ],
            [
              25.85453,
              66.538267
            ],
            [
              25.855363,
              66.538198
            ],
            [
              25.855518,
              66.53814
            ],
            [
              25.855781,
              66.538158
            ]
          ],
          [
            [
              25.855785,
              66.538145
            ],
            [
              25.855573,
              66.538079
            ],
            [
              25.855357,
              66.538073
            ],
            [
              25.854738,
              66.538192
            ],
            [
              25.853896,
              66.538196
            ],
            [
              25.853522,
              66.538306
            ],
            [
              25.853168,
              66.538286
            ],
            [
              25.853138,
              66.538324
            ],
            [
              25.853167,
              66.538353
            ],
            [
              25.853544,
              66.538436
            ],
            [
              25.85357,
              66.538483
            ],
            [
              25.852403,
              66.53859
            ],
            [
              25.851862,
              66.538521
            ],
            [
              25.851927,
              66.538625
            ]
          ],
          [
            [
              25.855871,
              66.538135
            ],
            [
              25.855913,
              66.538016
            ],
            [
              25.855864,
              66.537901
            ],
            [
              25.855653,
              66.537805
            ],
            [
              25.855795,
              66.537744
            ],
            [
              25.856302,
              66.537722
            ],
            [
              25.856198,
              66.537483
            ],
            [
              25.855947,
              66.537412
            ],
            [
              25.855247,
              66.537412
            ],
            [
              25.853337,
              66.53761
            ],
            [
              25.852806,
              66.537603
            ],
            [
              25.85218,
              66.537491
            ],
            [
              25.851706,
              66.537314
            ],
            [
              25.850985,
              66.537154
            ],
            [
              25.85047,
              66.536955
            ],
            [
              25.849807,
              66.536864
            ],
            [
              25.849291,
              66.536863
            ],
            [
              25.848767,
              66.536748
            ],
            [
              25.848284,
              66.53657
            ],
            [
              25.846431,
              66.53671
            ],
            [
              25.845851,
              66.536973
            ],
            [
              25.845751,
              66.537194
            ],
            [
              25.845372,
              66.537257
            ],
            [
              25.84479,
              66.537239
            ],
            [
              25.844241,
              66.537024
            ],
            [
              25.84415,
              66.537049
            ],
            [
              25.844062,
              66.53719
            ]
          ]
        ]
      }
    },
    {
      "type": "Feature",
      "properties": {
        "lipas_id": 619056,
        "name_fi": "Ounasvaara Trail Center - Loimu",
        "name_en": "Ounasvaara Trail Center - Loimu",
        "type_code": 4411,
        "surface": "Kivituhka,Maa/luonnonmukainen",
        "length_km": 1.79,
        "owner": "Kunta",
        "maintainer": "Kunta / liikuntatoimi",
        "www": "https://www.etiainen.fi/fi/pyoraily",
        "note": null,
        "modified": "2026-02-25T11:46:20.612Z"
      },
      "geometry": {
        "type": "MultiLineString",
        "coordinates": [
          [
            [
              25.787303,
              66.50211
            ],
            [
              25.787273,
              66.502234
            ],
            [
              25.78623,
              66.50239
            ],
            [
              25.785812,
              66.502406
            ],
            [
              25.784661,
              66.502722
            ],
            [
              25.781923,
              66.503038
            ],
            [
              25.781587,
              66.503047
            ],
            [
              25.780845,
              66.502958
            ],
            [
              25.779893,
              66.503101
            ],
            [
              25.779712,
              66.503202
            ],
            [
              25.779643,
              66.503518
            ],
            [
              25.779669,
              66.503567
            ],
            [
              25.779917,
              66.503652
            ],
            [
              25.780054,
              66.503828
            ],
            [
              25.779658,
              66.504176
            ],
            [
              25.779492,
              66.504253
            ],
            [
              25.778541,
              66.504415
            ],
            [
              25.778913,
              66.504495
            ],
            [
              25.779621,
              66.504532
            ],
            [
              25.779649,
              66.504568
            ],
            [
              25.778086,
              66.504846
            ],
            [
              25.777428,
              66.504873
            ],
            [
              25.777057,
              66.504993
            ],
            [
              25.776557,
              66.505064
            ],
            [
              25.775529,
              66.505174
            ],
            [
              25.775108,
              66.505166
            ],
            [
              25.77334,
              66.505577
            ],
            [
              25.772431,
              66.505627
            ],
            [
              25.771228,
              66.505867
            ],
            [
              25.771155,
              66.505915
            ],
            [
              25.771264,
              66.505977
            ],
            [
              25.772135,
              66.505999
            ],
            [
              25.775658,
              66.506008
            ],
            [
              25.777935,
              66.506169
            ],
            [
              25.779246,
              66.506143
            ],
            [
              25.779283,
              66.506179
            ],
            [
              25.779254,
              66.506198
            ],
            [
              25.778734,
              66.506327
            ],
            [
              25.777732,
              66.506466
            ],
            [
              25.778891,
              66.506471
            ],
            [
              25.778915,
              66.506514
            ],
            [
              25.777244,
              66.506706
            ],
            [
              25.777912,
              66.506822
            ],
            [
              25.778355,
              66.50682
            ],
            [
              25.779074,
              66.506791
            ],
            [
              25.779645,
              66.506689
            ],
            [
              25.780257,
              66.506683
            ],
            [
              25.780417,
              66.506714
            ],
            [
              25.780449,
              66.506988
            ],
            [
              25.780507,
              66.507076
            ],
            [
              25.780601,
              66.507106
            ]
          ]
        ]
      }
    },
    {
      "type": "Feature",
      "properties": {
        "lipas_id": 619057,
        "name_fi": "Ounasvaara Trail Center - Törmä",
        "name_en": "Ounasvaara Trail Center - Törmä",
        "type_code": 4411,
        "surface": "Maa/luonnonmukainen,Kivi,Sora",
        "length_km": 0.55,
        "owner": "Kunta",
        "maintainer": "Kunta / liikuntatoimi",
        "www": "www.rovaniemi.fi",
        "note": null,
        "modified": "2026-02-25T11:01:39.162Z"
      },
      "geometry": {
        "type": "MultiLineString",
        "coordinates": [
          [
            [
              25.779731,
              66.504124
            ],
            [
              25.780148,
              66.504332
            ],
            [
              25.78101,
              66.504503
            ],
            [
              25.780897,
              66.504607
            ],
            [
              25.781323,
              66.504579
            ],
            [
              25.781518,
              66.504636
            ],
            [
              25.781523,
              66.504678
            ],
            [
              25.7812,
              66.504903
            ],
            [
              25.781534,
              66.504941
            ],
            [
              25.781475,
              66.505009
            ],
            [
              25.781508,
              66.505045
            ],
            [
              25.781938,
              66.505017
            ],
            [
              25.782105,
              66.505073
            ],
            [
              25.782119,
              66.505285
            ],
            [
              25.782005,
              66.505363
            ],
            [
              25.781982,
              66.505443
            ],
            [
              25.78174,
              66.505516
            ],
            [
              25.781776,
              66.505571
            ],
            [
              25.782362,
              66.505564
            ],
            [
              25.782231,
              66.505657
            ],
            [
              25.782272,
              66.505685
            ],
            [
              25.782583,
              66.505626
            ],
            [
              25.782974,
              66.505643
            ],
            [
              25.782993,
              66.505674
            ],
            [
              25.782712,
              66.505927
            ],
            [
              25.782418,
              66.506111
            ],
            [
              25.78244,
              66.506179
            ],
            [
              25.782619,
              66.506301
            ],
            [
              25.783356,
              66.506333
            ],
            [
              25.783037,
              66.506448
            ],
            [
              25.783654,
              66.506547
            ],
            [
              25.783435,
              66.50672
            ],
            [
              25.783706,
              66.506876
            ]
          ]
        ]
      }
    },
    {
      "type": "Feature",
      "properties": {
        "lipas_id": 619226,
        "name_fi": "Ounasvaara Trail Center - Mini Trail Park",
        "name_en": "Ounasvaara Trail Center - Mini Trail Park",
        "type_code": 4411,
        "surface": "Kivituhka,Maa/luonnonmukainen,Puu",
        "length_km": 0.46,
        "owner": "Kunta",
        "maintainer": "Kunta / liikuntatoimi",
        "www": "https://etiainen.fi/fi/pyoraily",
        "note": "Mini Trail Park on täydellinen paikka ottaa ensiaskeleet maastopyöräilyn maailmaan. Puiston helppokulkuiset ja turvalliset reitit tarjoavat koko perheelle hauskaa tekemistä – ilman aiempaa kokemusta. Mini Trail Parkissa lapset, nuoret ja aloittelijat voivat harjoitella tasapainoa, jarruttamista ja kurvailua omassa tahdissaan. Selkeät linjat, matalat kumpareet ja pelottamattomat kaarteet tekevät ajamisesta motivoivaa ja palkitsevaa.\nTäällä into pyöräilyyn syttyy kuin itsestään – tule kokeilemaan ja löydä onnistumisen ilo!",
        "modified": "2026-02-25T10:59:31.498Z"
      },
      "geometry": {
        "type": "MultiLineString",
        "coordinates": [
          [
            [
              25.791108,
              66.508069
            ],
            [
              25.791312,
              66.5081
            ],
            [
              25.792437,
              66.507809
            ],
            [
              25.792556,
              66.507749
            ],
            [
              25.792565,
              66.507682
            ]
          ],
          [
            [
              25.791097,
              66.508069
            ],
            [
              25.790791,
              66.508069
            ],
            [
              25.790511,
              66.508152
            ],
            [
              25.791022,
              66.508198
            ],
            [
              25.791139,
              66.508149
            ],
            [
              25.791101,
              66.508069
            ]
          ],
          [
            [
              25.792562,
              66.507683
            ],
            [
              25.792227,
              66.507694
            ],
            [
              25.792203,
              66.507723
            ],
            [
              25.792259,
              66.50778
            ],
            [
              25.792225,
              66.507801
            ],
            [
              25.791912,
              66.507782
            ],
            [
              25.791569,
              66.507962
            ],
            [
              25.791244,
              66.507995
            ],
            [
              25.791108,
              66.508069
            ]
          ],
          [
            [
              25.792435,
              66.50781
            ],
            [
              25.792325,
              66.50788
            ],
            [
              25.791618,
              66.508063
            ],
            [
              25.791268,
              66.508133
            ],
            [
              25.791149,
              66.508115
            ]
          ],
          [
            [
              25.792524,
              66.507654
            ],
            [
              25.792664,
              66.50767
            ],
            [
              25.792766,
              66.50777
            ],
            [
              25.792334,
              66.507928
            ],
            [
              25.792091,
              66.507928
            ]
          ],
          [
            [
              25.791101,
              66.508069
            ],
            [
              25.791084,
              66.508021
            ],
            [
              25.791154,
              66.507963
            ],
            [
              25.792127,
              66.507728
            ],
            [
              25.792319,
              66.507641
            ],
            [
              25.792562,
              66.507681
            ]
          ]
        ]
      }
    },
    {
      "type": "Feature",
      "properties": {
        "lipas_id": 613762,
        "name_fi": "Arctic by Cycle: Central Lapland Gravel Loop",
        "name_en": "Arctic by Cycle: Central Lapland Gravel Loop",
        "type_code": 4412,
        "surface": "Sora,Asfaltti",
        "length_km": 1148.0,
        "owner": "Kunta",
        "maintainer": "Kunta / muu",
        "www": "https://www.bikeland.fi/arctic-by-cycle-central-lapland-gravel-loop/",
        "note": null,
        "modified": "2025-08-19T15:11:21.342Z"
      },
      "geometry": {
        "type": "MultiLineString",
        "coordinates": [
          [
            [
              26.071514,
              66.461705
            ],
            [
              26.07148,
              66.46171
            ],
            [
              26.07154,
              66.46192
            ],
            [
              26.07248,
              66.462469
            ],
            [
              26.07322,
              66.46447
            ],
            [
              26.07428,
              66.46593
            ],
            [
              26.075209,
              66.46664
            ],
            [
              26.07742,
              66.46778
            ],
            [
              26.07948,
              66.468459
            ],
            [
              26.08552,
              66.469579
            ],
            [
              26.097359,
              66.469669
            ],
            [
              26.098859,
              66.46951
            ],
            [
              26.10201,
              66.4688
            ],
            [
              26.10383,
              66.46877
            ],
            [
              26.117439,
              66.47047
            ],
            [
              26.12201,
              66.47067
            ],
            [
              26.12339,
              66.47096
            ],
            [
              26.12451,
              66.47141
            ],
            [
              26.126169,
              66.473
            ],
            [
              26.12641,
              66.47364
            ],
            [
              26.12565,
              66.47784
            ],
            [
              26.12463,
              66.479429
            ],
            [
              26.12458,
              66.47996
            ],
            [
              26.12553,
              66.482699
            ],
            [
              26.12541,
              66.48344
            ],
            [
              26.12475,
              66.48421
            ],
            [
              26.12153,
              66.48572
            ],
            [
              26.11953,
              66.48688
            ],
            [
              26.11868,
              66.4877
            ],
            [
              26.11832,
              66.48827
            ],
            [
              26.118099,
              66.48912
            ],
            [
              26.11858,
              66.49199
            ],
            [
              26.11879,
              66.49223
            ],
            [
              26.12324,
              66.49325
            ],
            [
              26.12463,
              66.49328
            ],
            [
              26.13021,
              66.49212
            ],
            [
              26.13215,
              66.49087
            ],
            [
              26.13387,
              66.49115
            ],
            [
              26.13435,
              66.49145
            ],
            [
              26.13597,
              66.49518
            ],
            [
              26.13676,
              66.49572
            ],
            [
              26.138839,
              66.49651
            ],
            [
              26.145029,
              66.49706
            ],
            [
              26.15445,
              66.50078
            ],
            [
              26.15996,
              66.50507
            ],
            [
              26.17071,
              66.50936
            ],
            [
              26.17125,
              66.50966
            ],
            [
              26.17186,
              66.51088
            ],
            [
              26.1722,
              66.511089
            ],
            [
              26.18164,
              66.51414
            ],
            [
              26.18988,
              66.51506
            ],
            [
              26.19121,
              66.51493
            ],
            [
              26.19928,
              66.512739
            ],
            [
              26.20086,
              66.51266
            ],
            [
              26.22659,
              66.51699
            ],
            [
              26.23469,
              66.51582
            ],
            [
              26.23914,
              66.51564
            ],
            [
              26.244,
              66.51513
            ],
            [
              26.25209,
              66.51474
            ],
            [
              26.25487,
              66.514169
            ],
            [
              26.26,
              66.51344
            ],
            [
              26.26644,
              66.5137
            ],
            [
              26.26789,
              66.51347
            ],
            [
              26.26883,
              66.5128
            ],
            [
              26.26995,
              66.512559
            ],
            [
              26.27302,
              66.51266
            ],
            [
              26.27481,
              66.512209
            ],
            [
              26.27906,
              66.512209
            ],
            [
              26.28188,
              66.513319
            ],
            [
              26.2833,
              66.51349
            ],
            [
              26.28465,
              66.513239
            ],
            [
              26.2906,
              66.511129
            ],
            [
              26.29344,
              66.5104
            ],
            [
              26.299589,
              66.50968
            ],
            [
              26.3016,
              66.509289
            ],
            [
              26.30492,
              66.50784
            ],
            [
              26.307289,
              66.50709
            ],
            [
              26.310569,
              66.50564
            ],
            [
              26.31173,
              66.50533
            ],
            [
              26.3154,
              66.50557
            ],
            [
              26.31793,
              66.506379
            ],
            [
              26.32639,
              66.50604
            ],
            [
              26.33042,
              66.50732
            ],
            [
              26.33763,
              66.50703
            ],
            [
              26.34048,
              66.50671
            ],
            [
              26.346229,
              66.50672
            ],
            [
              26.349989,
              66.507589
            ],
            [
              26.35159,
              66.509
            ],
            [
              26.35357,
              66.50959
            ],
            [
              26.35801,
              66.51009
            ],
            [
              26.36291,
              66.50976
            ],
            [
              26.36336,
              66.50962
            ],
            [
              26.36469,
              66.50848
            ],
            [
              26.36737,
              66.507729
            ],
            [
              26.37583,
              66.50686
            ],
            [
              26.38117,
              66.505759
            ],
            [
              26.39049,
              66.50498
            ],
            [
              26.3963,
              66.50517
            ],
            [
              26.40093,
              66.50467
            ],
            [
              26.41144,
              66.50261
            ],
            [
              26.413049,
              66.50194
            ],
            [
              26.41445,
              66.50095
            ],
            [
              26.41846,
              66.49965
            ],
            [
              26.41992,
              66.49834
            ],
            [
              26.42241,
              66.498189
            ],
            [
              26.43194,
              66.49875
            ],
            [
              26.43558,
              66.49836
            ],
            [
              26.43757,
              66.49745
            ],
            [
              26.44155,
              66.49489
            ],
            [
              26.44395,
              66.49356
            ],
            [
              26.44696,
              66.49294
            ],
            [
              26.45357,
              66.492189
            ],
            [
              26.47932,
              66.489999
            ],
            [
              26.518975,
              66.487655
            ],
            [
              26.531248,
              66.485164
            ],
            [
              26.541677,
              66.484559
            ],
            [
              26.551075,
              66.485014
            ],
            [
              26.568155,
              66.483185
            ],
            [
              26.572919,
              66.48186
            ],
            [
              26.57034,
              66.49066
            ],
            [
              26.56951,
              66.492419
            ],
            [
              26.56807,
              66.49388
            ],
            [
              26.56615,
              66.49514
            ],
            [
              26.564,
              66.49617
            ],
            [
              26.560009,
              66.49767
            ],
            [
              26.56668,
              66.500609
            ],
            [
              26.56889,
              66.50234
            ],
            [
              26.57002,
              66.50296
            ],
            [
              26.57336,
              66.504239
            ],
            [
              26.57625,
              66.50659
            ],
            [
              26.57789,
              66.5116
            ],
            [
              26.58471,
              66.51909
            ],
            [
              26.58473,
              66.519679
            ],
            [
              26.58395,
              66.52303
            ],
            [
              26.584129,
              66.52359
            ],
            [
              26.58464,
              66.524159
            ],
            [
              26.585719,
              66.52478
            ],
            [
              26.58687,
              66.52517
            ],
            [
              26.59857,
              66.52701
            ],
            [
              26.60816,
              66.52506
            ],
            [
              26.61189,
              66.52469
            ],
            [
              26.61752,
              66.524789
            ],
            [
              26.62554,
              66.52575
            ],
            [
              26.63393,
              66.52569
            ],
            [
              26.6362,
              66.525409
            ],
            [
              26.63766,
              66.524959
            ],
            [
              26.6404,
              66.52359
            ],
            [
              26.64265,
              66.52301
            ],
            [
              26.65719,
              66.52091
            ],
            [
              26.65913,
              66.52042
            ],
            [
              26.66046,
              66.51975
            ],
            [
              26.6612,
              66.51907
            ],
            [
              26.6614,
              66.51842
            ],
            [
              26.660889,
              66.51605
            ],
            [
              26.66114,
              66.51553
            ],
            [
              26.66167,
              66.515159
            ],
            [
              26.66904,
              66.512829
            ],
            [
              26.673369,
              66.51205
            ],
            [
              26.68888,
              66.511089
            ],
            [
              26.70764,
              66.508579
            ],
            [
              26.72937,
              66.50738
            ],
            [
              26.73417,
              66.50658
            ],
            [
              26.74665,
              66.503789
            ],
            [
              26.74943,
              66.50349
            ],
            [
              26.75298,
              66.503479
            ],
            [
              26.75589,
              66.50449
            ],
            [
              26.76148,
              66.50519
            ],
            [
              26.76355,
              66.50521
            ],
            [
              26.76784,
              66.504819
            ],
            [
              26.77634,
              66.50337
            ],
            [
              26.78093,
              66.50297
            ],
            [
              26.78661,
              66.503029
            ],
            [
              26.79409,
              66.50414
            ],
            [
              26.79681,
              66.50427
            ],
            [
              26.80719,
              66.50349
            ],
            [
              26.80962,
              66.50305
            ],
            [
              26.81274,
              66.502039
            ],
            [
              26.81556,
              66.50158
            ],
            [
              26.826709,
              66.50156
            ],
            [
              26.82817,
              66.501329
            ],
            [
              26.83237,
              66.49979
            ],
            [
              26.8357,
              66.498999
            ],
            [
              26.84956,
              66.49818
            ],
            [
              26.85748,
              66.49651
            ],
            [
              26.86318,
              66.49657
            ],
            [
              26.86486,
              66.49624
            ],
            [
              26.86901,
              66.49471
            ],
            [
              26.87263,
              66.49432
            ],
            [
              26.87709,
              66.494649
            ],
            [
              26.88069,
              66.49547
            ],
            [
              26.87947,
              66.49675
            ],
            [
              26.87812,
              66.49881
            ],
            [
              26.87778,
              66.49974
            ],
            [
              26.87794,
              66.50032
            ],
            [
              26.87833,
              66.50114
            ],
            [
              26.88037,
              66.50362
            ],
            [
              26.8858,
              66.50868
            ],
            [
              26.88516,
              66.50963
            ],
            [
              26.88284,
              66.51011
            ],
            [
              26.87537,
              66.51093
            ],
            [
              26.87323,
              66.5113
            ],
            [
              26.87084,
              66.51196
            ],
            [
              26.86748,
              66.5119
            ],
            [
              26.86454,
              66.513059
            ],
            [
              26.86447,
              66.51361
            ],
            [
              26.8652,
              66.51496
            ],
            [
              26.86507,
              66.51535
            ],
            [
              26.86435,
              66.51589
            ],
            [
              26.86423,
              66.516189
            ],
            [
              26.86721,
              66.51728
            ],
            [
              26.86866,
              66.518649
            ],
            [
              26.86871,
              66.519229
            ],
            [
              26.86808,
              66.521429
            ],
            [
              26.87682,
              66.521429
            ],
            [
              26.88167,
              66.52172
            ],
            [
              26.89181,
              66.5206
            ],
            [
              26.89732,
              66.52019
            ],
            [
              26.90035,
              66.52023
            ],
            [
              26.90588,
              66.51943
            ],
            [
              26.90768,
              66.51885
            ],
            [
              26.91531,
              66.51831
            ],
            [
              26.91869,
              66.517669
            ],
            [
              26.92876,
              66.51657
            ],
            [
              26.93108,
              66.51602
            ],
            [
              26.93202,
              66.51596
            ],
            [
              26.93348,
              66.51609
            ],
            [
              26.93451,
              66.51685
            ],
            [
              26.93597,
              66.51746
            ],
            [
              26.93863,
              66.5176
            ],
            [
              26.94919,
              66.51685
            ],
            [
              26.9595,
              66.51777
            ],
            [
              26.96617,
              66.51741
            ],
            [
              26.96871,
              66.51747
            ],
            [
              26.9882,
              66.515739
            ],
            [
              26.99053,
              66.51566
            ],
            [
              26.99427,
              66.51571
            ],
            [
              27.00794,
              66.51694
            ],
            [
              27.0319,
              66.516859
            ],
            [
              27.01981,
              66.524109
            ],
            [
              27.01562,
              66.52571
            ],
            [
              26.97428,
              66.5373
            ],
            [
              26.96905,
              66.53846
            ],
            [
              26.95161,
              66.54137
            ],
            [
              26.94693,
              66.54262
            ],
            [
              26.94172,
              66.544749
            ],
            [
              26.93981,
              66.54579
            ],
            [
              26.93266,
              66.55063
            ],
            [
              26.93144,
              66.551599
            ],
            [
              26.92948,
              66.55381
            ],
            [
              26.92469,
              66.562169
            ],
            [
              26.92664,
              66.563109
            ],
            [
              26.92723,
              66.56367
            ],
            [
              26.92746,
              66.56422
            ],
            [
              26.92741,
              66.564859
            ],
            [
              26.92622,
              66.5681
            ],
            [
              26.92941,
              66.56878
            ],
            [
              26.93178,
              66.56896
            ],
            [
              26.97605,
              66.56879
            ],
            [
              26.98367,
              66.56964
            ],
            [
              26.98489,
              66.57008
            ],
            [
              26.98541,
              66.57049
            ],
            [
              26.98577,
              66.57118
            ],
            [
              26.98672,
              66.57616
            ],
            [
              26.98698,
              66.57664
            ],
            [
              26.98817,
              66.57736
            ],
            [
              26.99185,
              66.578109
            ],
            [
              26.99172,
              66.578599
            ],
            [
              26.9892,
              66.58136
            ],
            [
              26.98909,
              66.583169
            ],
            [
              26.98825,
              66.5838
            ],
            [
              26.9849,
              66.58562
            ],
            [
              26.98019,
              66.58642
            ],
            [
              26.97533,
              66.58788
            ],
            [
              26.97126,
              66.592429
            ],
            [
              26.99811,
              66.59779
            ],
            [
              26.99878,
              66.59831
            ],
            [
              27.00417,
              66.60472
            ],
            [
              27.00551,
              66.605109
            ],
            [
              27.01485,
              66.606489
            ],
            [
              27.01542,
              66.607029
            ],
            [
              27.01598,
              66.618709
            ],
            [
              27.01643,
              66.61928
            ],
            [
              27.02493,
              66.625649
            ],
            [
              27.02785,
              66.62591
            ],
            [
              27.0351,
              66.625519
            ],
            [
              27.03959,
              66.62599
            ],
            [
              27.04261,
              66.62594
            ],
            [
              27.04403,
              66.626279
            ],
            [
              27.0458,
              66.627849
            ],
            [
              27.04645,
              66.62873
            ],
            [
              27.04626,
              66.62909
            ],
            [
              27.04429,
              66.63024
            ],
            [
              27.04416,
              66.630759
            ],
            [
              27.0453,
              66.63095
            ],
            [
              27.04999,
              66.63117
            ],
            [
              27.05506,
              66.63279
            ],
            [
              27.05604,
              66.63422
            ],
            [
              27.05648,
              66.63736
            ],
            [
              27.0575,
              66.63862
            ],
            [
              27.06474,
              66.64342
            ],
            [
              27.06829,
              66.6478
            ],
            [
              27.06876,
              66.64818
            ],
            [
              27.06977,
              66.6486
            ],
            [
              27.07085,
              66.64995
            ],
            [
              27.07166,
              66.65035
            ],
            [
              27.07355,
              66.65078
            ],
            [
              27.07758,
              66.65063
            ],
            [
              27.07789,
              66.650049
            ],
            [
              27.07871,
              66.64931
            ],
            [
              27.08463,
              66.64496
            ],
            [
              27.08687,
              66.642849
            ],
            [
              27.08846,
              66.64196
            ],
            [
              27.09018,
              66.64134
            ],
            [
              27.1053,
              66.63845
            ],
            [
              27.1108,
              66.63661
            ],
            [
              27.11203,
              66.635859
            ],
            [
              27.12238,
              66.63753
            ],
            [
              27.12343,
              66.63822
            ],
            [
              27.12621,
              66.6408
            ],
            [
              27.12676,
              66.64134
            ],
            [
              27.12705,
              66.641909
            ],
            [
              27.12692,
              66.64261
            ],
            [
              27.12544,
              66.64444
            ],
            [
              27.12537,
              66.6449
            ],
            [
              27.1294,
              66.65219
            ],
            [
              27.13106,
              66.652649
            ],
            [
              27.1587,
              66.65599
            ],
            [
              27.16032,
              66.656809
            ],
            [
              27.16131,
              66.65833
            ],
            [
              27.16577,
              66.660259
            ],
            [
              27.16726,
              66.660659
            ],
            [
              27.18025,
              66.660529
            ],
            [
              27.1816,
              66.660619
            ],
            [
              27.1831,
              66.66101
            ],
            [
              27.1841,
              66.66145
            ],
            [
              27.18476,
              66.662139
            ],
            [
              27.18688,
              66.672169
            ],
            [
              27.18761,
              66.67287
            ],
            [
              27.1893,
              66.67344
            ],
            [
              27.19073,
              66.67363
            ],
            [
              27.19714,
              66.67317
            ],
            [
              27.20943,
              66.67555
            ],
            [
              27.21789,
              66.67574
            ],
            [
              27.22004,
              66.676069
            ],
            [
              27.2207,
              66.676289
            ],
            [
              27.22144,
              66.67681
            ],
            [
              27.22523,
              66.68133
            ],
            [
              27.22637,
              66.68227
            ],
            [
              27.22708,
              66.68268
            ],
            [
              27.23335,
              66.685
            ],
            [
              27.23347,
              66.68557
            ],
            [
              27.23096,
              66.68859
            ],
            [
              27.23083,
              66.68908
            ],
            [
              27.23122,
              66.6896
            ],
            [
              27.23399,
              66.691509
            ],
            [
              27.2339,
              66.692089
            ],
            [
              27.22935,
              66.69428
            ],
            [
              27.22943,
              66.69479
            ],
            [
              27.23001,
              66.69589
            ],
            [
              27.22999,
              66.69619
            ],
            [
              27.2296,
              66.69672
            ],
            [
              27.22812,
              66.69781
            ],
            [
              27.22008,
              66.696569
            ],
            [
              27.212885,
              66.710911
            ]
          ],
          [
            [
              25.594403,
              66.462845
            ],
            [
              25.593574,
              66.462458
            ],
            [
              25.593509,
              66.462126
            ],
            [
              25.592669,
              66.46147
            ],
            [
              25.59427,
              66.461569
            ],
            [
              25.59636,
              66.46214
            ],
            [
              25.59818,
              66.46178
            ],
            [
              25.59832,
              66.461879
            ],
            [
              25.59808,
              66.46203
            ],
            [
              25.60622,
              66.46492
            ],
            [
              25.60939,
              66.466489
            ],
            [
              25.61516,
              66.47074
            ],
            [
              25.616689,
              66.47167
            ],
            [
              25.61751,
              66.471909
            ],
            [
              25.6187,
              66.47278
            ],
            [
              25.61902,
              66.4736
            ],
            [
              25.6244,
              66.47716
            ],
            [
              25.64171,
              66.48386
            ],
            [
              25.64581,
              66.484719
            ],
            [
              25.64994,
              66.4852
            ],
            [
              25.65711,
              66.484719
            ],
            [
              25.66876,
              66.4833
            ],
            [
              25.67377,
              66.483019
            ],
            [
              25.67915,
              66.48308
            ],
            [
              25.69044,
              66.483599
            ],
            [
              25.6927,
              66.48384
            ],
            [
              25.69382,
              66.484129
            ],
            [
              25.6975,
              66.48634
            ],
            [
              25.69772,
              66.48629
            ],
            [
              25.698989,
              66.48697
            ],
            [
              25.6995,
              66.486999
            ],
            [
              25.707249,
              66.49198
            ],
            [
              25.70945,
              66.49272
            ],
            [
              25.71019,
              66.49315
            ],
            [
              25.714099,
              66.49602
            ]
          ],
          [
            [
              25.921218,
              66.497248
            ],
            [
              25.92124,
              66.49729
            ],
            [
              25.92493,
              66.496849
            ],
            [
              25.9297,
              66.49664
            ],
            [
              25.93281,
              66.496269
            ],
            [
              25.94468,
              66.494569
            ],
            [
              25.951339,
              66.49252
            ],
            [
              25.95864,
              66.49078
            ],
            [
              25.96261,
              66.48965
            ],
            [
              25.96478,
              66.48872
            ],
            [
              25.96755,
              66.487039
            ],
            [
              25.97137,
              66.48527
            ],
            [
              25.97347,
              66.48483
            ],
            [
              25.98116,
              66.48392
            ],
            [
              25.98345,
              66.48332
            ],
            [
              25.98673,
              66.48217
            ],
            [
              25.99065,
              66.48056
            ],
            [
              25.999289,
              66.476029
            ],
            [
              26.00851,
              66.47004
            ],
            [
              26.01229,
              66.46866
            ],
            [
              26.01782,
              66.46722
            ],
            [
              26.019279,
              66.466359
            ],
            [
              26.02074,
              66.464879
            ],
            [
              26.02288,
              66.46392
            ],
            [
              26.02887,
              66.46235
            ],
            [
              26.0348,
              66.46109
            ],
            [
              26.04191,
              66.45901
            ],
            [
              26.04608,
              66.458479
            ],
            [
              26.05423,
              66.45801
            ],
            [
              26.05693,
              66.45752
            ],
            [
              26.06455,
              66.45502
            ],
            [
              26.074356,
              66.450827
            ],
            [
              26.081909,
              66.44931
            ],
            [
              26.085342,
              66.448172
            ],
            [
              26.09011,
              66.45009
            ],
            [
              26.09118,
              66.45121
            ],
            [
              26.09111,
              66.452
            ],
            [
              26.08973,
              66.45345
            ],
            [
              26.0872,
              66.45545
            ],
            [
              26.08665,
              66.45617
            ],
            [
              26.08579,
              66.45684
            ],
            [
              26.08296,
              66.45836
            ],
            [
              26.07734,
              66.460629
            ],
            [
              26.07575,
              66.461119
            ],
            [
              26.071514,
              66.461705
            ]
          ],
          [
            [
              25.782866,
              66.497476
            ],
            [
              25.78415,
              66.49732
            ],
            [
              25.78459,
              66.497119
            ],
            [
              25.78708,
              66.4971
            ],
            [
              25.7909,
              66.4963
            ],
            [
              25.79232,
              66.49617
            ],
            [
              25.79516,
              66.49617
            ],
            [
              25.79805,
              66.49584
            ],
            [
              25.80071,
              66.49596
            ],
            [
              25.80376,
              66.49562
            ],
            [
              25.80624,
              66.49499
            ],
            [
              25.80919,
              66.4945
            ],
            [
              25.81729,
              66.49396
            ],
            [
              25.82173,
              66.49275
            ],
            [
              25.82364,
              66.49205
            ],
            [
              25.83434,
              66.490759
            ],
            [
              25.84039,
              66.490759
            ],
            [
              25.84626,
              66.48985
            ],
            [
              25.85058,
              66.48863
            ],
            [
              25.85899,
              66.48699
            ],
            [
              25.8658,
              66.485209
            ],
            [
              25.86884,
              66.48459
            ],
            [
              25.87348,
              66.483019
            ],
            [
              25.87644,
              66.48232
            ],
            [
              25.88169,
              66.48169
            ],
            [
              25.88427,
              66.480819
            ],
            [
              25.88839,
              66.48034
            ],
            [
              25.89038,
              66.47967
            ],
            [
              25.89183,
              66.478719
            ],
            [
              25.89315,
              66.47823
            ],
            [
              25.89613,
              66.47734
            ],
            [
              25.89761,
              66.47671
            ],
            [
              25.90125,
              66.47579
            ],
            [
              25.90578,
              66.47501
            ],
            [
              25.9074,
              66.47492
            ],
            [
              25.91347,
              66.473659
            ],
            [
              25.91688,
              66.473209
            ],
            [
              25.9172,
              66.47307
            ],
            [
              25.91712,
              66.472939
            ],
            [
              25.92005,
              66.4719
            ],
            [
              25.92294,
              66.4714
            ],
            [
              25.92415,
              66.47149
            ],
            [
              25.92579,
              66.472049
            ],
            [
              25.9272,
              66.47226
            ],
            [
              25.92687,
              66.472849
            ],
            [
              25.92756,
              66.47387
            ],
            [
              25.93221,
              66.475809
            ],
            [
              25.928629,
              66.479479
            ],
            [
              25.92282,
              66.484489
            ],
            [
              25.922809,
              66.48505
            ],
            [
              25.92391,
              66.48627
            ],
            [
              25.92364,
              66.48742
            ],
            [
              25.92318,
              66.48818
            ],
            [
              25.92161,
              66.48918
            ],
            [
              25.91974,
              66.4916
            ],
            [
              25.91978,
              66.492459
            ],
            [
              25.920839,
              66.49651
            ],
            [
              25.921218,
              66.497248
            ]
          ],
          [
            [
              25.715646,
              66.496967
            ],
            [
              25.716349,
              66.497299
            ],
            [
              25.71807,
              66.49672
            ],
            [
              25.72451,
              66.495819
            ],
            [
              25.73057,
              66.49558
            ],
            [
              25.74089,
              66.49629
            ],
            [
              25.74417,
              66.496129
            ],
            [
              25.74962,
              66.496669
            ],
            [
              25.75017,
              66.49651
            ],
            [
              25.75475,
              66.496799
            ],
            [
              25.75804,
              66.49672
            ],
            [
              25.76131,
              66.49633
            ],
            [
              25.76164,
              66.49674
            ],
            [
              25.76304,
              66.49674
            ],
            [
              25.7638,
              66.49699
            ],
            [
              25.764209,
              66.49726
            ],
            [
              25.764309,
              66.49785
            ],
            [
              25.7651,
              66.49821
            ],
            [
              25.76664,
              66.49809
            ],
            [
              25.76971,
              66.49825
            ],
            [
              25.78127,
              66.49767
            ],
            [
              25.782866,
              66.497476
            ]
          ],
          [
            [
              24.656153,
              66.533781
            ],
            [
              24.6561,
              66.53375
            ],
            [
              24.64833,
              66.530379
            ],
            [
              24.65012,
              66.529669
            ],
            [
              24.6522,
              66.52959
            ],
            [
              24.65514,
              66.52889
            ],
            [
              24.660889,
              66.52883
            ],
            [
              24.66563,
              66.529579
            ],
            [
              24.67209,
              66.52834
            ],
            [
              24.67274,
              66.52807
            ],
            [
              24.67387,
              66.52655
            ],
            [
              24.67585,
              66.52538
            ],
            [
              24.67754,
              66.525
            ],
            [
              24.68235,
              66.52504
            ],
            [
              24.68476,
              66.524699
            ],
            [
              24.68597,
              66.52355
            ],
            [
              24.68893,
              66.52231
            ],
            [
              24.690169,
              66.52119
            ],
            [
              24.69171,
              66.52015
            ],
            [
              24.69456,
              66.51904
            ],
            [
              24.69708,
              66.5185
            ],
            [
              24.70286,
              66.517889
            ],
            [
              24.70559,
              66.51732
            ],
            [
              24.71065,
              66.518029
            ],
            [
              24.71402,
              66.51887
            ],
            [
              24.72981,
              66.51831
            ],
            [
              24.7358,
              66.51491
            ],
            [
              24.74095,
              66.51048
            ],
            [
              24.74192,
              66.509339
            ],
            [
              24.74247,
              66.50592
            ],
            [
              24.74446,
              66.5038
            ],
            [
              24.74491,
              66.50281
            ],
            [
              24.74631,
              66.50192
            ],
            [
              24.74752,
              66.50147
            ],
            [
              24.7572,
              66.49992
            ],
            [
              24.75914,
              66.498999
            ],
            [
              24.75948,
              66.498549
            ],
            [
              24.76044,
              66.49629
            ],
            [
              24.76174,
              66.49571
            ],
            [
              24.7702,
              66.49267
            ],
            [
              24.77427,
              66.492
            ],
            [
              24.77963,
              66.49066
            ],
            [
              24.78236,
              66.4902
            ],
            [
              24.794339,
              66.49184
            ],
            [
              24.79505,
              66.4922
            ],
            [
              24.79633,
              66.49355
            ],
            [
              24.79712,
              66.49413
            ],
            [
              24.79849,
              66.49495
            ],
            [
              24.79964,
              66.49532
            ],
            [
              24.82157,
              66.49769
            ],
            [
              24.82374,
              66.497699
            ],
            [
              24.82792,
              66.49708
            ],
            [
              24.83022,
              66.497
            ],
            [
              24.84571,
              66.49874
            ],
            [
              24.84826,
              66.499129
            ],
            [
              24.85032,
              66.49969
            ],
            [
              24.85179,
              66.50038
            ],
            [
              24.853179,
              66.5014
            ],
            [
              24.8655,
              66.51312
            ],
            [
              24.86998,
              66.51524
            ],
            [
              24.8752,
              66.51985
            ],
            [
              24.87735,
              66.52063
            ],
            [
              24.88214,
              66.52135
            ],
            [
              24.884799,
              66.52198
            ],
            [
              24.88591,
              66.522369
            ],
            [
              24.88706,
              66.523129
            ],
            [
              24.88746,
              66.52381
            ],
            [
              24.88732,
              66.527879
            ],
            [
              24.88751,
              66.52865
            ],
            [
              24.88929,
              66.53027
            ],
            [
              24.89348,
              66.53351
            ],
            [
              24.90696,
              66.53269
            ],
            [
              24.91316,
              66.53281
            ],
            [
              24.91726,
              66.532489
            ],
            [
              24.94558,
              66.52625
            ],
            [
              24.94849,
              66.52619
            ],
            [
              24.95775,
              66.52652
            ],
            [
              24.98524,
              66.52305
            ],
            [
              25.00784,
              66.524
            ],
            [
              25.00883,
              66.52386
            ],
            [
              25.017119,
              66.521339
            ],
            [
              25.01981,
              66.52087
            ],
            [
              25.030069,
              66.51971
            ],
            [
              25.04465,
              66.51638
            ],
            [
              25.05504,
              66.51066
            ],
            [
              25.0618,
              66.50878
            ],
            [
              25.074179,
              66.50064
            ],
            [
              25.086659,
              66.496359
            ],
            [
              25.08824,
              66.494209
            ],
            [
              25.08912,
              66.493799
            ],
            [
              25.1005,
              66.49259
            ],
            [
              25.10855,
              66.49126
            ],
            [
              25.12529,
              66.490939
            ],
            [
              25.12916,
              66.49051
            ],
            [
              25.1351,
              66.48941
            ],
            [
              25.1511,
              66.48564
            ],
            [
              25.157889,
              66.48268
            ],
            [
              25.16235,
              66.48148
            ],
            [
              25.17155,
              66.477549
            ],
            [
              25.17358,
              66.47701
            ],
            [
              25.21306,
              66.47413
            ],
            [
              25.2173,
              66.474019
            ],
            [
              25.21946,
              66.473609
            ],
            [
              25.23349,
              66.469579
            ],
            [
              25.24551,
              66.46727
            ],
            [
              25.25022,
              66.46711
            ],
            [
              25.26588,
              66.46753
            ],
            [
              25.27103,
              66.46678
            ],
            [
              25.29347,
              66.46643
            ],
            [
              25.29512,
              66.46622
            ],
            [
              25.30153,
              66.464429
            ],
            [
              25.31437,
              66.45786
            ],
            [
              25.31572,
              66.45738
            ],
            [
              25.318739,
              66.45677
            ],
            [
              25.320609,
              66.45599
            ],
            [
              25.32347,
              66.45518
            ],
            [
              25.32674,
              66.45286
            ],
            [
              25.33322,
              66.45025
            ],
            [
              25.33818,
              66.44896
            ],
            [
              25.35431,
              66.4461
            ],
            [
              25.35508,
              66.4457
            ],
            [
              25.35887,
              66.44262
            ],
            [
              25.35953,
              66.44229
            ],
            [
              25.37562,
              66.43934
            ],
            [
              25.38289,
              66.43715
            ],
            [
              25.38402,
              66.4367
            ],
            [
              25.38511,
              66.436
            ],
            [
              25.38909,
              66.43282
            ],
            [
              25.38977,
              66.43309
            ],
            [
              25.39397,
              66.43304
            ],
            [
              25.40339,
              66.43415
            ],
            [
              25.40552,
              66.43423
            ],
            [
              25.40952,
              66.4349
            ],
            [
              25.410139,
              66.43519
            ],
            [
              25.410419,
              66.43552
            ],
            [
              25.41225,
              66.440299
            ],
            [
              25.41274,
              66.44112
            ],
            [
              25.41363,
              66.441329
            ],
            [
              25.42481,
              66.4419
            ],
            [
              25.42538,
              66.44226
            ],
            [
              25.42607,
              66.443839
            ],
            [
              25.4271,
              66.44418
            ],
            [
              25.43481,
              66.44526
            ],
            [
              25.43953,
              66.44625
            ],
            [
              25.44034,
              66.446749
            ],
            [
              25.44304,
              66.453469
            ],
            [
              25.44577,
              66.45431
            ],
            [
              25.44831,
              66.45582
            ],
            [
              25.44948,
              66.4563
            ],
            [
              25.45287,
              66.456959
            ],
            [
              25.456689,
              66.45828
            ],
            [
              25.46008,
              66.459729
            ],
            [
              25.46222,
              66.46192
            ],
            [
              25.46443,
              66.46356
            ],
            [
              25.4659,
              66.46456
            ],
            [
              25.47191,
              66.467969
            ],
            [
              25.47441,
              66.46839
            ],
            [
              25.483429,
              66.469269
            ],
            [
              25.48908,
              66.47032
            ],
            [
              25.49017,
              66.47072
            ],
            [
              25.49384,
              66.47329
            ],
            [
              25.49647,
              66.47416
            ],
            [
              25.49804,
              66.47441
            ],
            [
              25.50115,
              66.47449
            ],
            [
              25.50231,
              66.474729
            ],
            [
              25.50368,
              66.475269
            ],
            [
              25.505389,
              66.47546
            ],
            [
              25.51838,
              66.47439
            ],
            [
              25.52036,
              66.47401
            ],
            [
              25.5242,
              66.47215
            ],
            [
              25.526789,
              66.47156
            ],
            [
              25.54161,
              66.47096
            ],
            [
              25.54538,
              66.4704
            ],
            [
              25.561445,
              66.465318
            ],
            [
              25.563326,
              66.465791
            ],
            [
              25.564053,
              66.465445
            ],
            [
              25.566478,
              66.465502
            ],
            [
              25.568388,
              66.465322
            ],
            [
              25.571092,
              66.46445
            ],
            [
              25.572791,
              66.464935
            ],
            [
              25.571947,
              66.465678
            ],
            [
              25.572147,
              66.466273
            ],
            [
              25.572655,
              66.466774
            ],
            [
              25.574096,
              66.467048
            ],
            [
              25.577725,
              66.466854
            ],
            [
              25.577918,
              66.466703
            ],
            [
              25.580317,
              66.46657
            ],
            [
              25.581647,
              66.466114
            ],
            [
              25.584115,
              66.465751
            ],
            [
              25.587148,
              66.465749
            ],
            [
              25.594424,
              66.462855
            ],
            [
              25.594403,
              66.462845
            ]
          ]
        ]
      }
    },
    {
      "type": "Feature",
      "properties": {
        "lipas_id": 613791,
        "name_fi": "Arctic by Cycle: Santa's Western Gravel Loop",
        "name_en": "Arctic by Cycle: Santa's Western Gravel Loop",
        "type_code": 4412,
        "surface": "Asfaltti,Sora",
        "length_km": 493.0,
        "owner": "Kunta",
        "maintainer": "Kunta / muu",
        "www": "https://www.bikeland.fi/arctic-by-cycle-santas-western-gravel-loop/",
        "note": null,
        "modified": "2025-08-19T15:30:07.222Z"
      },
      "geometry": {
        "type": "MultiLineString",
        "coordinates": [
          [
            [
              25.457808,
              66.879043
            ],
            [
              25.45786,
              66.87902
            ],
            [
              25.46729,
              66.88038
            ],
            [
              25.47462,
              66.880759
            ],
            [
              25.47899,
              66.881378
            ],
            [
              25.49556,
              66.88767
            ],
            [
              25.49812,
              66.888059
            ],
            [
              25.50328,
              66.8882
            ],
            [
              25.50567,
              66.88842
            ],
            [
              25.51132,
              66.88993
            ],
            [
              25.51437,
              66.89026
            ],
            [
              25.51665,
              66.8901
            ],
            [
              25.52254,
              66.888999
            ],
            [
              25.55311,
              66.885279
            ],
            [
              25.55266,
              66.88211
            ],
            [
              25.5507,
              66.879639
            ],
            [
              25.55075,
              66.87903
            ],
            [
              25.55112,
              66.87797
            ],
            [
              25.55282,
              66.87667
            ],
            [
              25.55706,
              66.87426
            ],
            [
              25.56154,
              66.87092
            ],
            [
              25.56177,
              66.870279
            ],
            [
              25.56168,
              66.86973
            ],
            [
              25.55875,
              66.866429
            ],
            [
              25.55835,
              66.864059
            ],
            [
              25.5571,
              66.861779
            ],
            [
              25.55735,
              66.861188
            ],
            [
              25.56013,
              66.85923
            ],
            [
              25.5618,
              66.85847
            ],
            [
              25.5797,
              66.85483
            ],
            [
              25.58114,
              66.8544
            ],
            [
              25.58206,
              66.85371
            ],
            [
              25.58464,
              66.84958
            ],
            [
              25.58579,
              66.84887
            ],
            [
              25.59117,
              66.846689
            ],
            [
              25.59263,
              66.84638
            ],
            [
              25.59757,
              66.84594
            ],
            [
              25.61522,
              66.84061
            ],
            [
              25.6172,
              66.840199
            ],
            [
              25.6196,
              66.84008
            ],
            [
              25.65084,
              66.84061
            ],
            [
              25.653,
              66.8405
            ],
            [
              25.65446,
              66.84009
            ],
            [
              25.66464,
              66.83614
            ],
            [
              25.70155,
              66.82638
            ],
            [
              25.70314,
              66.825779
            ],
            [
              25.70947,
              66.82281
            ],
            [
              25.71123,
              66.822199
            ],
            [
              25.7137,
              66.821839
            ],
            [
              25.72935,
              66.821
            ],
            [
              25.73538,
              66.82048
            ],
            [
              25.7515,
              66.81578
            ],
            [
              25.75281,
              66.81516
            ],
            [
              25.75936,
              66.81681
            ],
            [
              25.76305,
              66.81827
            ],
            [
              25.76672,
              66.82087
            ],
            [
              25.76695,
              66.82147
            ],
            [
              25.76674,
              66.82201
            ],
            [
              25.76615,
              66.822509
            ],
            [
              25.76274,
              66.8229
            ],
            [
              25.75905,
              66.82392
            ],
            [
              25.75308,
              66.82499
            ],
            [
              25.75138,
              66.8257
            ],
            [
              25.75015,
              66.82718
            ],
            [
              25.74976,
              66.82737
            ],
            [
              25.74666,
              66.82804
            ],
            [
              25.74081,
              66.829679
            ],
            [
              25.73728,
              66.830479
            ],
            [
              25.73649,
              66.829629
            ],
            [
              25.73599,
              66.82934
            ],
            [
              25.73492,
              66.829359
            ],
            [
              25.73599,
              66.82934
            ],
            [
              25.73649,
              66.829629
            ],
            [
              25.73728,
              66.830479
            ],
            [
              25.74081,
              66.829679
            ],
            [
              25.74666,
              66.82804
            ],
            [
              25.74976,
              66.82737
            ],
            [
              25.75015,
              66.82718
            ],
            [
              25.75138,
              66.8257
            ],
            [
              25.75308,
              66.82499
            ],
            [
              25.75905,
              66.82392
            ],
            [
              25.76274,
              66.8229
            ],
            [
              25.76615,
              66.822509
            ],
            [
              25.76674,
              66.82201
            ],
            [
              25.76695,
              66.82147
            ],
            [
              25.76672,
              66.82087
            ],
            [
              25.76305,
              66.81827
            ],
            [
              25.75936,
              66.81681
            ],
            [
              25.75281,
              66.81516
            ],
            [
              25.75933,
              66.81053
            ],
            [
              25.76083,
              66.80964
            ],
            [
              25.76621,
              66.807069
            ],
            [
              25.76829,
              66.805589
            ],
            [
              25.77018,
              66.80381
            ],
            [
              25.77063,
              66.802949
            ],
            [
              25.77065,
              66.80209
            ],
            [
              25.76982,
              66.79976
            ],
            [
              25.77004,
              66.79925
            ],
            [
              25.77077,
              66.79868
            ],
            [
              25.77467,
              66.79727
            ],
            [
              25.77562,
              66.796628
            ],
            [
              25.77596,
              66.79615
            ],
            [
              25.77377,
              66.792778
            ],
            [
              25.77128,
              66.7913
            ],
            [
              25.7712,
              66.790538
            ],
            [
              25.76996,
              66.78897
            ],
            [
              25.76958,
              66.78802
            ],
            [
              25.76943,
              66.78626
            ],
            [
              25.76963,
              66.7853
            ],
            [
              25.77041,
              66.78394
            ],
            [
              25.7741,
              66.7812
            ],
            [
              25.77848,
              66.780198
            ],
            [
              25.78378,
              66.77929
            ],
            [
              25.78523,
              66.77866
            ],
            [
              25.78623,
              66.77802
            ],
            [
              25.78594,
              66.775859
            ],
            [
              25.78702,
              66.774069
            ],
            [
              25.78781,
              66.77126
            ],
            [
              25.78734,
              66.77063
            ],
            [
              25.78522,
              66.76916
            ],
            [
              25.78289,
              66.76622
            ],
            [
              25.7828,
              66.765879
            ],
            [
              25.78457,
              66.760729
            ],
            [
              25.78524,
              66.75959
            ],
            [
              25.7848,
              66.75837
            ],
            [
              25.78481,
              66.75793
            ],
            [
              25.79049,
              66.753479
            ],
            [
              25.79072,
              66.7531
            ],
            [
              25.79071,
              66.751909
            ],
            [
              25.79045,
              66.75136
            ],
            [
              25.78794,
              66.75044
            ],
            [
              25.78718,
              66.74992
            ],
            [
              25.78707,
              66.747558
            ],
            [
              25.78507,
              66.7453
            ],
            [
              25.78493,
              66.74419
            ],
            [
              25.78582,
              66.743128
            ],
            [
              25.78615,
              66.74189
            ],
            [
              25.78552,
              66.73903
            ],
            [
              25.79991,
              66.73878
            ],
            [
              25.80244,
              66.73925
            ],
            [
              25.80588,
              66.74069
            ],
            [
              25.80625,
              66.74069
            ],
            [
              25.80834,
              66.74025
            ],
            [
              25.81666,
              66.73927
            ],
            [
              25.81951,
              66.73873
            ],
            [
              25.82293,
              66.738609
            ],
            [
              25.82433,
              66.73907
            ],
            [
              25.82529,
              66.74032
            ],
            [
              25.82805,
              66.740359
            ],
            [
              25.83227,
              66.74073
            ],
            [
              25.83266,
              66.74145
            ],
            [
              25.8325,
              66.74257
            ],
            [
              25.83121,
              66.743489
            ],
            [
              25.83094,
              66.74427
            ],
            [
              25.83281,
              66.74592
            ],
            [
              25.83349,
              66.746309
            ],
            [
              25.8307,
              66.748684
            ],
            [
              25.83281,
              66.74592
            ],
            [
              25.83104,
              66.74445
            ],
            [
              25.83092,
              66.7441
            ],
            [
              25.83121,
              66.743489
            ],
            [
              25.8325,
              66.74257
            ],
            [
              25.83269,
              66.74165
            ],
            [
              25.83227,
              66.74073
            ],
            [
              25.82864,
              66.740399
            ],
            [
              25.82529,
              66.74032
            ],
            [
              25.82433,
              66.73907
            ],
            [
              25.82316,
              66.73865
            ],
            [
              25.81951,
              66.73873
            ],
            [
              25.81666,
              66.73927
            ],
            [
              25.80834,
              66.74025
            ],
            [
              25.80625,
              66.74069
            ],
            [
              25.80588,
              66.74069
            ],
            [
              25.80244,
              66.73925
            ],
            [
              25.79991,
              66.73878
            ],
            [
              25.78552,
              66.73903
            ],
            [
              25.78504,
              66.73831
            ],
            [
              25.78291,
              66.736689
            ],
            [
              25.78228,
              66.73573
            ],
            [
              25.78201,
              66.734669
            ],
            [
              25.78306,
              66.73218
            ],
            [
              25.78338,
              66.73056
            ],
            [
              25.78255,
              66.72654
            ],
            [
              25.78353,
              66.72045
            ],
            [
              25.78328,
              66.719269
            ],
            [
              25.78295,
              66.71854
            ],
            [
              25.78196,
              66.71728
            ],
            [
              25.77835,
              66.71428
            ],
            [
              25.77678,
              66.71322
            ],
            [
              25.75807,
              66.70336
            ],
            [
              25.75029,
              66.69682
            ],
            [
              25.72678,
              66.68168
            ],
            [
              25.72467,
              66.68073
            ],
            [
              25.72013,
              66.679069
            ],
            [
              25.71598,
              66.67801
            ],
            [
              25.70053,
              66.674589
            ],
            [
              25.69906,
              66.674099
            ],
            [
              25.69847,
              66.67367
            ],
            [
              25.69818,
              66.67303
            ],
            [
              25.69853,
              66.67211
            ],
            [
              25.70684,
              66.65599
            ],
            [
              25.70707,
              66.65505
            ],
            [
              25.70671,
              66.65427
            ],
            [
              25.70584,
              66.65358
            ],
            [
              25.69671,
              66.64975
            ],
            [
              25.69558,
              66.64906
            ],
            [
              25.69509,
              66.64848
            ],
            [
              25.69372,
              66.64559
            ],
            [
              25.69344,
              66.64489
            ],
            [
              25.69349,
              66.64434
            ],
            [
              25.69373,
              66.64389
            ],
            [
              25.69434,
              66.643339
            ],
            [
              25.69888,
              66.64093
            ],
            [
              25.7127,
              66.636309
            ],
            [
              25.71986,
              66.63481
            ],
            [
              25.72136,
              66.63427
            ],
            [
              25.7229,
              66.63342
            ],
            [
              25.72384,
              66.63262
            ],
            [
              25.72435,
              66.63186
            ],
            [
              25.7245,
              66.62672
            ],
            [
              25.72498,
              66.625558
            ],
            [
              25.72572,
              66.62479
            ],
            [
              25.73289,
              66.61969
            ],
            [
              25.74374,
              66.61481
            ],
            [
              25.74818,
              66.61247
            ],
            [
              25.76158,
              66.60915
            ],
            [
              25.77188,
              66.604209
            ],
            [
              25.78306,
              66.60084
            ],
            [
              25.78445,
              66.60015
            ],
            [
              25.78569,
              66.59925
            ],
            [
              25.78748,
              66.5964
            ],
            [
              25.78871,
              66.595299
            ],
            [
              25.789359,
              66.595143
            ]
          ],
          [
            [
              25.597209,
              66.461972
            ],
            [
              25.59636,
              66.46214
            ],
            [
              25.59427,
              66.461569
            ],
            [
              25.59267,
              66.46147
            ],
            [
              25.59331,
              66.46171
            ],
            [
              25.59325,
              66.462
            ],
            [
              25.593618,
              66.462277
            ],
            [
              25.593574,
              66.462458
            ],
            [
              25.594424,
              66.462855
            ],
            [
              25.587204,
              66.465732
            ],
            [
              25.58416,
              66.465725
            ],
            [
              25.581354,
              66.466181
            ],
            [
              25.58011,
              66.466559
            ],
            [
              25.578082,
              66.466685
            ],
            [
              25.577734,
              66.466849
            ],
            [
              25.574263,
              66.467062
            ],
            [
              25.572657,
              66.466684
            ],
            [
              25.572176,
              66.46615
            ],
            [
              25.572054,
              66.465683
            ],
            [
              25.572789,
              66.464931
            ],
            [
              25.571049,
              66.464416
            ],
            [
              25.568211,
              66.465367
            ],
            [
              25.567495,
              66.465295
            ],
            [
              25.566267,
              66.465526
            ],
            [
              25.564185,
              66.46543
            ],
            [
              25.563576,
              66.46559
            ],
            [
              25.563427,
              66.465799
            ],
            [
              25.561436,
              66.465267
            ],
            [
              25.54538,
              66.4704
            ],
            [
              25.54161,
              66.47096
            ],
            [
              25.52679,
              66.47156
            ],
            [
              25.5242,
              66.47215
            ],
            [
              25.52036,
              66.47401
            ],
            [
              25.51838,
              66.47439
            ],
            [
              25.50539,
              66.47546
            ],
            [
              25.50368,
              66.475269
            ],
            [
              25.50231,
              66.474729
            ],
            [
              25.50115,
              66.47449
            ],
            [
              25.49804,
              66.47441
            ],
            [
              25.49647,
              66.47416
            ],
            [
              25.49384,
              66.47329
            ],
            [
              25.49017,
              66.47072
            ],
            [
              25.48908,
              66.47032
            ],
            [
              25.48343,
              66.469269
            ],
            [
              25.47441,
              66.46839
            ],
            [
              25.47191,
              66.467969
            ],
            [
              25.4659,
              66.46456
            ],
            [
              25.46443,
              66.46356
            ],
            [
              25.46222,
              66.46192
            ],
            [
              25.46008,
              66.459728
            ],
            [
              25.45669,
              66.45828
            ],
            [
              25.45477,
              66.45773
            ],
            [
              25.45287,
              66.456959
            ],
            [
              25.44948,
              66.4563
            ],
            [
              25.44831,
              66.45582
            ],
            [
              25.44577,
              66.45431
            ],
            [
              25.44304,
              66.453469
            ],
            [
              25.44278,
              66.453109
            ],
            [
              25.44182,
              66.45031
            ],
            [
              25.44034,
              66.446749
            ],
            [
              25.43953,
              66.44625
            ],
            [
              25.43481,
              66.44526
            ],
            [
              25.4271,
              66.44418
            ],
            [
              25.42607,
              66.443839
            ],
            [
              25.42538,
              66.44226
            ],
            [
              25.42481,
              66.4419
            ],
            [
              25.41363,
              66.441328
            ],
            [
              25.41274,
              66.44112
            ],
            [
              25.41225,
              66.440298
            ],
            [
              25.41042,
              66.43552
            ],
            [
              25.41014,
              66.43519
            ],
            [
              25.40952,
              66.4349
            ],
            [
              25.40552,
              66.43423
            ],
            [
              25.40339,
              66.43415
            ],
            [
              25.40053,
              66.43371
            ],
            [
              25.39397,
              66.43304
            ],
            [
              25.38977,
              66.43309
            ],
            [
              25.38909,
              66.43282
            ],
            [
              25.38511,
              66.436
            ],
            [
              25.38402,
              66.4367
            ],
            [
              25.38289,
              66.43715
            ],
            [
              25.37562,
              66.43934
            ],
            [
              25.35953,
              66.44229
            ],
            [
              25.35887,
              66.44262
            ],
            [
              25.35508,
              66.4457
            ],
            [
              25.35431,
              66.4461
            ],
            [
              25.33818,
              66.44896
            ],
            [
              25.33322,
              66.45025
            ],
            [
              25.32674,
              66.45286
            ],
            [
              25.32347,
              66.45518
            ],
            [
              25.32061,
              66.45599
            ],
            [
              25.31874,
              66.45677
            ],
            [
              25.31572,
              66.45738
            ],
            [
              25.31437,
              66.45786
            ],
            [
              25.30153,
              66.464428
            ],
            [
              25.29512,
              66.46622
            ],
            [
              25.29347,
              66.46643
            ],
            [
              25.27103,
              66.46678
            ],
            [
              25.26588,
              66.46753
            ],
            [
              25.25022,
              66.46711
            ],
            [
              25.24551,
              66.46727
            ],
            [
              25.23349,
              66.469578
            ],
            [
              25.21946,
              66.473608
            ],
            [
              25.2173,
              66.474019
            ],
            [
              25.21306,
              66.47413
            ],
            [
              25.17358,
              66.47701
            ],
            [
              25.17155,
              66.477548
            ],
            [
              25.16235,
              66.48148
            ],
            [
              25.15789,
              66.48268
            ],
            [
              25.1511,
              66.48564
            ],
            [
              25.1351,
              66.48941
            ],
            [
              25.12916,
              66.49051
            ],
            [
              25.12529,
              66.490939
            ],
            [
              25.10855,
              66.49126
            ],
            [
              25.1005,
              66.49259
            ],
            [
              25.08912,
              66.493798
            ],
            [
              25.08824,
              66.494209
            ],
            [
              25.08666,
              66.496359
            ],
            [
              25.07418,
              66.50064
            ],
            [
              25.0618,
              66.50878
            ],
            [
              25.05598,
              66.51029
            ],
            [
              25.05504,
              66.51066
            ],
            [
              25.04465,
              66.51638
            ],
            [
              25.03007,
              66.51971
            ],
            [
              25.01981,
              66.52087
            ],
            [
              25.01712,
              66.521339
            ],
            [
              25.00883,
              66.52386
            ],
            [
              25.00784,
              66.524
            ],
            [
              24.98524,
              66.52305
            ],
            [
              24.95775,
              66.52652
            ],
            [
              24.94849,
              66.52619
            ],
            [
              24.94558,
              66.52625
            ],
            [
              24.91726,
              66.532489
            ],
            [
              24.91316,
              66.53281
            ],
            [
              24.90696,
              66.53269
            ],
            [
              24.89348,
              66.53351
            ],
            [
              24.88929,
              66.53027
            ],
            [
              24.88751,
              66.52865
            ],
            [
              24.88732,
              66.527879
            ],
            [
              24.88746,
              66.52381
            ],
            [
              24.88706,
              66.523129
            ],
            [
              24.88591,
              66.522369
            ],
            [
              24.8848,
              66.52198
            ],
            [
              24.88214,
              66.52135
            ],
            [
              24.87735,
              66.52063
            ],
            [
              24.8752,
              66.51985
            ],
            [
              24.86998,
              66.51524
            ],
            [
              24.8655,
              66.51312
            ],
            [
              24.85318,
              66.5014
            ],
            [
              24.85179,
              66.50038
            ],
            [
              24.85032,
              66.49969
            ],
            [
              24.84826,
              66.499129
            ],
            [
              24.84571,
              66.49874
            ],
            [
              24.83022,
              66.497
            ],
            [
              24.82792,
              66.49708
            ],
            [
              24.82374,
              66.497699
            ],
            [
              24.82157,
              66.49769
            ],
            [
              24.79964,
              66.49532
            ],
            [
              24.79849,
              66.49495
            ],
            [
              24.79712,
              66.49413
            ],
            [
              24.79633,
              66.49355
            ],
            [
              24.79505,
              66.4922
            ],
            [
              24.79434,
              66.49184
            ],
            [
              24.79295,
              66.49154
            ],
            [
              24.78236,
              66.4902
            ],
            [
              24.77963,
              66.49066
            ],
            [
              24.77427,
              66.492
            ],
            [
              24.7702,
              66.49267
            ],
            [
              24.76174,
              66.49571
            ],
            [
              24.76044,
              66.49629
            ],
            [
              24.75948,
              66.498549
            ],
            [
              24.75914,
              66.498999
            ],
            [
              24.7572,
              66.49992
            ],
            [
              24.74752,
              66.50147
            ],
            [
              24.74631,
              66.50192
            ],
            [
              24.74491,
              66.50281
            ],
            [
              24.74446,
              66.5038
            ],
            [
              24.74247,
              66.50592
            ],
            [
              24.74192,
              66.509339
            ],
            [
              24.74095,
              66.51048
            ],
            [
              24.7358,
              66.51491
            ],
            [
              24.72981,
              66.51831
            ],
            [
              24.71402,
              66.51887
            ],
            [
              24.71065,
              66.518029
            ],
            [
              24.70559,
              66.51732
            ],
            [
              24.70286,
              66.517889
            ],
            [
              24.69708,
              66.5185
            ],
            [
              24.69456,
              66.51904
            ],
            [
              24.69171,
              66.52015
            ],
            [
              24.69017,
              66.52119
            ],
            [
              24.68893,
              66.52231
            ],
            [
              24.68597,
              66.52355
            ],
            [
              24.68524,
              66.52439
            ],
            [
              24.68476,
              66.524699
            ],
            [
              24.68235,
              66.52504
            ],
            [
              24.67754,
              66.525
            ],
            [
              24.67585,
              66.52538
            ],
            [
              24.67387,
              66.52655
            ],
            [
              24.67274,
              66.52807
            ],
            [
              24.67209,
              66.52834
            ],
            [
              24.66563,
              66.529579
            ],
            [
              24.66089,
              66.52883
            ],
            [
              24.65514,
              66.52889
            ],
            [
              24.6522,
              66.52959
            ],
            [
              24.65012,
              66.529669
            ],
            [
              24.64833,
              66.530379
            ],
            [
              24.648812,
              66.530588
            ]
          ],
          [
            [
              25.71464,
              66.49642
            ],
            [
              25.70968,
              66.49284
            ],
            [
              25.70725,
              66.49198
            ],
            [
              25.6995,
              66.486999
            ],
            [
              25.69899,
              66.48697
            ],
            [
              25.69772,
              66.48629
            ],
            [
              25.6975,
              66.48634
            ],
            [
              25.69382,
              66.484128
            ],
            [
              25.69261,
              66.48375
            ],
            [
              25.67915,
              66.48308
            ],
            [
              25.67262,
              66.48305
            ],
            [
              25.66876,
              66.4833
            ],
            [
              25.65711,
              66.484719
            ],
            [
              25.65593,
              66.48469
            ],
            [
              25.65129,
              66.48504
            ],
            [
              25.65059,
              66.485209
            ],
            [
              25.64581,
              66.484719
            ],
            [
              25.64102,
              66.48366
            ],
            [
              25.63119,
              66.47977
            ],
            [
              25.62516,
              66.47763
            ],
            [
              25.62388,
              66.47671
            ],
            [
              25.62231,
              66.475939
            ],
            [
              25.62124,
              66.4752
            ],
            [
              25.61902,
              66.4736
            ],
            [
              25.61859,
              66.47266
            ],
            [
              25.61751,
              66.471909
            ],
            [
              25.61631,
              66.47156
            ],
            [
              25.60939,
              66.466488
            ],
            [
              25.60622,
              66.46492
            ],
            [
              25.59808,
              66.46203
            ],
            [
              25.59832,
              66.461878
            ],
            [
              25.59818,
              66.46178
            ],
            [
              25.597209,
              66.461972
            ]
          ],
          [
            [
              25.789359,
              66.595143
            ],
            [
              25.79079,
              66.5948
            ],
            [
              25.79163,
              66.59475
            ],
            [
              25.79147,
              66.59376
            ],
            [
              25.79195,
              66.592969
            ],
            [
              25.79445,
              66.59129
            ],
            [
              25.79547,
              66.59026
            ],
            [
              25.79775,
              66.584419
            ],
            [
              25.79912,
              66.58033
            ],
            [
              25.79938,
              66.579319
            ],
            [
              25.79938,
              66.578289
            ],
            [
              25.79679,
              66.56735
            ],
            [
              25.79555,
              66.56294
            ],
            [
              25.79457,
              66.56134
            ],
            [
              25.78744,
              66.55139
            ],
            [
              25.79225,
              66.55077
            ],
            [
              25.79436,
              66.55082
            ],
            [
              25.79978,
              66.55043
            ],
            [
              25.80401,
              66.54958
            ],
            [
              25.80755,
              66.54924
            ],
            [
              25.82204,
              66.54893
            ],
            [
              25.83034,
              66.5494
            ],
            [
              25.83044,
              66.549229
            ],
            [
              25.8301,
              66.54872
            ],
            [
              25.83073,
              66.54715
            ],
            [
              25.83117,
              66.54388
            ],
            [
              25.831543,
              66.542703
            ],
            [
              25.83327,
              66.54267
            ],
            [
              25.83419,
              66.54286
            ],
            [
              25.83638,
              66.5429
            ],
            [
              25.84441,
              66.543718
            ],
            [
              25.8444,
              66.5436
            ],
            [
              25.84441,
              66.543718
            ],
            [
              25.83638,
              66.5429
            ],
            [
              25.83419,
              66.54286
            ],
            [
              25.83327,
              66.54267
            ],
            [
              25.83108,
              66.54268
            ],
            [
              25.82632,
              66.54204
            ],
            [
              25.82273,
              66.54222
            ],
            [
              25.82023,
              66.54196
            ],
            [
              25.817,
              66.54197
            ],
            [
              25.81739,
              66.54124
            ],
            [
              25.81761,
              66.540099
            ],
            [
              25.81846,
              66.53857
            ],
            [
              25.81911,
              66.53785
            ],
            [
              25.82034,
              66.53693
            ],
            [
              25.82444,
              66.53474
            ],
            [
              25.82585,
              66.53308
            ],
            [
              25.82595,
              66.53215
            ],
            [
              25.8264,
              66.53144
            ],
            [
              25.82562,
              66.53019
            ],
            [
              25.82392,
              66.528898
            ],
            [
              25.82399,
              66.5287
            ],
            [
              25.82317,
              66.52688
            ],
            [
              25.82301,
              66.526129
            ],
            [
              25.82298,
              66.52395
            ],
            [
              25.82359,
              66.52267
            ],
            [
              25.82338,
              66.52191
            ],
            [
              25.82268,
              66.52123
            ],
            [
              25.81889,
              66.519318
            ],
            [
              25.81467,
              66.51913
            ],
            [
              25.80254,
              66.517438
            ],
            [
              25.79333,
              66.516679
            ],
            [
              25.78833,
              66.5156
            ],
            [
              25.78436,
              66.51553
            ],
            [
              25.78437,
              66.51526
            ],
            [
              25.78494,
              66.515198
            ],
            [
              25.7855,
              66.51475
            ],
            [
              25.78537,
              66.51425
            ],
            [
              25.78064,
              66.51114
            ],
            [
              25.77987,
              66.51078
            ],
            [
              25.77847,
              66.51035
            ],
            [
              25.77411,
              66.509609
            ],
            [
              25.76571,
              66.508939
            ],
            [
              25.75862,
              66.50794
            ],
            [
              25.75431,
              66.50693
            ],
            [
              25.74985,
              66.50564
            ],
            [
              25.74839,
              66.504419
            ],
            [
              25.74766,
              66.50318
            ],
            [
              25.74669,
              66.502399
            ],
            [
              25.74568,
              66.50239
            ],
            [
              25.73828,
              66.50375
            ],
            [
              25.73905,
              66.50305
            ],
            [
              25.73387,
              66.49682
            ],
            [
              25.73385,
              66.49632
            ],
            [
              25.73054,
              66.49593
            ],
            [
              25.73071,
              66.49561
            ],
            [
              25.72853,
              66.49557
            ],
            [
              25.72451,
              66.495819
            ],
            [
              25.71658,
              66.49702
            ]
          ]
        ]
      }
    },
    {
      "type": "Feature",
      "properties": {
        "lipas_id": 615215,
        "name_fi": "EuroVelo 11 - Itä-Euroopan reitti",
        "name_en": "EuroVelo 11 - East Europe Route",
        "type_code": 4412,
        "surface": "Asfaltti,Sora",
        "length_km": 1592.56,
        "owner": "Rekisteröity yhdistys",
        "maintainer": "Rekisteröity yhdistys",
        "www": null,
        "note": null,
        "modified": "2026-08-17T13:09:33.072Z"
      },
      "geometry": {
        "type": "MultiLineString",
        "coordinates": [
          [
            [
              26.010604,
              69.401171
            ],
            [
              26.063218,
              69.395614
            ],
            [
              26.154478,
              69.390464
            ],
            [
              26.188552,
              69.386301
            ],
            [
              26.248484,
              69.383147
            ],
            [
              26.275778,
              69.376431
            ],
            [
              26.40918,
              69.36347
            ],
            [
              26.472051,
              69.35508
            ],
            [
              26.481707,
              69.352269
            ],
            [
              26.541746,
              69.346862
            ],
            [
              26.574533,
              69.333901
            ],
            [
              26.631653,
              69.319139
            ],
            [
              26.657531,
              69.310491
            ],
            [
              26.68577,
              69.304161
            ],
            [
              26.722462,
              69.292295
            ],
            [
              26.771386,
              69.283004
            ],
            [
              26.815116,
              69.261761
            ],
            [
              26.822004,
              69.244745
            ],
            [
              26.851294,
              69.223373
            ],
            [
              26.860414,
              69.212258
            ],
            [
              26.908264,
              69.202301
            ],
            [
              26.939785,
              69.188697
            ],
            [
              26.977508,
              69.183805
            ],
            [
              27.031538,
              69.171875
            ],
            [
              27.059433,
              69.159193
            ],
            [
              27.118399,
              69.143872
            ],
            [
              27.1979,
              69.136255
            ],
            [
              27.225087,
              69.136577
            ],
            [
              27.233112,
              69.129882
            ],
            [
              27.228777,
              69.123573
            ],
            [
              27.235644,
              69.120719
            ],
            [
              27.226653,
              69.119539
            ],
            [
              27.220709,
              69.120398
            ],
            [
              27.216203,
              69.118896
            ],
            [
              27.210646,
              69.111235
            ],
            [
              27.191827,
              69.101064
            ],
            [
              27.18451,
              69.088747
            ],
            [
              27.187257,
              69.08407
            ],
            [
              27.178566,
              69.079134
            ],
            [
              27.176013,
              69.073985
            ],
            [
              27.142389,
              69.062033
            ],
            [
              27.116811,
              69.047806
            ],
            [
              27.107542,
              69.046304
            ],
            [
              27.080612,
              69.04566
            ],
            [
              27.051408,
              69.036305
            ],
            [
              27.026839,
              69.026692
            ],
            [
              27.019587,
              69.018023
            ],
            [
              26.984653,
              69.002895
            ],
            [
              26.984568,
              68.998711
            ],
            [
              26.995811,
              68.990021
            ],
            [
              26.991756,
              68.975236
            ],
            [
              26.958261,
              68.960495
            ],
            [
              26.949334,
              68.954294
            ],
            [
              26.95575,
              68.945174
            ],
            [
              26.946952,
              68.933866
            ],
            [
              26.970663,
              68.919511
            ],
            [
              27.012355,
              68.910434
            ],
            [
              27.015888,
              68.907001
            ],
            [
              27.028277,
              68.906089
            ],
            [
              27.036389,
              68.902164
            ],
            [
              27.04682,
              68.900625
            ],
            [
              27.07529,
              68.900703
            ],
            [
              27.094545,
              68.896164
            ],
            [
              27.101599,
              68.889231
            ],
            [
              27.114745,
              68.882852
            ],
            [
              27.158932,
              68.871692
            ],
            [
              27.175935,
              68.864163
            ],
            [
              27.198172,
              68.860152
            ],
            [
              27.241184,
              68.842921
            ],
            [
              27.271727,
              68.836378
            ],
            [
              27.282366,
              68.828082
            ],
            [
              27.312428,
              68.816642
            ],
            [
              27.320566,
              68.815482
            ],
            [
              27.330056,
              68.817173
            ],
            [
              27.340071,
              68.815662
            ],
            [
              27.384198,
              68.79671
            ],
            [
              27.393667,
              68.783644
            ],
            [
              27.407635,
              68.782792
            ],
            [
              27.417815,
              68.780289
            ],
            [
              27.425934,
              68.774526
            ],
            [
              27.450226,
              68.767562
            ],
            [
              27.458796,
              68.762548
            ],
            [
              27.457073,
              68.748544
            ],
            [
              27.444846,
              68.740478
            ],
            [
              27.445343,
              68.733468
            ],
            [
              27.438266,
              68.725301
            ],
            [
              27.43903,
              68.721435
            ],
            [
              27.453865,
              68.713031
            ],
            [
              27.458883,
              68.697244
            ],
            [
              27.4996,
              68.677334
            ],
            [
              27.535394,
              68.664901
            ],
            [
              27.543663,
              68.650542
            ],
            [
              27.54468,
              68.629821
            ],
            [
              27.53737,
              68.618887
            ],
            [
              27.524385,
              68.613371
            ],
            [
              27.510685,
              68.610082
            ],
            [
              27.493141,
              68.608365
            ],
            [
              27.482695,
              68.604692
            ],
            [
              27.47774,
              68.596378
            ],
            [
              27.467625,
              68.588283
            ],
            [
              27.472134,
              68.58125
            ],
            [
              27.488366,
              68.571667
            ],
            [
              27.499136,
              68.561768
            ],
            [
              27.523714,
              68.549022
            ],
            [
              27.52784,
              68.530378
            ],
            [
              27.525979,
              68.517751
            ],
            [
              27.514527,
              68.510063
            ],
            [
              27.492934,
              68.505182
            ],
            [
              27.45904,
              68.492911
            ],
            [
              27.449407,
              68.482771
            ],
            [
              27.432403,
              68.474391
            ],
            [
              27.42897,
              68.467645
            ],
            [
              27.433155,
              68.459748
            ],
            [
              27.422094,
              68.453489
            ],
            [
              27.425124,
              68.445986
            ],
            [
              27.405083,
              68.435134
            ],
            [
              27.40996,
              68.4131
            ],
            [
              27.3996,
              68.40066
            ],
            [
              27.3982,
              68.39472
            ],
            [
              27.4014,
              68.39241
            ],
            [
              27.37974,
              68.38413
            ],
            [
              27.33969,
              68.35997
            ],
            [
              27.33274,
              68.34841
            ],
            [
              27.33643,
              68.34304
            ],
            [
              27.33516,
              68.33697
            ],
            [
              27.32114,
              68.31999
            ],
            [
              27.2967,
              68.30322
            ],
            [
              27.27907,
              68.26849
            ],
            [
              27.22932,
              68.24102
            ],
            [
              27.18819,
              68.22667
            ],
            [
              27.17581,
              68.21978
            ],
            [
              27.11528,
              68.2095
            ],
            [
              27.10296,
              68.204
            ],
            [
              27.09111,
              68.18746
            ],
            [
              27.0923,
              68.18379
            ],
            [
              27.09913,
              68.18102
            ],
            [
              27.0936,
              68.17904
            ],
            [
              27.09395,
              68.17723
            ],
            [
              27.1017,
              68.16877
            ],
            [
              27.09578,
              68.1447
            ],
            [
              27.10443,
              68.12774
            ],
            [
              27.12674,
              68.10607
            ],
            [
              27.11846,
              68.09413
            ],
            [
              27.09077,
              68.07479
            ],
            [
              27.07137,
              68.04693
            ],
            [
              27.03077,
              68.03341
            ],
            [
              26.95397,
              68.02156
            ],
            [
              26.89581,
              68.00109
            ],
            [
              26.88439,
              67.99153
            ],
            [
              26.86819,
              67.98323
            ],
            [
              26.84468,
              67.9747
            ],
            [
              26.8158,
              67.96885
            ],
            [
              26.77789,
              67.95356
            ],
            [
              26.77003,
              67.94371
            ],
            [
              26.76784,
              67.93334
            ],
            [
              26.75174,
              67.92393
            ],
            [
              26.7484,
              67.91486
            ],
            [
              26.75261,
              67.90811
            ],
            [
              26.75248,
              67.89827
            ],
            [
              26.74495,
              67.88441
            ],
            [
              26.73246,
              67.87144
            ],
            [
              26.729,
              67.85637
            ],
            [
              26.73128,
              67.84577
            ],
            [
              26.72201,
              67.84112
            ],
            [
              26.719679,
              67.837326
            ],
            [
              26.751432,
              67.826803
            ],
            [
              26.774324,
              67.810565
            ],
            [
              26.780913,
              67.8027
            ],
            [
              26.760338,
              67.764758
            ],
            [
              26.763986,
              67.752474
            ],
            [
              26.750379,
              67.71964
            ],
            [
              26.754466,
              67.706099
            ],
            [
              26.751077,
              67.694457
            ],
            [
              26.719521,
              67.657231
            ],
            [
              26.72206,
              67.64974
            ],
            [
              26.745054,
              67.621989
            ],
            [
              26.739711,
              67.598683
            ],
            [
              26.739405,
              67.567754
            ],
            [
              26.686385,
              67.539938
            ],
            [
              26.678398,
              67.531761
            ],
            [
              26.650105,
              67.524036
            ],
            [
              26.634481,
              67.515876
            ],
            [
              26.617242,
              67.512051
            ],
            [
              26.626933,
              67.502864
            ],
            [
              26.627091,
              67.495452
            ],
            [
              26.620697,
              67.487047
            ],
            [
              26.604608,
              67.481441
            ],
            [
              26.60098,
              67.473319
            ],
            [
              26.577907,
              67.448846
            ],
            [
              26.572185,
              67.436444
            ],
            [
              26.593166,
              67.416065
            ],
            [
              26.599842,
              67.415784
            ],
            [
              26.593102,
              67.415199
            ],
            [
              26.570735,
              67.407341
            ],
            [
              26.566986,
              67.397814
            ],
            [
              26.597239,
              67.384491
            ],
            [
              26.604235,
              67.374406
            ],
            [
              26.631268,
              67.348522
            ],
            [
              26.656358,
              67.336432
            ],
            [
              26.665489,
              67.326329
            ],
            [
              26.677403,
              67.318653
            ],
            [
              26.684302,
              67.299978
            ],
            [
              26.693734,
              67.289004
            ],
            [
              26.686363,
              67.276798
            ],
            [
              26.680663,
              67.266111
            ],
            [
              26.678603,
              67.249181
            ],
            [
              26.66708,
              67.23738
            ],
            [
              26.629465,
              67.209206
            ],
            [
              26.634207,
              67.20309
            ],
            [
              26.642683,
              67.202425
            ],
            [
              26.652145,
              67.194636
            ],
            [
              26.641073,
              67.193434
            ],
            [
              26.64736,
              67.151163
            ],
            [
              26.645365,
              67.113612
            ],
            [
              26.624787,
              67.093055
            ],
            [
              26.609209,
              67.087261
            ],
            [
              26.578159,
              67.083464
            ],
            [
              26.50883,
              67.058443
            ],
            [
              26.488359,
              67.052994
            ],
            [
              26.429694,
              67.026708
            ],
            [
              26.394675,
              67.019284
            ],
            [
              26.379204,
              67.009519
            ],
            [
              26.370428,
              66.999371
            ],
            [
              26.297064,
              66.967935
            ],
            [
              26.294703,
              66.957764
            ],
            [
              26.299467,
              66.950661
            ],
            [
              26.282022,
              66.939696
            ],
            [
              26.253269,
              66.929569
            ],
            [
              26.217263,
              66.927102
            ],
            [
              26.204367,
              66.922853
            ],
            [
              26.200547,
              66.896353
            ],
            [
              26.180377,
              66.881997
            ],
            [
              26.188724,
              66.866654
            ],
            [
              26.192286,
              66.842644
            ],
            [
              26.210847,
              66.82539
            ],
            [
              26.221597,
              66.796296
            ],
            [
              26.23518,
              66.784408
            ],
            [
              26.237197,
              66.760676
            ],
            [
              26.240673,
              66.754174
            ],
            [
              26.26065,
              66.744946
            ],
            [
              26.277151,
              66.732759
            ],
            [
              26.280992,
              66.726344
            ],
            [
              26.276679,
              66.718833
            ],
            [
              26.259534,
              66.707783
            ],
            [
              26.252797,
              66.699586
            ],
            [
              26.234901,
              66.692805
            ],
            [
              26.200247,
              66.671476
            ],
            [
              26.194668,
              66.650298
            ],
            [
              26.203895,
              66.636543
            ],
            [
              26.204925,
              66.624227
            ],
            [
              26.199775,
              66.622252
            ],
            [
              26.155078,
              66.614699
            ],
            [
              26.09107,
              66.60661
            ],
            [
              26.041932,
              66.587641
            ],
            [
              25.987,
              66.570475
            ],
            [
              25.945973,
              66.566248
            ],
            [
              25.93091,
              66.56245
            ],
            [
              25.910525,
              66.560475
            ],
            [
              25.897822,
              66.553202
            ],
            [
              25.88836,
              66.550562
            ],
            [
              25.873983,
              66.548417
            ],
            [
              25.869069,
              66.551764
            ],
            [
              25.855122,
              66.555412
            ],
            [
              25.843019,
              66.550518
            ],
            [
              25.829909,
              66.549361
            ],
            [
              25.818086,
              66.543417
            ],
            [
              25.821798,
              66.536314
            ],
            [
              25.805039,
              66.530176
            ],
            [
              25.807679,
              66.529255
            ],
            [
              25.803173,
              66.526959
            ],
            [
              25.792358,
              66.526765
            ],
            [
              25.784719,
              66.524749
            ],
            [
              25.779612,
              66.518912
            ],
            [
              25.785642,
              66.514512
            ],
            [
              25.780964,
              66.511273
            ],
            [
              25.74955,
              66.505244
            ],
            [
              25.74086,
              66.496317
            ],
            [
              25.75043,
              66.49312
            ],
            [
              25.751953,
              66.490803
            ],
            [
              25.755966,
              66.490629
            ],
            [
              25.745173,
              66.481791
            ],
            [
              25.745344,
              66.473873
            ],
            [
              25.705497,
              66.476791
            ],
            [
              25.693352,
              66.475094
            ],
            [
              25.678182,
              66.46677
            ],
            [
              25.658033,
              66.449839
            ],
            [
              25.627863,
              66.434518
            ],
            [
              25.620718,
              66.432781
            ],
            [
              25.593381,
              66.431687
            ],
            [
              25.583897,
              66.42143
            ],
            [
              25.576086,
              66.417953
            ],
            [
              25.562375,
              66.41643
            ],
            [
              25.536883,
              66.419585
            ],
            [
              25.54553,
              66.430142
            ],
            [
              25.542634,
              66.434605
            ],
            [
              25.540625,
              66.435658
            ],
            [
              25.539153,
              66.436501
            ],
            [
              25.53563,
              66.438289
            ],
            [
              25.533235,
              66.437695
            ],
            [
              25.525146,
              66.43394
            ],
            [
              25.489461,
              66.431279
            ],
            [
              25.457039,
              66.432395
            ],
            [
              25.43453,
              66.43085
            ],
            [
              25.427127,
              66.428854
            ],
            [
              25.40273,
              66.410185
            ],
            [
              25.405176,
              66.407675
            ],
            [
              25.401099,
              66.393321
            ],
            [
              25.388675,
              66.390574
            ],
            [
              25.380907,
              66.393063
            ],
            [
              25.379555,
              66.391947
            ],
            [
              25.377452,
              66.383729
            ],
            [
              25.372539,
              66.382205
            ],
            [
              25.37462,
              66.377442
            ],
            [
              25.37138,
              66.368773
            ],
            [
              25.375607,
              66.367636
            ],
            [
              25.341489,
              66.343818
            ],
            [
              25.36196,
              66.314871
            ],
            [
              25.349536,
              66.290903
            ],
            [
              25.32958,
              66.274316
            ],
            [
              25.332456,
              66.267707
            ],
            [
              25.342991,
              66.259316
            ],
            [
              25.346382,
              66.24404
            ],
            [
              25.322521,
              66.223247
            ],
            [
              25.302458,
              66.212175
            ],
            [
              25.272996,
              66.183743
            ],
            [
              25.256281,
              66.176062
            ],
            [
              25.243793,
              66.174216
            ],
            [
              25.211585,
              66.173829
            ],
            [
              25.156889,
              66.166878
            ],
            [
              25.130818,
              66.16544
            ],
            [
              25.106013,
              66.162071
            ],
            [
              25.082817,
              66.157005
            ],
            [
              25.053871,
              66.156063
            ],
            [
              25.027263,
              66.152457
            ],
            [
              24.998424,
              66.152716
            ],
            [
              24.982052,
              66.150977
            ],
            [
              24.929695,
              66.13645
            ],
            [
              24.859185,
              66.124691
            ],
            [
              24.783912,
              66.096239
            ],
            [
              24.769235,
              66.085122
            ],
            [
              24.78183,
              66.083
            ],
            [
              24.774857,
              66.073814
            ],
            [
              24.780543,
              66.058259
            ],
            [
              24.773891,
              66.045299
            ],
            [
              24.719903,
              66.02135
            ],
            [
              24.715655,
              66.015623
            ],
            [
              24.709754,
              66.01721
            ],
            [
              24.706085,
              66.009185
            ],
            [
              24.69291,
              65.995946
            ],
            [
              24.67452,
              65.982535
            ],
            [
              24.669006,
              65.971828
            ],
            [
              24.646475,
              65.946484
            ],
            [
              24.575987,
              65.903504
            ],
            [
              24.564378,
              65.886146
            ],
            [
              24.547749,
              65.874601
            ],
            [
              24.537964,
              65.857479
            ],
            [
              24.51936,
              65.845096
            ],
            [
              24.516656,
              65.845399
            ],
            [
              24.511335,
              65.838897
            ],
            [
              24.524231,
              65.827287
            ],
            [
              24.526806,
              65.82128
            ],
            [
              24.536762,
              65.818191
            ],
            [
              24.538844,
              65.812397
            ],
            [
              24.539406,
              65.812056
            ],
            [
              24.53992,
              65.811708
            ],
            [
              24.540712,
              65.811445
            ],
            [
              24.546267,
              65.81016
            ],
            [
              24.54624,
              65.8101
            ],
            [
              24.54611,
              65.80978
            ],
            [
              24.54614,
              65.80889
            ],
            [
              24.5459,
              65.807379
            ],
            [
              24.54591,
              65.80717
            ],
            [
              24.54561,
              65.8054
            ],
            [
              24.54524,
              65.80499
            ],
            [
              24.54523,
              65.80467
            ],
            [
              24.54532,
              65.80391
            ],
            [
              24.54522,
              65.80306
            ],
            [
              24.54498,
              65.80213
            ],
            [
              24.5449,
              65.80162
            ],
            [
              24.54466,
              65.801328
            ],
            [
              24.54458,
              65.801
            ],
            [
              24.54474,
              65.80024
            ],
            [
              24.54465,
              65.79915
            ],
            [
              24.54456,
              65.79866
            ],
            [
              24.54425,
              65.79812
            ],
            [
              24.54419,
              65.79773
            ],
            [
              24.54414,
              65.79629
            ],
            [
              24.54357,
              65.79528
            ],
            [
              24.5432,
              65.794799
            ],
            [
              24.54285,
              65.79441
            ],
            [
              24.54178,
              65.7936
            ],
            [
              24.54168,
              65.79357
            ],
            [
              24.54157,
              65.79339
            ],
            [
              24.54434,
              65.79321
            ],
            [
              24.54475,
              65.79311
            ],
            [
              24.54525,
              65.79293
            ],
            [
              24.54797,
              65.79127
            ],
            [
              24.54911,
              65.79082
            ],
            [
              24.54999,
              65.79058
            ],
            [
              24.55074,
              65.790409
            ],
            [
              24.5529,
              65.79011
            ],
            [
              24.55769,
              65.78964
            ],
            [
              24.55787,
              65.78957
            ],
            [
              24.55796,
              65.78948
            ],
            [
              24.55801,
              65.78917
            ],
            [
              24.55792,
              65.78895
            ],
            [
              24.55798,
              65.7889
            ],
            [
              24.55972,
              65.78861
            ],
            [
              24.56083,
              65.788
            ],
            [
              24.56128,
              65.7877
            ],
            [
              24.56137,
              65.78729
            ],
            [
              24.56135,
              65.78704
            ],
            [
              24.56124,
              65.78677
            ],
            [
              24.56083,
              65.786108
            ],
            [
              24.56041,
              65.78546
            ],
            [
              24.56003,
              65.784988
            ],
            [
              24.55976,
              65.784
            ],
            [
              24.5597,
              65.783339
            ],
            [
              24.55975,
              65.78322
            ],
            [
              24.55988,
              65.78185
            ],
            [
              24.5601,
              65.78049
            ],
            [
              24.56045,
              65.77736
            ],
            [
              24.5615,
              65.7757
            ],
            [
              24.56163,
              65.77527
            ],
            [
              24.56215,
              65.77466
            ],
            [
              24.56219,
              65.77454
            ],
            [
              24.56201,
              65.77387
            ],
            [
              24.5619,
              65.773759
            ],
            [
              24.5613,
              65.77343
            ],
            [
              24.56118,
              65.7733
            ],
            [
              24.56109,
              65.77305
            ],
            [
              24.56127,
              65.77178
            ],
            [
              24.5615,
              65.769459
            ],
            [
              24.56166,
              65.76902
            ],
            [
              24.56181,
              65.76724
            ],
            [
              24.56225,
              65.76336
            ],
            [
              24.56232,
              65.76311
            ],
            [
              24.56238,
              65.761579
            ],
            [
              24.56244,
              65.76133
            ],
            [
              24.56238,
              65.76038
            ],
            [
              24.56248,
              65.76013
            ],
            [
              24.56293,
              65.7595
            ],
            [
              24.56286,
              65.75931
            ],
            [
              24.56179,
              65.75824
            ],
            [
              24.56173,
              65.75799
            ],
            [
              24.5616,
              65.75792
            ],
            [
              24.56168,
              65.75767
            ],
            [
              24.56231,
              65.7573
            ],
            [
              24.56261,
              65.75659
            ],
            [
              24.5628,
              65.7564
            ],
            [
              24.56323,
              65.756159
            ],
            [
              24.56379,
              65.75593
            ],
            [
              24.56547,
              65.75548
            ],
            [
              24.56612,
              65.75516
            ],
            [
              24.56653,
              65.75484
            ],
            [
              24.56695,
              65.754
            ],
            [
              24.56717,
              65.7534
            ],
            [
              24.56721,
              65.75317
            ],
            [
              24.56734,
              65.75302
            ],
            [
              24.56812,
              65.75111
            ],
            [
              24.56851,
              65.750299
            ],
            [
              24.56863,
              65.74947
            ],
            [
              24.56892,
              65.74901
            ],
            [
              24.56916,
              65.74841
            ],
            [
              24.56925,
              65.745948
            ],
            [
              24.56922,
              65.74572
            ],
            [
              24.56913,
              65.7455
            ],
            [
              24.56885,
              65.745059
            ],
            [
              24.56861,
              65.7448
            ],
            [
              24.56759,
              65.74395
            ],
            [
              24.56636,
              65.74312
            ],
            [
              24.56589,
              65.74298
            ],
            [
              24.56575,
              65.74259
            ],
            [
              24.56531,
              65.742149
            ],
            [
              24.56478,
              65.74065
            ],
            [
              24.56461,
              65.74056
            ],
            [
              24.56466,
              65.74025
            ],
            [
              24.56483,
              65.739768
            ],
            [
              24.56497,
              65.73954
            ],
            [
              24.5656,
              65.73898
            ],
            [
              24.56618,
              65.73864
            ],
            [
              24.56621,
              65.73855
            ],
            [
              24.56646,
              65.73844
            ],
            [
              24.56672,
              65.738429
            ],
            [
              24.56737,
              65.73814
            ],
            [
              24.56845,
              65.73756
            ],
            [
              24.56862,
              65.73752
            ],
            [
              24.5715,
              65.73622
            ],
            [
              24.57163,
              65.73612
            ],
            [
              24.57367,
              65.73524
            ],
            [
              24.57422,
              65.734939
            ],
            [
              24.57659,
              65.73299
            ],
            [
              24.57662,
              65.73283
            ],
            [
              24.57657,
              65.73254
            ],
            [
              24.57624,
              65.732338
            ],
            [
              24.57602,
              65.73228
            ],
            [
              24.57637,
              65.73204
            ],
            [
              24.57748,
              65.73157
            ],
            [
              24.57561,
              65.73123
            ],
            [
              24.57527,
              65.73124
            ],
            [
              24.57429,
              65.73108
            ],
            [
              24.57415,
              65.73102
            ],
            [
              24.57411,
              65.73093
            ],
            [
              24.57417,
              65.73052
            ],
            [
              24.593954,
              65.722198
            ],
            [
              24.60055,
              65.723513
            ],
            [
              24.632444,
              65.715361
            ],
            [
              24.684633,
              65.695306
            ],
            [
              24.687596,
              65.69358
            ],
            [
              24.685509,
              65.691872
            ],
            [
              24.714796,
              65.68594
            ],
            [
              24.734202,
              65.679111
            ],
            [
              24.760122,
              65.676471
            ],
            [
              24.760853,
              65.677809
            ],
            [
              24.810086,
              65.67824
            ],
            [
              24.81475,
              65.676863
            ],
            [
              24.838729,
              65.675758
            ],
            [
              24.854932,
              65.678999
            ],
            [
              24.918708,
              65.674797
            ],
            [
              24.93338,
              65.675009
            ],
            [
              24.936185,
              65.67164
            ],
            [
              24.918087,
              65.667595
            ],
            [
              24.918292,
              65.661559
            ],
            [
              24.909325,
              65.655778
            ],
            [
              24.918941,
              65.653678
            ],
            [
              24.936856,
              65.653864
            ],
            [
              24.941649,
              65.65508
            ],
            [
              24.958792,
              65.654435
            ],
            [
              24.965145,
              65.65169
            ],
            [
              24.973893,
              65.641934
            ],
            [
              24.985323,
              65.641206
            ],
            [
              25.008828,
              65.646294
            ],
            [
              25.017074,
              65.645483
            ],
            [
              25.062716,
              65.660123
            ],
            [
              25.076433,
              65.658395
            ],
            [
              25.068395,
              65.650486
            ],
            [
              25.072285,
              65.645706
            ],
            [
              25.071904,
              65.634136
            ],
            [
              25.057229,
              65.622198
            ],
            [
              25.066117,
              65.619056
            ],
            [
              25.073283,
              65.619926
            ],
            [
              25.083647,
              65.618578
            ],
            [
              25.08214,
              65.612599
            ],
            [
              25.086422,
              65.609652
            ],
            [
              25.096246,
              65.608836
            ],
            [
              25.108919,
              65.605411
            ],
            [
              25.133526,
              65.607716
            ],
            [
              25.177971,
              65.607102
            ],
            [
              25.185069,
              65.60937
            ],
            [
              25.207253,
              65.604387
            ],
            [
              25.188841,
              65.595826
            ],
            [
              25.19062,
              65.590368
            ],
            [
              25.185248,
              65.585339
            ],
            [
              25.18734,
              65.578209
            ],
            [
              25.190244,
              65.575855
            ],
            [
              25.209545,
              65.573097
            ],
            [
              25.213224,
              65.569717
            ],
            [
              25.218004,
              65.571291
            ],
            [
              25.234639,
              65.562788
            ],
            [
              25.245122,
              65.542731
            ],
            [
              25.242218,
              65.536156
            ],
            [
              25.256204,
              65.52843
            ],
            [
              25.262325,
              65.522391
            ],
            [
              25.266123,
              65.522403
            ],
            [
              25.269101,
              65.519378
            ],
            [
              25.276979,
              65.518339
            ],
            [
              25.284828,
              65.514595
            ],
            [
              25.300384,
              65.502157
            ],
            [
              25.337615,
              65.486661
            ],
            [
              25.351174,
              65.476657
            ],
            [
              25.372649,
              65.466212
            ],
            [
              25.379827,
              65.459576
            ],
            [
              25.379573,
              65.45144
            ],
            [
              25.374033,
              65.452245
            ],
            [
              25.370057,
              65.450867
            ],
            [
              25.361329,
              65.446158
            ],
            [
              25.360674,
              65.443133
            ],
            [
              25.371929,
              65.431
            ],
            [
              25.384381,
              65.427234
            ],
            [
              25.386507,
              65.419011
            ],
            [
              25.381082,
              65.417814
            ],
            [
              25.367022,
              65.408778
            ],
            [
              25.348332,
              65.407376
            ],
            [
              25.342942,
              65.402952
            ],
            [
              25.344533,
              65.399587
            ],
            [
              25.327177,
              65.395098
            ],
            [
              25.319831,
              65.374202
            ],
            [
              25.349107,
              65.366727
            ],
            [
              25.349192,
              65.352839
            ],
            [
              25.368171,
              65.343632
            ],
            [
              25.368785,
              65.336883
            ],
            [
              25.375296,
              65.333579
            ],
            [
              25.380583,
              65.323933
            ],
            [
              25.37335,
              65.3156
            ],
            [
              25.372285,
              65.288148
            ],
            [
              25.352414,
              65.248997
            ],
            [
              25.369003,
              65.220349
            ],
            [
              25.36853,
              65.211527
            ],
            [
              25.362151,
              65.201159
            ],
            [
              25.366373,
              65.189446
            ],
            [
              25.352602,
              65.175236
            ],
            [
              25.347595,
              65.16409
            ],
            [
              25.358338,
              65.128806
            ],
            [
              25.362621,
              65.123588
            ],
            [
              25.376142,
              65.118606
            ],
            [
              25.402895,
              65.099665
            ],
            [
              25.411183,
              65.065346
            ],
            [
              25.427563,
              65.056557
            ],
            [
              25.435803,
              65.049203
            ],
            [
              25.438974,
              65.04145
            ],
            [
              25.447349,
              65.033371
            ],
            [
              25.444641,
              65.031287
            ],
            [
              25.44723,
              65.028504
            ],
            [
              25.461449,
              65.023289
            ],
            [
              25.460957,
              65.01921
            ],
            [
              25.466346,
              65.016667
            ],
            [
              25.46595,
              65.01584
            ],
            [
              25.46583,
              65.0158
            ],
            [
              25.46441,
              65.01486
            ],
            [
              25.46414,
              65.01461
            ],
            [
              25.46283,
              65.01376
            ],
            [
              25.469248,
              65.011016
            ],
            [
              25.48753,
              65.006316
            ],
            [
              25.515275,
              65.005052
            ],
            [
              25.529072,
              64.996145
            ],
            [
              25.563576,
              64.984646
            ],
            [
              25.563533,
              64.983014
            ],
            [
              25.601771,
              64.973209
            ],
            [
              25.62516,
              64.969604
            ],
            [
              25.635931,
              64.963359
            ],
            [
              25.662947,
              64.955698
            ],
            [
              25.674972,
              64.949881
            ],
            [
              25.675285,
              64.949734
            ],
            [
              25.689211,
              64.943231
            ],
            [
              25.711484,
              64.935529
            ],
            [
              25.743456,
              64.928877
            ],
            [
              25.76427,
              64.913471
            ],
            [
              25.788646,
              64.906132
            ],
            [
              25.793924,
              64.906991
            ],
            [
              25.804825,
              64.90347
            ],
            [
              25.798109,
              64.900768
            ],
            [
              25.810168,
              64.891412
            ],
            [
              25.844543,
              64.882829
            ],
            [
              25.865378,
              64.87047
            ],
            [
              25.887351,
              64.862423
            ],
            [
              25.904195,
              64.841223
            ],
            [
              25.918143,
              64.831781
            ],
            [
              25.938098,
              64.823927
            ],
            [
              25.954149,
              64.821718
            ],
            [
              25.992472,
              64.805946
            ],
            [
              26.007321,
              64.804745
            ],
            [
              26.02762,
              64.805882
            ],
            [
              26.055493,
              64.795046
            ],
            [
              26.080706,
              64.792384
            ],
            [
              26.124673,
              64.791055
            ],
            [
              26.147096,
              64.786654
            ],
            [
              26.170678,
              64.787321
            ],
            [
              26.20162,
              64.783759
            ],
            [
              26.232219,
              64.786613
            ],
            [
              26.246274,
              64.786075
            ],
            [
              26.274319,
              64.779574
            ],
            [
              26.298244,
              64.77715
            ],
            [
              26.315989,
              64.773073
            ],
            [
              26.333177,
              64.773932
            ],
            [
              26.347833,
              64.778867
            ],
            [
              26.357574,
              64.780347
            ],
            [
              26.382916,
              64.78009
            ],
            [
              26.395597,
              64.777236
            ],
            [
              26.403151,
              64.77144
            ],
            [
              26.410875,
              64.770303
            ],
            [
              26.420982,
              64.76213
            ],
            [
              26.42051,
              64.759919
            ],
            [
              26.429265,
              64.752708
            ],
            [
              26.425595,
              64.751487
            ],
            [
              26.430037,
              64.748588
            ],
            [
              26.461344,
              64.73887
            ],
            [
              26.515911,
              64.717562
            ],
            [
              26.522176,
              64.704087
            ],
            [
              26.538119,
              64.693358
            ],
            [
              26.53533,
              64.679582
            ],
            [
              26.542068,
              64.666922
            ],
            [
              26.564512,
              64.650099
            ],
            [
              26.587837,
              64.640207
            ],
            [
              26.596506,
              64.622355
            ],
            [
              26.616118,
              64.612978
            ],
            [
              26.66517,
              64.60109
            ],
            [
              26.701863,
              64.585984
            ],
            [
              26.713471,
              64.586304
            ],
            [
              26.77454,
              64.595338
            ],
            [
              26.776707,
              64.596691
            ],
            [
              26.82003,
              64.589932
            ],
            [
              26.829922,
              64.581242
            ],
            [
              26.864126,
              64.569912
            ],
            [
              26.879275,
              64.567015
            ],
            [
              26.918006,
              64.563796
            ],
            [
              26.947832,
              64.564032
            ],
            [
              26.962702,
              64.557102
            ],
            [
              26.970792,
              64.555278
            ],
            [
              26.98961,
              64.55502
            ],
            [
              27.007635,
              64.557939
            ],
            [
              27.020895,
              64.558046
            ],
            [
              27.061687,
              64.551244
            ],
            [
              27.061815,
              64.552231
            ],
            [
              27.070634,
              64.551952
            ],
            [
              27.078981,
              64.548304
            ],
            [
              27.091019,
              64.546716
            ],
            [
              27.11385,
              64.550084
            ],
            [
              27.147152,
              64.552015
            ],
            [
              27.157667,
              64.551244
            ],
            [
              27.198007,
              64.537575
            ],
            [
              27.257659,
              64.532082
            ],
            [
              27.265964,
              64.530044
            ],
            [
              27.279096,
              64.51777
            ],
            [
              27.323685,
              64.488394
            ],
            [
              27.342718,
              64.484296
            ],
            [
              27.362523,
              64.484317
            ],
            [
              27.458203,
              64.472344
            ],
            [
              27.480583,
              64.465091
            ],
            [
              27.51071,
              64.448848
            ],
            [
              27.551973,
              64.441488
            ],
            [
              27.586949,
              64.426339
            ],
            [
              27.611926,
              64.427605
            ],
            [
              27.652481,
              64.422861
            ],
            [
              27.685118,
              64.422262
            ],
            [
              27.728591,
              64.416275
            ],
            [
              27.805109,
              64.400031
            ],
            [
              27.820451,
              64.400997
            ],
            [
              27.819958,
              64.402049
            ],
            [
              27.835236,
              64.403851
            ],
            [
              27.838326,
              64.402992
            ],
            [
              27.858646,
              64.404495
            ],
            [
              27.8771,
              64.400375
            ],
            [
              27.90272,
              64.398379
            ],
            [
              27.9092,
              64.394968
            ],
            [
              27.911646,
              64.397712
            ],
            [
              27.97735,
              64.392521
            ],
            [
              28.019192,
              64.381342
            ],
            [
              28.029513,
              64.373424
            ],
            [
              28.043633,
              64.367416
            ],
            [
              28.048675,
              64.361729
            ],
            [
              28.061142,
              64.324799
            ],
            [
              28.044941,
              64.318922
            ],
            [
              28.010695,
              64.301154
            ],
            [
              27.98943,
              64.29508
            ],
            [
              27.897356,
              64.28004
            ],
            [
              27.866392,
              64.27356
            ],
            [
              27.821052,
              64.257295
            ],
            [
              27.768137,
              64.247961
            ],
            [
              27.750757,
              64.239292
            ],
            [
              27.743418,
              64.228284
            ],
            [
              27.73387,
              64.224722
            ],
            [
              27.72651,
              64.228218
            ],
            [
              27.700481,
              64.221933
            ],
            [
              27.687006,
              64.220558
            ],
            [
              27.660592,
              64.229658
            ],
            [
              27.564161,
              64.184146
            ],
            [
              27.557273,
              64.187557
            ],
            [
              27.550771,
              64.188008
            ],
            [
              27.546866,
              64.185238
            ],
            [
              27.537189,
              64.18376
            ],
            [
              27.543089,
              64.178717
            ],
            [
              27.541008,
              64.175863
            ],
            [
              27.543733,
              64.170863
            ],
            [
              27.572604,
              64.178157
            ],
            [
              27.529056,
              64.166443
            ],
            [
              27.493844,
              64.13769
            ],
            [
              27.449899,
              64.117476
            ],
            [
              27.448096,
              64.106854
            ],
            [
              27.452774,
              64.091297
            ],
            [
              27.455864,
              64.057953
            ],
            [
              27.443848,
              64.022548
            ],
            [
              27.417734,
              64.001048
            ],
            [
              27.397113,
              63.992014
            ],
            [
              27.37808,
              63.972402
            ],
            [
              27.373424,
              63.945816
            ],
            [
              27.382865,
              63.919508
            ],
            [
              27.408807,
              63.900368
            ],
            [
              27.410932,
              63.895175
            ],
            [
              27.431424,
              63.882816
            ],
            [
              27.432711,
              63.878782
            ],
            [
              27.441273,
              63.880284
            ],
            [
              27.439792,
              63.849235
            ],
            [
              27.421017,
              63.832347
            ],
            [
              27.414665,
              63.769691
            ],
            [
              27.40943,
              63.76394
            ],
            [
              27.392972,
              63.756344
            ],
            [
              27.385011,
              63.749521
            ],
            [
              27.373853,
              63.727655
            ],
            [
              27.359068,
              63.710232
            ],
            [
              27.353704,
              63.69534
            ],
            [
              27.336152,
              63.683281
            ],
            [
              27.295082,
              63.670492
            ],
            [
              27.229636,
              63.637898
            ],
            [
              27.225688,
              63.633671
            ],
            [
              27.22425,
              63.621268
            ],
            [
              27.215302,
              63.60451
            ],
            [
              27.217426,
              63.597386
            ],
            [
              27.238262,
              63.575993
            ],
            [
              27.254419,
              63.563268
            ],
            [
              27.255814,
              63.554235
            ],
            [
              27.24839,
              63.542497
            ],
            [
              27.245622,
              63.528764
            ],
            [
              27.256351,
              63.517628
            ],
            [
              27.258368,
              63.506405
            ],
            [
              27.271907,
              63.494067
            ],
            [
              27.288601,
              63.486557
            ],
            [
              27.31051,
              63.463254
            ],
            [
              27.317612,
              63.45392
            ],
            [
              27.334692,
              63.417614
            ],
            [
              27.341044,
              63.414052
            ],
            [
              27.366793,
              63.407421
            ],
            [
              27.372522,
              63.404589
            ],
            [
              27.381728,
              63.388882
            ],
            [
              27.405567,
              63.368003
            ],
            [
              27.414622,
              63.353562
            ],
            [
              27.446616,
              63.354528
            ],
            [
              27.463846,
              63.357425
            ],
            [
              27.473524,
              63.357575
            ],
            [
              27.489145,
              63.356137
            ],
            [
              27.500453,
              63.35161
            ],
            [
              27.522104,
              63.350837
            ],
            [
              27.532403,
              63.354378
            ],
            [
              27.540729,
              63.354957
            ],
            [
              27.553496,
              63.363948
            ],
            [
              27.572229,
              63.370664
            ],
            [
              27.603965,
              63.374162
            ],
            [
              27.622182,
              63.369269
            ],
            [
              27.643833,
              63.370192
            ],
            [
              27.673445,
              63.369119
            ],
            [
              27.688293,
              63.364248
            ],
            [
              27.711146,
              63.359978
            ],
            [
              27.731938,
              63.360193
            ],
            [
              27.741036,
              63.357403
            ],
            [
              27.756143,
              63.359163
            ],
            [
              27.759962,
              63.354893
            ],
            [
              27.76876,
              63.352125
            ],
            [
              27.764361,
              63.346782
            ],
            [
              27.746401,
              63.337426
            ],
            [
              27.741573,
              63.324165
            ],
            [
              27.727947,
              63.303459
            ],
            [
              27.718592,
              63.298502
            ],
            [
              27.69604,
              63.295927
            ],
            [
              27.680762,
              63.288267
            ],
            [
              27.672458,
              63.279233
            ],
            [
              27.681985,
              63.262217
            ],
            [
              27.679195,
              63.25299
            ],
            [
              27.693915,
              63.243184
            ],
            [
              27.692327,
              63.229086
            ],
            [
              27.699687,
              63.216233
            ],
            [
              27.689602,
              63.209131
            ],
            [
              27.677093,
              63.206341
            ],
            [
              27.671878,
              63.201492
            ],
            [
              27.674367,
              63.193123
            ],
            [
              27.661858,
              63.174326
            ],
            [
              27.687693,
              63.148878
            ],
            [
              27.680805,
              63.141775
            ],
            [
              27.667737,
              63.136089
            ],
            [
              27.655056,
              63.121948
            ],
            [
              27.641838,
              63.114846
            ],
            [
              27.649047,
              63.098838
            ],
            [
              27.642653,
              63.088431
            ],
            [
              27.651772,
              63.087745
            ],
            [
              27.64746,
              63.083539
            ],
            [
              27.651601,
              63.076329
            ],
            [
              27.672372,
              63.06251
            ],
            [
              27.694988,
              63.052962
            ],
            [
              27.703872,
              63.046675
            ],
            [
              27.730973,
              63.036611
            ],
            [
              27.735822,
              63.031182
            ],
            [
              27.736723,
              63.023329
            ],
            [
              27.722883,
              63.010926
            ],
            [
              27.711253,
              62.991335
            ],
            [
              27.705567,
              62.988696
            ],
            [
              27.707841,
              62.986615
            ],
            [
              27.7034,
              62.981486
            ],
            [
              27.703679,
              62.969427
            ],
            [
              27.692864,
              62.961681
            ],
            [
              27.689538,
              62.961402
            ],
            [
              27.684903,
              62.954857
            ],
            [
              27.672007,
              62.948699
            ],
            [
              27.675269,
              62.947927
            ],
            [
              27.678487,
              62.950459
            ],
            [
              27.668874,
              62.941875
            ],
            [
              27.668595,
              62.934322
            ],
            [
              27.684216,
              62.928185
            ],
            [
              27.671814,
              62.916791
            ],
            [
              27.678745,
              62.903917
            ],
            [
              27.660098,
              62.900977
            ],
            [
              27.640357,
              62.893488
            ],
            [
              27.629414,
              62.887287
            ],
            [
              27.616882,
              62.871237
            ],
            [
              27.610188,
              62.866967
            ],
            [
              27.612655,
              62.86289
            ],
            [
              27.627332,
              62.861109
            ],
            [
              27.623792,
              62.85583
            ],
            [
              27.626839,
              62.849329
            ],
            [
              27.611539,
              62.839243
            ],
            [
              27.602506,
              62.841346
            ],
            [
              27.594845,
              62.839823
            ],
            [
              27.563345,
              62.838664
            ],
            [
              27.556887,
              62.840724
            ],
            [
              27.546501,
              62.848299
            ],
            [
              27.538583,
              62.849843
            ],
            [
              27.514529,
              62.842569
            ],
            [
              27.504122,
              62.841046
            ],
            [
              27.456958,
              62.84596
            ],
            [
              27.417884,
              62.84435
            ],
            [
              27.38898,
              62.847483
            ],
            [
              27.338727,
              62.842784
            ],
            [
              27.318814,
              62.842913
            ],
            [
              27.30315,
              62.84523
            ],
            [
              27.267766,
              62.854307
            ],
            [
              27.240837,
              62.857804
            ],
            [
              27.206633,
              62.85862
            ],
            [
              27.17597,
              62.86716
            ],
            [
              27.129922,
              62.865894
            ],
            [
              27.110932,
              62.869027
            ],
            [
              27.078767,
              62.880399
            ],
            [
              27.055914,
              62.883575
            ],
            [
              27.041709,
              62.866795
            ],
            [
              27.043319,
              62.862096
            ],
            [
              27.055078,
              62.853899
            ],
            [
              27.056365,
              62.84214
            ],
            [
              27.03789,
              62.812572
            ],
            [
              27.055635,
              62.794805
            ],
            [
              27.049971,
              62.784827
            ],
            [
              27.037804,
              62.773175
            ],
            [
              27.032311,
              62.77118
            ],
            [
              27.023234,
              62.763734
            ],
            [
              27.009459,
              62.725432
            ],
            [
              27.037482,
              62.698224
            ],
            [
              27.058511,
              62.687645
            ],
            [
              27.068102,
              62.675757
            ],
            [
              27.089903,
              62.661188
            ],
            [
              27.094173,
              62.649944
            ],
            [
              27.084346,
              62.650437
            ],
            [
              27.075934,
              62.647648
            ],
            [
              27.087071,
              62.64164
            ],
            [
              27.087264,
              62.637906
            ],
            [
              27.098336,
              62.630396
            ],
            [
              27.085741,
              62.625525
            ],
            [
              27.073295,
              62.615118
            ],
            [
              27.069733,
              62.593575
            ],
            [
              27.051194,
              62.586687
            ],
            [
              27.041409,
              62.590034
            ],
            [
              26.995962,
              62.596192
            ],
            [
              26.942618,
              62.613187
            ],
            [
              26.916311,
              62.616255
            ],
            [
              26.896119,
              62.616298
            ],
            [
              26.878846,
              62.620654
            ],
            [
              26.862023,
              62.620461
            ],
            [
              26.853418,
              62.617736
            ],
            [
              26.846874,
              62.617564
            ],
            [
              26.826854,
              62.624474
            ],
            [
              26.813164,
              62.626748
            ],
            [
              26.755271,
              62.631962
            ],
            [
              26.736603,
              62.635975
            ],
            [
              26.709459,
              62.635825
            ],
            [
              26.69888,
              62.639322
            ],
            [
              26.677444,
              62.654471
            ],
            [
              26.637447,
              62.669942
            ],
            [
              26.602771,
              62.672174
            ],
            [
              26.573739,
              62.665994
            ],
            [
              26.57372,
              62.66603
            ],
            [
              26.57256,
              62.6659
            ],
            [
              26.57053,
              62.66585
            ],
            [
              26.56207,
              62.66587
            ],
            [
              26.56097,
              62.6659
            ],
            [
              26.55626,
              62.66622
            ],
            [
              26.55251,
              62.66632
            ],
            [
              26.5506,
              62.66653
            ],
            [
              26.54948,
              62.66676
            ],
            [
              26.54831,
              62.66708
            ],
            [
              26.54037,
              62.66953
            ],
            [
              26.53903,
              62.66989
            ],
            [
              26.53789,
              62.67011
            ],
            [
              26.53584,
              62.67034
            ],
            [
              26.5329,
              62.6704
            ],
            [
              26.53117,
              62.67052
            ],
            [
              26.52957,
              62.67078
            ],
            [
              26.5286,
              62.67104
            ],
            [
              26.52801,
              62.67125
            ],
            [
              26.52689,
              62.67179
            ],
            [
              26.52641,
              62.6721
            ],
            [
              26.52591,
              62.6725
            ],
            [
              26.52245,
              62.67632
            ],
            [
              26.52051,
              62.67808
            ],
            [
              26.51971,
              62.67863
            ],
            [
              26.51758,
              62.67976
            ],
            [
              26.50967,
              62.68344
            ],
            [
              26.50634,
              62.68485
            ],
            [
              26.5055,
              62.68516
            ],
            [
              26.50424,
              62.68553
            ],
            [
              26.49456,
              62.68799
            ],
            [
              26.49229,
              62.6887
            ],
            [
              26.49,
              62.68959
            ],
            [
              26.48856,
              62.69025
            ],
            [
              26.487,
              62.69109
            ],
            [
              26.48511,
              62.69236
            ],
            [
              26.48428,
              62.69304
            ],
            [
              26.48098,
              62.69595
            ],
            [
              26.47822,
              62.69813
            ],
            [
              26.47722,
              62.69879
            ],
            [
              26.47057,
              62.70169
            ],
            [
              26.46911,
              62.70227
            ],
            [
              26.46723,
              62.70278
            ],
            [
              26.465,
              62.70319
            ],
            [
              26.46292,
              62.70337
            ],
            [
              26.46054,
              62.70333
            ],
            [
              26.45931,
              62.70321
            ],
            [
              26.45853,
              62.70308
            ],
            [
              26.45431,
              62.7022
            ],
            [
              26.45157,
              62.70147
            ],
            [
              26.44298,
              62.69886
            ],
            [
              26.43939,
              62.69809
            ],
            [
              26.43331,
              62.6961
            ],
            [
              26.43199,
              62.69573
            ],
            [
              26.42929,
              62.69516
            ],
            [
              26.417,
              62.69225
            ],
            [
              26.41092,
              62.69079
            ],
            [
              26.40333,
              62.68889
            ],
            [
              26.39479,
              62.68693
            ],
            [
              26.38053,
              62.68384
            ],
            [
              26.37575,
              62.68274
            ],
            [
              26.37408,
              62.68228
            ],
            [
              26.37247,
              62.68166
            ],
            [
              26.36737,
              62.67926
            ],
            [
              26.36481,
              62.67813
            ],
            [
              26.36296,
              62.67726
            ],
            [
              26.36086,
              62.6762
            ],
            [
              26.35851,
              62.67513
            ],
            [
              26.35662,
              62.67436
            ],
            [
              26.3519,
              62.67225
            ],
            [
              26.35109,
              62.67192
            ],
            [
              26.34674,
              62.67039
            ],
            [
              26.34211,
              62.6684
            ],
            [
              26.3401,
              62.66719
            ],
            [
              26.33898,
              62.66629
            ],
            [
              26.3363,
              62.66432
            ],
            [
              26.33549,
              62.66357
            ],
            [
              26.33511,
              62.66299
            ],
            [
              26.3349,
              62.66244
            ],
            [
              26.33493,
              62.66194
            ],
            [
              26.33508,
              62.66142
            ],
            [
              26.33539,
              62.66096
            ],
            [
              26.33599,
              62.6604
            ],
            [
              26.33732,
              62.65942
            ],
            [
              26.33784,
              62.65895
            ],
            [
              26.33828,
              62.65839
            ],
            [
              26.33856,
              62.65774
            ],
            [
              26.33856,
              62.65722
            ],
            [
              26.33839,
              62.65654
            ],
            [
              26.33792,
              62.65562
            ],
            [
              26.33669,
              62.65356
            ],
            [
              26.33647,
              62.65305
            ],
            [
              26.33633,
              62.65222
            ],
            [
              26.3363,
              62.64937
            ],
            [
              26.33613,
              62.64859
            ],
            [
              26.33581,
              62.64763
            ],
            [
              26.33499,
              62.64644
            ],
            [
              26.33394,
              62.64534
            ],
            [
              26.33205,
              62.64379
            ],
            [
              26.33061,
              62.64228
            ],
            [
              26.32976,
              62.64099
            ],
            [
              26.3291,
              62.63925
            ],
            [
              26.32862,
              62.6377
            ],
            [
              26.32791,
              62.63607
            ],
            [
              26.32737,
              62.63498
            ],
            [
              26.32626,
              62.63341
            ],
            [
              26.32556,
              62.63253
            ],
            [
              26.32543,
              62.63241
            ],
            [
              26.32528,
              62.63246
            ],
            [
              26.32376,
              62.63134
            ],
            [
              26.32319,
              62.6311
            ],
            [
              26.32213,
              62.63048
            ],
            [
              26.32094,
              62.63001
            ],
            [
              26.31967,
              62.6296
            ],
            [
              26.31722,
              62.62899
            ],
            [
              26.3079,
              62.62731
            ],
            [
              26.30471,
              62.62679
            ],
            [
              26.30312,
              62.62666
            ],
            [
              26.30041,
              62.62659
            ],
            [
              26.29955,
              62.62661
            ],
            [
              26.29782,
              62.62678
            ],
            [
              26.295,
              62.62755
            ],
            [
              26.29394,
              62.62777
            ],
            [
              26.29161,
              62.62807
            ],
            [
              26.29054,
              62.62814
            ],
            [
              26.28764,
              62.62821
            ],
            [
              26.28723,
              62.62817
            ],
            [
              26.28544,
              62.62819
            ],
            [
              26.28438,
              62.62811
            ],
            [
              26.28374,
              62.628
            ],
            [
              26.28046,
              62.62699
            ],
            [
              26.27897,
              62.62668
            ],
            [
              26.27582,
              62.62613
            ],
            [
              26.27558,
              62.62604
            ],
            [
              26.27393,
              62.62568
            ],
            [
              26.27279,
              62.62535
            ],
            [
              26.27159,
              62.62491
            ],
            [
              26.27051,
              62.62439
            ],
            [
              26.26973,
              62.6239
            ],
            [
              26.2688,
              62.62314
            ],
            [
              26.26826,
              62.62259
            ],
            [
              26.26763,
              62.6216
            ],
            [
              26.26735,
              62.62139
            ],
            [
              26.26774,
              62.62136
            ],
            [
              26.26648,
              62.61867
            ],
            [
              26.26591,
              62.61783
            ],
            [
              26.26505,
              62.61699
            ],
            [
              26.2644,
              62.61645
            ],
            [
              26.26282,
              62.61552
            ],
            [
              26.26157,
              62.61492
            ],
            [
              26.25979,
              62.6143
            ],
            [
              26.257,
              62.61363
            ],
            [
              26.25515,
              62.61337
            ],
            [
              26.24947,
              62.61287
            ],
            [
              26.24514,
              62.61216
            ],
            [
              26.2427,
              62.61165
            ],
            [
              26.23742,
              62.61034
            ],
            [
              26.23552,
              62.60975
            ],
            [
              26.23423,
              62.60929
            ],
            [
              26.23187,
              62.60835
            ],
            [
              26.2287,
              62.60674
            ],
            [
              26.22551,
              62.60504
            ],
            [
              26.2228,
              62.60367
            ],
            [
              26.22105,
              62.60285
            ],
            [
              26.21713,
              62.60119
            ],
            [
              26.21476,
              62.60026
            ],
            [
              26.20975,
              62.59847
            ],
            [
              26.20674,
              62.59752
            ],
            [
              26.20364,
              62.59661
            ],
            [
              26.19797,
              62.59514
            ],
            [
              26.19465,
              62.59415
            ],
            [
              26.1924,
              62.59317
            ],
            [
              26.19156,
              62.59269
            ],
            [
              26.19127,
              62.59282
            ],
            [
              26.19114,
              62.59265
            ],
            [
              26.19027,
              62.59226
            ],
            [
              26.18871,
              62.59111
            ],
            [
              26.18825,
              62.59047
            ],
            [
              26.18758,
              62.58994
            ],
            [
              26.18714,
              62.58936
            ],
            [
              26.18616,
              62.58841
            ],
            [
              26.18577,
              62.58825
            ],
            [
              26.18609,
              62.58812
            ],
            [
              26.1849,
              62.5872
            ],
            [
              26.1823,
              62.58572
            ],
            [
              26.18054,
              62.58499
            ],
            [
              26.1781,
              62.58418
            ],
            [
              26.17577,
              62.58358
            ],
            [
              26.1743,
              62.58328
            ],
            [
              26.17209,
              62.58294
            ],
            [
              26.16976,
              62.58266
            ],
            [
              26.16565,
              62.58247
            ],
            [
              26.16437,
              62.58248
            ],
            [
              26.16126,
              62.58265
            ],
            [
              26.15913,
              62.58285
            ],
            [
              26.1568,
              62.58321
            ],
            [
              26.14574,
              62.58547
            ],
            [
              26.14306,
              62.58596
            ],
            [
              26.14163,
              62.58617
            ],
            [
              26.13922,
              62.58633
            ],
            [
              26.13755,
              62.58633
            ],
            [
              26.13555,
              62.58622
            ],
            [
              26.1327,
              62.58574
            ],
            [
              26.1318,
              62.58551
            ],
            [
              26.1309,
              62.58527
            ],
            [
              26.12896,
              62.58453
            ],
            [
              26.12736,
              62.58361
            ],
            [
              26.12416,
              62.5814
            ],
            [
              26.12227,
              62.58049
            ],
            [
              26.12012,
              62.57979
            ],
            [
              26.11886,
              62.57948
            ],
            [
              26.11744,
              62.57923
            ],
            [
              26.11534,
              62.57898
            ],
            [
              26.11342,
              62.57893
            ],
            [
              26.11152,
              62.57902
            ],
            [
              26.10925,
              62.57925
            ],
            [
              26.10555,
              62.5798
            ],
            [
              26.10324,
              62.58
            ],
            [
              26.10197,
              62.58001
            ],
            [
              26.09976,
              62.57989
            ],
            [
              26.09828,
              62.57965
            ],
            [
              26.0958,
              62.57899
            ],
            [
              26.08897,
              62.5769
            ],
            [
              26.08501,
              62.57554
            ],
            [
              26.07683,
              62.57252
            ],
            [
              26.0737,
              62.57145
            ],
            [
              26.06484,
              62.56886
            ],
            [
              26.06587,
              62.56799
            ],
            [
              26.06616,
              62.56751
            ],
            [
              26.0662,
              62.56728
            ],
            [
              26.06546,
              62.56087
            ],
            [
              26.06538,
              62.5605
            ],
            [
              26.06502,
              62.55976
            ],
            [
              26.06341,
              62.55803
            ],
            [
              26.06265,
              62.55712
            ],
            [
              26.06178,
              62.55565
            ],
            [
              26.06115,
              62.55491
            ],
            [
              26.06099,
              62.5546
            ],
            [
              26.0609,
              62.55428
            ],
            [
              26.06089,
              62.55391
            ],
            [
              26.06102,
              62.55356
            ],
            [
              26.06134,
              62.55295
            ],
            [
              26.06149,
              62.5524
            ],
            [
              26.06151,
              62.55194
            ],
            [
              26.06139,
              62.55122
            ],
            [
              26.06138,
              62.55082
            ],
            [
              26.06144,
              62.55045
            ],
            [
              26.0616,
              62.55004
            ],
            [
              26.06198,
              62.54941
            ],
            [
              26.06217,
              62.54877
            ],
            [
              26.0622,
              62.54843
            ],
            [
              26.06208,
              62.5478
            ],
            [
              26.06161,
              62.54708
            ],
            [
              26.06096,
              62.54635
            ],
            [
              26.0607,
              62.54592
            ],
            [
              26.06056,
              62.54548
            ],
            [
              26.06055,
              62.54504
            ],
            [
              26.06062,
              62.54453
            ],
            [
              26.06035,
              62.54337
            ],
            [
              26.05823,
              62.53982
            ],
            [
              26.0579,
              62.53939
            ],
            [
              26.05605,
              62.53768
            ],
            [
              26.0544,
              62.53509
            ],
            [
              26.05419,
              62.53446
            ],
            [
              26.0542,
              62.53363
            ],
            [
              26.05498,
              62.53227
            ],
            [
              26.05522,
              62.53154
            ],
            [
              26.05532,
              62.53085
            ],
            [
              26.05513,
              62.53017
            ],
            [
              26.05465,
              62.52942
            ],
            [
              26.05177,
              62.52625
            ],
            [
              26.05164,
              62.52605
            ],
            [
              26.05154,
              62.52575
            ],
            [
              26.05156,
              62.52544
            ],
            [
              26.05167,
              62.52513
            ],
            [
              26.05195,
              62.52486
            ],
            [
              26.05347,
              62.5238
            ],
            [
              26.0537,
              62.52358
            ],
            [
              26.05393,
              62.52313
            ],
            [
              26.05389,
              62.52268
            ],
            [
              26.05381,
              62.5225
            ],
            [
              26.05356,
              62.52224
            ],
            [
              26.05208,
              62.52124
            ],
            [
              26.05104,
              62.52046
            ],
            [
              26.0503,
              62.52008
            ],
            [
              26.04951,
              62.51978
            ],
            [
              26.04683,
              62.51919
            ],
            [
              26.04554,
              62.51869
            ],
            [
              26.04464,
              62.51802
            ],
            [
              26.04362,
              62.51641
            ],
            [
              26.04359,
              62.5159
            ],
            [
              26.04377,
              62.5154
            ],
            [
              26.04461,
              62.51479
            ],
            [
              26.04615,
              62.51387
            ],
            [
              26.04655,
              62.51352
            ],
            [
              26.04679,
              62.51318
            ],
            [
              26.04682,
              62.5127
            ],
            [
              26.04661,
              62.51229
            ],
            [
              26.04569,
              62.51121
            ],
            [
              26.04477,
              62.50956
            ],
            [
              26.04439,
              62.50899
            ],
            [
              26.0439,
              62.50848
            ],
            [
              26.04053,
              62.50599
            ],
            [
              26.03958,
              62.50517
            ],
            [
              26.03878,
              62.50429
            ],
            [
              26.03741,
              62.50249
            ],
            [
              26.03662,
              62.50178
            ],
            [
              26.03603,
              62.50133
            ],
            [
              26.03536,
              62.50093
            ],
            [
              26.03457,
              62.50053
            ],
            [
              26.03378,
              62.50021
            ],
            [
              26.02864,
              62.49871
            ],
            [
              26.02608,
              62.49771
            ],
            [
              26.02466,
              62.49728
            ],
            [
              26.02215,
              62.49669
            ],
            [
              26.02101,
              62.49628
            ],
            [
              26.02004,
              62.49587
            ],
            [
              26.01918,
              62.49532
            ],
            [
              26.01188,
              62.49123
            ],
            [
              26.01136,
              62.4908
            ],
            [
              26.01092,
              62.49033
            ],
            [
              26.01066,
              62.48983
            ],
            [
              26.01056,
              62.48944
            ],
            [
              26.01066,
              62.48853
            ],
            [
              26.01068,
              62.48786
            ],
            [
              26.01022,
              62.48129
            ],
            [
              26.00995,
              62.48055
            ],
            [
              26.00933,
              62.47941
            ],
            [
              26.0088,
              62.47878
            ],
            [
              26.0084,
              62.47847
            ],
            [
              26.00774,
              62.47806
            ],
            [
              26.0072,
              62.47781
            ],
            [
              26.00626,
              62.47747
            ],
            [
              26.00353,
              62.47663
            ],
            [
              26.00285,
              62.47636
            ],
            [
              26.0016,
              62.47576
            ],
            [
              25.99958,
              62.47456
            ],
            [
              25.99683,
              62.47269
            ],
            [
              25.99541,
              62.47201
            ],
            [
              25.99469,
              62.47172
            ],
            [
              25.99268,
              62.47105
            ],
            [
              25.99186,
              62.47062
            ],
            [
              25.99032,
              62.46943
            ],
            [
              25.98908,
              62.46829
            ],
            [
              25.98868,
              62.46774
            ],
            [
              25.98749,
              62.46477
            ],
            [
              25.98721,
              62.46421
            ],
            [
              25.98692,
              62.46383
            ],
            [
              25.98612,
              62.46314
            ],
            [
              25.98557,
              62.46281
            ],
            [
              25.98472,
              62.46239
            ],
            [
              25.9836,
              62.462
            ],
            [
              25.983,
              62.46184
            ],
            [
              25.9804,
              62.46133
            ],
            [
              25.97974,
              62.46116
            ],
            [
              25.97674,
              62.46016
            ],
            [
              25.97352,
              62.45954
            ],
            [
              25.97259,
              62.45926
            ],
            [
              25.97197,
              62.45899
            ],
            [
              25.9708,
              62.45827
            ],
            [
              25.96983,
              62.45785
            ],
            [
              25.96851,
              62.45753
            ],
            [
              25.96764,
              62.45742
            ],
            [
              25.96688,
              62.45737
            ],
            [
              25.96574,
              62.45738
            ],
            [
              25.96469,
              62.45749
            ],
            [
              25.95923,
              62.45861
            ],
            [
              25.95676,
              62.45904
            ],
            [
              25.95513,
              62.45921
            ],
            [
              25.95305,
              62.45929
            ],
            [
              25.95056,
              62.45919
            ],
            [
              25.94952,
              62.45908
            ],
            [
              25.94329,
              62.45825
            ],
            [
              25.94344,
              62.45827
            ],
            [
              25.94327,
              62.45849
            ],
            [
              25.94247,
              62.45848
            ],
            [
              25.94138,
              62.4587
            ],
            [
              25.9411,
              62.4588
            ],
            [
              25.94102,
              62.45888
            ],
            [
              25.93939,
              62.45814
            ],
            [
              25.93657,
              62.45748
            ],
            [
              25.93591,
              62.45727
            ],
            [
              25.93498,
              62.45608
            ],
            [
              25.93411,
              62.4553
            ],
            [
              25.93363,
              62.45463
            ],
            [
              25.93154,
              62.45039
            ],
            [
              25.93154,
              62.45021
            ],
            [
              25.93163,
              62.45009
            ],
            [
              25.93037,
              62.44958
            ],
            [
              25.92926,
              62.449
            ],
            [
              25.92854,
              62.44844
            ],
            [
              25.92795,
              62.44781
            ],
            [
              25.92769,
              62.44744
            ],
            [
              25.92721,
              62.44655
            ],
            [
              25.92687,
              62.44605
            ],
            [
              25.92636,
              62.44557
            ],
            [
              25.92607,
              62.44519
            ],
            [
              25.9257,
              62.44486
            ],
            [
              25.92526,
              62.44462
            ],
            [
              25.92463,
              62.44399
            ],
            [
              25.92417,
              62.44326
            ],
            [
              25.92365,
              62.44163
            ],
            [
              25.92341,
              62.44118
            ],
            [
              25.92274,
              62.44058
            ],
            [
              25.9216,
              62.43971
            ],
            [
              25.91717,
              62.43644
            ],
            [
              25.91619,
              62.43562
            ],
            [
              25.91548,
              62.43492
            ],
            [
              25.91512,
              62.43452
            ],
            [
              25.91482,
              62.43404
            ],
            [
              25.91453,
              62.43355
            ],
            [
              25.91411,
              62.43268
            ],
            [
              25.914,
              62.43209
            ],
            [
              25.91401,
              62.43095
            ],
            [
              25.91452,
              62.42957
            ],
            [
              25.91573,
              62.42717
            ],
            [
              25.91627,
              62.42614
            ],
            [
              25.91679,
              62.42546
            ],
            [
              25.91679,
              62.42533
            ],
            [
              25.91668,
              62.42521
            ],
            [
              25.91687,
              62.42504
            ],
            [
              25.91679,
              62.42492
            ],
            [
              25.91838,
              62.42483
            ],
            [
              25.91915,
              62.42434
            ],
            [
              25.91995,
              62.42402
            ],
            [
              25.92169,
              62.4235
            ],
            [
              25.92361,
              62.42311
            ],
            [
              25.92963,
              62.42246
            ],
            [
              25.9315,
              62.42215
            ],
            [
              25.9332,
              62.4218
            ],
            [
              25.93435,
              62.42147
            ],
            [
              25.9389,
              62.41991
            ],
            [
              25.94186,
              62.41905
            ],
            [
              25.94281,
              62.41888
            ],
            [
              25.94318,
              62.41869
            ],
            [
              25.94398,
              62.41848
            ],
            [
              25.94626,
              62.41775
            ],
            [
              25.94756,
              62.41708
            ],
            [
              25.94835,
              62.41655
            ],
            [
              25.949,
              62.41605
            ],
            [
              25.94981,
              62.41528
            ],
            [
              25.95018,
              62.41514
            ],
            [
              25.95045,
              62.41511
            ],
            [
              25.9504,
              62.41491
            ],
            [
              25.9501,
              62.41488
            ],
            [
              25.95,
              62.4148
            ],
            [
              25.95021,
              62.41397
            ],
            [
              25.95075,
              62.41246
            ],
            [
              25.95129,
              62.41224
            ],
            [
              25.9512,
              62.41215
            ],
            [
              25.95157,
              62.41132
            ],
            [
              25.95119,
              62.41129
            ],
            [
              25.95211,
              62.40963
            ],
            [
              25.95242,
              62.40847
            ],
            [
              25.95199,
              62.40755
            ],
            [
              25.95154,
              62.40699
            ],
            [
              25.94917,
              62.40492
            ],
            [
              25.94866,
              62.40466
            ],
            [
              25.94688,
              62.40413
            ],
            [
              25.9457,
              62.40361
            ],
            [
              25.94441,
              62.40278
            ],
            [
              25.94352,
              62.40174
            ],
            [
              25.94349,
              62.40134
            ],
            [
              25.94362,
              62.40099
            ],
            [
              25.94465,
              62.39912
            ],
            [
              25.94474,
              62.39866
            ],
            [
              25.94465,
              62.39857
            ],
            [
              25.94468,
              62.39849
            ],
            [
              25.94474,
              62.39839
            ],
            [
              25.94576,
              62.39758
            ],
            [
              25.94592,
              62.39734
            ],
            [
              25.94598,
              62.39711
            ],
            [
              25.94599,
              62.39662
            ],
            [
              25.94606,
              62.39648
            ],
            [
              25.94605,
              62.39581
            ],
            [
              25.94575,
              62.39486
            ],
            [
              25.9456,
              62.39474
            ],
            [
              25.9454,
              62.39434
            ],
            [
              25.94521,
              62.39408
            ],
            [
              25.94425,
              62.39322
            ],
            [
              25.94369,
              62.39258
            ],
            [
              25.94262,
              62.39179
            ],
            [
              25.94216,
              62.3911
            ],
            [
              25.94192,
              62.39086
            ],
            [
              25.94072,
              62.39021
            ],
            [
              25.94041,
              62.38995
            ],
            [
              25.93993,
              62.38937
            ],
            [
              25.93984,
              62.38919
            ],
            [
              25.93967,
              62.38823
            ],
            [
              25.93953,
              62.38813
            ],
            [
              25.93944,
              62.38787
            ],
            [
              25.93959,
              62.38771
            ],
            [
              25.93947,
              62.38712
            ],
            [
              25.93953,
              62.38691
            ],
            [
              25.93967,
              62.38681
            ],
            [
              25.93971,
              62.38653
            ],
            [
              25.93968,
              62.38584
            ],
            [
              25.93972,
              62.38563
            ],
            [
              25.94074,
              62.38408
            ],
            [
              25.94111,
              62.38308
            ],
            [
              25.94109,
              62.38272
            ],
            [
              25.9409,
              62.3825
            ],
            [
              25.9405,
              62.3822
            ],
            [
              25.93995,
              62.38188
            ],
            [
              25.93958,
              62.38153
            ],
            [
              25.93869,
              62.37994
            ],
            [
              25.93835,
              62.3792
            ],
            [
              25.93801,
              62.37837
            ],
            [
              25.93788,
              62.37783
            ],
            [
              25.93785,
              62.37722
            ],
            [
              25.93809,
              62.37668
            ],
            [
              25.93845,
              62.37625
            ],
            [
              25.93967,
              62.37515
            ],
            [
              25.93989,
              62.37476
            ],
            [
              25.93989,
              62.37423
            ],
            [
              25.93927,
              62.37309
            ],
            [
              25.93924,
              62.37272
            ],
            [
              25.93955,
              62.37217
            ],
            [
              25.94039,
              62.37124
            ],
            [
              25.94061,
              62.37093
            ],
            [
              25.94068,
              62.37069
            ],
            [
              25.94064,
              62.3703
            ],
            [
              25.93992,
              62.36827
            ],
            [
              25.93976,
              62.36671
            ],
            [
              25.93958,
              62.36635
            ],
            [
              25.93915,
              62.36598
            ],
            [
              25.93794,
              62.36533
            ],
            [
              25.93762,
              62.36499
            ],
            [
              25.93729,
              62.3645
            ],
            [
              25.93718,
              62.36412
            ],
            [
              25.93715,
              62.36339
            ],
            [
              25.93704,
              62.36294
            ],
            [
              25.93681,
              62.3625
            ],
            [
              25.93349,
              62.36019
            ],
            [
              25.93321,
              62.35994
            ],
            [
              25.93275,
              62.3594
            ],
            [
              25.93266,
              62.3592
            ],
            [
              25.93267,
              62.35898
            ],
            [
              25.9328,
              62.35875
            ],
            [
              25.93332,
              62.35826
            ],
            [
              25.93363,
              62.35788
            ],
            [
              25.93378,
              62.35753
            ],
            [
              25.93415,
              62.35701
            ],
            [
              25.9342,
              62.35675
            ],
            [
              25.9341,
              62.35654
            ],
            [
              25.93388,
              62.3563
            ],
            [
              25.93336,
              62.35584
            ],
            [
              25.93277,
              62.35603
            ],
            [
              25.92845,
              62.35687
            ],
            [
              25.92694,
              62.35703
            ],
            [
              25.92628,
              62.35717
            ],
            [
              25.92449,
              62.35789
            ],
            [
              25.9242,
              62.35804
            ],
            [
              25.92387,
              62.35829
            ],
            [
              25.92123,
              62.35945
            ],
            [
              25.92054,
              62.35978
            ],
            [
              25.91985,
              62.36019
            ],
            [
              25.91771,
              62.36104
            ],
            [
              25.91577,
              62.36171
            ],
            [
              25.91599,
              62.36186
            ],
            [
              25.9147,
              62.36224
            ],
            [
              25.91352,
              62.36272
            ],
            [
              25.91233,
              62.36338
            ],
            [
              25.91179,
              62.36362
            ],
            [
              25.8996,
              62.36683
            ],
            [
              25.89868,
              62.36689
            ],
            [
              25.89601,
              62.36668
            ],
            [
              25.89514,
              62.36669
            ],
            [
              25.89445,
              62.36664
            ],
            [
              25.89296,
              62.36647
            ],
            [
              25.89123,
              62.36651
            ],
            [
              25.89065,
              62.36657
            ],
            [
              25.88926,
              62.36683
            ],
            [
              25.88712,
              62.3675
            ],
            [
              25.886969,
              62.36738
            ],
            [
              25.88676,
              62.36729
            ],
            [
              25.88609,
              62.36719
            ],
            [
              25.88525,
              62.36695
            ],
            [
              25.88424,
              62.36687
            ],
            [
              25.88378,
              62.36669
            ],
            [
              25.8837,
              62.36657
            ],
            [
              25.88317,
              62.36474
            ],
            [
              25.88267,
              62.36331
            ],
            [
              25.88061,
              62.35845
            ],
            [
              25.8808,
              62.35809
            ],
            [
              25.88066,
              62.35776
            ],
            [
              25.88021,
              62.35743
            ],
            [
              25.87864,
              62.3537
            ],
            [
              25.87804,
              62.35247
            ],
            [
              25.87784,
              62.35196
            ],
            [
              25.87735,
              62.3506
            ],
            [
              25.8765,
              62.34701
            ],
            [
              25.87616,
              62.34611
            ],
            [
              25.87563,
              62.34503
            ],
            [
              25.8745,
              62.34335
            ],
            [
              25.87124,
              62.33895
            ],
            [
              25.86984,
              62.33733
            ],
            [
              25.8689,
              62.33632
            ],
            [
              25.86768,
              62.33523
            ],
            [
              25.86437,
              62.33266
            ],
            [
              25.86352,
              62.33183
            ],
            [
              25.86279,
              62.33078
            ],
            [
              25.86269,
              62.33048
            ],
            [
              25.86281,
              62.33025
            ],
            [
              25.86224,
              62.32919
            ],
            [
              25.86184,
              62.32879
            ],
            [
              25.86086,
              62.3272
            ],
            [
              25.85995,
              62.32601
            ],
            [
              25.85878,
              62.3249
            ],
            [
              25.85564,
              62.32246
            ],
            [
              25.85327,
              62.32044
            ],
            [
              25.85234,
              62.31955
            ],
            [
              25.85104,
              62.31818
            ],
            [
              25.8503,
              62.31732
            ],
            [
              25.8498,
              62.31665
            ],
            [
              25.8494,
              62.31622
            ],
            [
              25.84904,
              62.31568
            ],
            [
              25.84895,
              62.31536
            ],
            [
              25.84884,
              62.31518
            ],
            [
              25.8486,
              62.31499
            ],
            [
              25.84836,
              62.31461
            ],
            [
              25.84792,
              62.31382
            ],
            [
              25.84781,
              62.31359
            ],
            [
              25.84773,
              62.31323
            ],
            [
              25.84748,
              62.31278
            ],
            [
              25.84694,
              62.31206
            ],
            [
              25.84642,
              62.31152
            ],
            [
              25.84502,
              62.31042
            ],
            [
              25.84496,
              62.31028
            ],
            [
              25.84485,
              62.31019
            ],
            [
              25.84436,
              62.30992
            ],
            [
              25.84412,
              62.30988
            ],
            [
              25.84372,
              62.30967
            ],
            [
              25.84135,
              62.30884
            ],
            [
              25.8391,
              62.30825
            ],
            [
              25.83738,
              62.30771
            ],
            [
              25.83557,
              62.30733
            ],
            [
              25.83537,
              62.30713
            ],
            [
              25.83544,
              62.30696
            ],
            [
              25.83547,
              62.30668
            ],
            [
              25.83539,
              62.3066
            ],
            [
              25.8351,
              62.30649
            ],
            [
              25.83443,
              62.30629
            ],
            [
              25.83423,
              62.3064
            ],
            [
              25.83408,
              62.30642
            ],
            [
              25.83312,
              62.30622
            ],
            [
              25.83283,
              62.30622
            ],
            [
              25.83211,
              62.30636
            ],
            [
              25.83182,
              62.30635
            ],
            [
              25.83117,
              62.30613
            ],
            [
              25.83068,
              62.30588
            ],
            [
              25.82882,
              62.30513
            ],
            [
              25.82759,
              62.30454
            ],
            [
              25.82565,
              62.3035
            ],
            [
              25.8244,
              62.30272
            ],
            [
              25.82167,
              62.30083
            ],
            [
              25.81982,
              62.2997
            ],
            [
              25.81827,
              62.29886
            ],
            [
              25.81783,
              62.29871
            ],
            [
              25.81745,
              62.29852
            ],
            [
              25.81726,
              62.29837
            ],
            [
              25.81527,
              62.29747
            ],
            [
              25.81438,
              62.29698
            ],
            [
              25.81382,
              62.29658
            ],
            [
              25.81334,
              62.29612
            ],
            [
              25.81296,
              62.29557
            ],
            [
              25.81282,
              62.29526
            ],
            [
              25.81273,
              62.29477
            ],
            [
              25.81274,
              62.29433
            ],
            [
              25.81282,
              62.29403
            ],
            [
              25.81301,
              62.29378
            ],
            [
              25.81329,
              62.29355
            ],
            [
              25.81366,
              62.29335
            ],
            [
              25.81383,
              62.29317
            ],
            [
              25.81386,
              62.29283
            ],
            [
              25.81499,
              62.29161
            ],
            [
              25.8152,
              62.29121
            ],
            [
              25.81533,
              62.29078
            ],
            [
              25.81532,
              62.29026
            ],
            [
              25.81515,
              62.2897
            ],
            [
              25.81491,
              62.28928
            ],
            [
              25.81444,
              62.28877
            ],
            [
              25.81117,
              62.28646
            ],
            [
              25.80931,
              62.28525
            ],
            [
              25.80341,
              62.28117
            ],
            [
              25.80331,
              62.28108
            ],
            [
              25.80331,
              62.28091
            ],
            [
              25.80316,
              62.28075
            ],
            [
              25.80305,
              62.28068
            ],
            [
              25.80257,
              62.28059
            ],
            [
              25.79504,
              62.27551
            ],
            [
              25.79184,
              62.27325
            ],
            [
              25.79066,
              62.27256
            ],
            [
              25.79056,
              62.27245
            ],
            [
              25.78819,
              62.27091
            ],
            [
              25.78695,
              62.27017
            ],
            [
              25.78628,
              62.26985
            ],
            [
              25.78352,
              62.26879
            ],
            [
              25.7814,
              62.26809
            ],
            [
              25.77851,
              62.26693
            ],
            [
              25.7785,
              62.26658
            ],
            [
              25.77856,
              62.26645
            ],
            [
              25.7797,
              62.26529
            ],
            [
              25.78,
              62.26513
            ],
            [
              25.78015,
              62.26497
            ],
            [
              25.78012,
              62.26485
            ],
            [
              25.78196,
              62.2629
            ],
            [
              25.78204,
              62.26262
            ],
            [
              25.7823,
              62.26219
            ],
            [
              25.78254,
              62.2616
            ],
            [
              25.78258,
              62.26104
            ],
            [
              25.78238,
              62.26027
            ],
            [
              25.78225,
              62.25996
            ],
            [
              25.78209,
              62.25984
            ],
            [
              25.78162,
              62.25881
            ],
            [
              25.78117,
              62.25766
            ],
            [
              25.78125,
              62.25729
            ],
            [
              25.7812,
              62.25712
            ],
            [
              25.78046,
              62.25618
            ],
            [
              25.78011,
              62.25563
            ],
            [
              25.7797,
              62.25518
            ],
            [
              25.77909,
              62.25475
            ],
            [
              25.77824,
              62.25432
            ],
            [
              25.77869,
              62.254
            ],
            [
              25.77868,
              62.25384
            ],
            [
              25.77911,
              62.25327
            ],
            [
              25.77989,
              62.25321
            ],
            [
              25.78003,
              62.25312
            ],
            [
              25.77989,
              62.25269
            ],
            [
              25.78,
              62.25139
            ],
            [
              25.7799,
              62.25125
            ],
            [
              25.77837,
              62.24993
            ],
            [
              25.77823,
              62.24976
            ],
            [
              25.77766,
              62.24945
            ],
            [
              25.77757,
              62.24933
            ],
            [
              25.77751,
              62.24912
            ],
            [
              25.77738,
              62.24825
            ],
            [
              25.77712,
              62.24791
            ],
            [
              25.77634,
              62.24731
            ],
            [
              25.77561,
              62.24656
            ],
            [
              25.77445,
              62.24578
            ],
            [
              25.77423,
              62.24577
            ],
            [
              25.77368,
              62.24607
            ],
            [
              25.77333,
              62.24611
            ],
            [
              25.77216,
              62.24613
            ],
            [
              25.77138,
              62.24607
            ],
            [
              25.7705,
              62.24591
            ],
            [
              25.76873,
              62.24524
            ],
            [
              25.76805,
              62.24503
            ],
            [
              25.76703,
              62.24486
            ],
            [
              25.7642,
              62.24459
            ],
            [
              25.76231,
              62.24414
            ],
            [
              25.76239,
              62.24393
            ],
            [
              25.76238,
              62.24383
            ],
            [
              25.76211,
              62.24363
            ],
            [
              25.7637,
              62.24296
            ],
            [
              25.76413,
              62.24285
            ],
            [
              25.76546,
              62.24228
            ],
            [
              25.76549,
              62.24219
            ],
            [
              25.76517,
              62.24172
            ],
            [
              25.76469,
              62.2406
            ],
            [
              25.76478,
              62.24032
            ],
            [
              25.76471,
              62.24005
            ],
            [
              25.76474,
              62.23997
            ],
            [
              25.76532,
              62.23952
            ],
            [
              25.76532,
              62.23939
            ],
            [
              25.7651,
              62.23885
            ],
            [
              25.76492,
              62.23873
            ],
            [
              25.76429,
              62.23861
            ],
            [
              25.76406,
              62.23834
            ],
            [
              25.76369,
              62.23762
            ],
            [
              25.76321,
              62.23691
            ],
            [
              25.7614,
              62.23586
            ],
            [
              25.76057,
              62.2358
            ],
            [
              25.76002,
              62.23563
            ],
            [
              25.75979,
              62.23564
            ],
            [
              25.75868,
              62.23606
            ],
            [
              25.75778,
              62.23648
            ],
            [
              25.75724,
              62.2366
            ],
            [
              25.75683,
              62.23656
            ],
            [
              25.75552,
              62.23704
            ],
            [
              25.75526,
              62.23709
            ],
            [
              25.75396,
              62.23719
            ],
            [
              25.75136,
              62.2381
            ],
            [
              25.75105,
              62.23807
            ],
            [
              25.74791,
              62.23658
            ],
            [
              25.74778,
              62.23633
            ],
            [
              25.7454,
              62.23542
            ],
            [
              25.74493,
              62.23525
            ],
            [
              25.74464,
              62.2352
            ],
            [
              25.74399,
              62.2352
            ],
            [
              25.74122,
              62.23444
            ],
            [
              25.74119,
              62.23437
            ],
            [
              25.74125,
              62.23432
            ],
            [
              25.74119,
              62.23429
            ],
            [
              25.74153,
              62.23369
            ],
            [
              25.74146,
              62.23352
            ],
            [
              25.73954,
              62.23254
            ],
            [
              25.73906,
              62.23252
            ],
            [
              25.73794,
              62.23195
            ],
            [
              25.73754,
              62.23169
            ],
            [
              25.73693,
              62.23149
            ],
            [
              25.73521,
              62.23061
            ],
            [
              25.73507,
              62.23047
            ],
            [
              25.73504,
              62.23025
            ],
            [
              25.73449,
              62.22994
            ],
            [
              25.73386,
              62.22985
            ],
            [
              25.73278,
              62.22936
            ],
            [
              25.73001,
              62.229
            ],
            [
              25.72979,
              62.22891
            ],
            [
              25.72963,
              62.2288
            ],
            [
              25.72886,
              62.22798
            ],
            [
              25.72794,
              62.22679
            ],
            [
              25.72787,
              62.22657
            ],
            [
              25.72789,
              62.22638
            ],
            [
              25.72803,
              62.22626
            ],
            [
              25.72823,
              62.22618
            ],
            [
              25.72793,
              62.226
            ],
            [
              25.72724,
              62.22594
            ],
            [
              25.72714,
              62.22588
            ],
            [
              25.72696,
              62.22553
            ],
            [
              25.72726,
              62.2252
            ],
            [
              25.72675,
              62.22392
            ],
            [
              25.72603,
              62.22174
            ],
            [
              25.72575,
              62.22137
            ],
            [
              25.7257,
              62.22123
            ],
            [
              25.72565,
              62.22087
            ],
            [
              25.72573,
              62.22043
            ],
            [
              25.72572,
              62.22014
            ],
            [
              25.72583,
              62.21983
            ],
            [
              25.72603,
              62.21957
            ],
            [
              25.72657,
              62.21912
            ],
            [
              25.72744,
              62.21857
            ],
            [
              25.72769,
              62.21821
            ],
            [
              25.72771,
              62.2179
            ],
            [
              25.72801,
              62.21772
            ],
            [
              25.728,
              62.21763
            ],
            [
              25.72777,
              62.21721
            ],
            [
              25.72756,
              62.21703
            ],
            [
              25.72705,
              62.2169
            ],
            [
              25.72618,
              62.21682
            ],
            [
              25.726,
              62.21676
            ],
            [
              25.72581,
              62.21662
            ],
            [
              25.72569,
              62.21544
            ],
            [
              25.72535,
              62.21486
            ],
            [
              25.72529,
              62.2144
            ],
            [
              25.72446,
              62.21368
            ],
            [
              25.72401,
              62.21342
            ],
            [
              25.7234,
              62.21316
            ],
            [
              25.72108,
              62.21184
            ],
            [
              25.72077,
              62.21161
            ],
            [
              25.72052,
              62.2114
            ],
            [
              25.72038,
              62.21121
            ],
            [
              25.72024,
              62.21069
            ],
            [
              25.72002,
              62.21036
            ],
            [
              25.71857,
              62.21012
            ],
            [
              25.71881,
              62.20968
            ],
            [
              25.71883,
              62.20875
            ],
            [
              25.71906,
              62.20852
            ],
            [
              25.71932,
              62.20835
            ],
            [
              25.71987,
              62.20814
            ],
            [
              25.72097,
              62.20731
            ],
            [
              25.7213,
              62.20702
            ],
            [
              25.72144,
              62.20681
            ],
            [
              25.72155,
              62.20658
            ],
            [
              25.7216,
              62.20612
            ],
            [
              25.72151,
              62.20573
            ],
            [
              25.72142,
              62.20563
            ],
            [
              25.72142,
              62.20512
            ],
            [
              25.72168,
              62.20462
            ],
            [
              25.72311,
              62.20267
            ],
            [
              25.72322,
              62.2026
            ],
            [
              25.72345,
              62.20211
            ],
            [
              25.7236,
              62.20141
            ],
            [
              25.72358,
              62.2009
            ],
            [
              25.72349,
              62.20055
            ],
            [
              25.7231,
              62.19979
            ],
            [
              25.72252,
              62.19909
            ],
            [
              25.72196,
              62.19866
            ],
            [
              25.72095,
              62.19802
            ],
            [
              25.72081,
              62.19798
            ],
            [
              25.72069,
              62.19786
            ],
            [
              25.71765,
              62.19595
            ],
            [
              25.71701,
              62.19542
            ],
            [
              25.71492,
              62.19276
            ],
            [
              25.71451,
              62.19208
            ],
            [
              25.7145,
              62.19196
            ],
            [
              25.71377,
              62.19036
            ],
            [
              25.71311,
              62.18905
            ],
            [
              25.7129,
              62.18896
            ],
            [
              25.71271,
              62.18874
            ],
            [
              25.7134,
              62.18859
            ],
            [
              25.71394,
              62.18836
            ],
            [
              25.71594,
              62.18677
            ],
            [
              25.71712,
              62.18577
            ],
            [
              25.71759,
              62.18547
            ],
            [
              25.71856,
              62.18466
            ],
            [
              25.71886,
              62.1843
            ],
            [
              25.71958,
              62.18381
            ],
            [
              25.72245,
              62.18226
            ],
            [
              25.724,
              62.18158
            ],
            [
              25.72485,
              62.18132
            ],
            [
              25.72714,
              62.18077
            ],
            [
              25.72935,
              62.18013
            ],
            [
              25.73045,
              62.1798
            ],
            [
              25.73057,
              62.17968
            ],
            [
              25.73071,
              62.17963
            ],
            [
              25.73121,
              62.17956
            ],
            [
              25.73148,
              62.17979
            ],
            [
              25.73221,
              62.17964
            ],
            [
              25.7339,
              62.17917
            ],
            [
              25.73911,
              62.17709
            ],
            [
              25.74002,
              62.17666
            ],
            [
              25.74052,
              62.17634
            ],
            [
              25.74189,
              62.17518
            ],
            [
              25.74233,
              62.17474
            ],
            [
              25.74441,
              62.17305
            ],
            [
              25.74547,
              62.17205
            ],
            [
              25.74601,
              62.17143
            ],
            [
              25.74629,
              62.17096
            ],
            [
              25.74695,
              62.16875
            ],
            [
              25.74739,
              62.16748
            ],
            [
              25.75072,
              62.16224
            ],
            [
              25.751,
              62.16177
            ],
            [
              25.751,
              62.16166
            ],
            [
              25.75212,
              62.15979
            ],
            [
              25.7525,
              62.15933
            ],
            [
              25.75322,
              62.15859
            ],
            [
              25.75448,
              62.15742
            ],
            [
              25.75477,
              62.1571
            ],
            [
              25.75526,
              62.15632
            ],
            [
              25.75533,
              62.15628
            ],
            [
              25.75524,
              62.15602
            ],
            [
              25.75507,
              62.15592
            ],
            [
              25.7548,
              62.15593
            ],
            [
              25.75396,
              62.153
            ],
            [
              25.7534,
              62.15201
            ],
            [
              25.75019,
              62.14757
            ],
            [
              25.74944,
              62.14676
            ],
            [
              25.74851,
              62.146
            ],
            [
              25.74726,
              62.14521
            ],
            [
              25.74481,
              62.14408
            ],
            [
              25.74455,
              62.14392
            ],
            [
              25.74308,
              62.14246
            ],
            [
              25.74233,
              62.14161
            ],
            [
              25.74221,
              62.14131
            ],
            [
              25.74219,
              62.14103
            ],
            [
              25.74255,
              62.13973
            ],
            [
              25.74255,
              62.13938
            ],
            [
              25.74249,
              62.13919
            ],
            [
              25.74201,
              62.13912
            ],
            [
              25.73739,
              62.13789
            ],
            [
              25.736,
              62.13765
            ],
            [
              25.73523,
              62.1376
            ],
            [
              25.73527,
              62.1374
            ],
            [
              25.735,
              62.13727
            ],
            [
              25.73366,
              62.13715
            ],
            [
              25.73227,
              62.13719
            ],
            [
              25.73077,
              62.13738
            ],
            [
              25.72993,
              62.13756
            ],
            [
              25.7289,
              62.13786
            ],
            [
              25.71487,
              62.14405
            ],
            [
              25.71304,
              62.14478
            ],
            [
              25.71253,
              62.14494
            ],
            [
              25.71183,
              62.14508
            ],
            [
              25.71116,
              62.14511
            ],
            [
              25.71048,
              62.14507
            ],
            [
              25.70794,
              62.14476
            ],
            [
              25.7071,
              62.14456
            ],
            [
              25.70622,
              62.14424
            ],
            [
              25.70581,
              62.14417
            ],
            [
              25.70491,
              62.14414
            ],
            [
              25.70443,
              62.14407
            ],
            [
              25.70379,
              62.14381
            ],
            [
              25.70288,
              62.14333
            ],
            [
              25.70236,
              62.14296
            ],
            [
              25.70108,
              62.14179
            ],
            [
              25.69982,
              62.14101
            ],
            [
              25.69804,
              62.14023
            ],
            [
              25.69643,
              62.13975
            ],
            [
              25.69496,
              62.13943
            ],
            [
              25.69229,
              62.13897
            ],
            [
              25.68926,
              62.13824
            ],
            [
              25.68802,
              62.13806
            ],
            [
              25.68256,
              62.13773
            ],
            [
              25.67863,
              62.13715
            ],
            [
              25.6772,
              62.13701
            ],
            [
              25.67546,
              62.13692
            ],
            [
              25.67476,
              62.1368
            ],
            [
              25.67486,
              62.13571
            ],
            [
              25.67478,
              62.13502
            ],
            [
              25.67492,
              62.13441
            ],
            [
              25.67486,
              62.13409
            ],
            [
              25.67469,
              62.13363
            ],
            [
              25.6745,
              62.13288
            ],
            [
              25.67423,
              62.13262
            ],
            [
              25.67376,
              62.13203
            ],
            [
              25.67315,
              62.1315
            ],
            [
              25.67259,
              62.13111
            ],
            [
              25.67197,
              62.13074
            ],
            [
              25.67096,
              62.13026
            ],
            [
              25.67028,
              62.13009
            ],
            [
              25.66846,
              62.12975
            ],
            [
              25.66749,
              62.12944
            ],
            [
              25.6668,
              62.12904
            ],
            [
              25.66613,
              62.12817
            ],
            [
              25.66587,
              62.12748
            ],
            [
              25.66587,
              62.12727
            ],
            [
              25.66615,
              62.12684
            ],
            [
              25.66647,
              62.1262
            ],
            [
              25.66656,
              62.12593
            ],
            [
              25.66658,
              62.12559
            ],
            [
              25.66647,
              62.12516
            ],
            [
              25.66566,
              62.12377
            ],
            [
              25.6655,
              62.12327
            ],
            [
              25.66548,
              62.12299
            ],
            [
              25.66554,
              62.12274
            ],
            [
              25.66584,
              62.12198
            ],
            [
              25.66582,
              62.12148
            ],
            [
              25.66528,
              62.12016
            ],
            [
              25.66522,
              62.11984
            ],
            [
              25.66524,
              62.11957
            ],
            [
              25.66546,
              62.11861
            ],
            [
              25.66543,
              62.11834
            ],
            [
              25.6652,
              62.11772
            ],
            [
              25.66453,
              62.11696
            ],
            [
              25.66361,
              62.11623
            ],
            [
              25.66191,
              62.11522
            ],
            [
              25.6584,
              62.11329
            ],
            [
              25.65793,
              62.11256
            ],
            [
              25.65774,
              62.11239
            ],
            [
              25.65658,
              62.11181
            ],
            [
              25.65644,
              62.11166
            ],
            [
              25.65596,
              62.11088
            ],
            [
              25.65588,
              62.11063
            ],
            [
              25.65594,
              62.11006
            ],
            [
              25.6559,
              62.10976
            ],
            [
              25.65573,
              62.10941
            ],
            [
              25.65548,
              62.10909
            ],
            [
              25.65444,
              62.10744
            ],
            [
              25.65351,
              62.10668
            ],
            [
              25.65254,
              62.106
            ],
            [
              25.65244,
              62.1059
            ],
            [
              25.65234,
              62.10568
            ],
            [
              25.65181,
              62.10538
            ],
            [
              25.64916,
              62.10314
            ],
            [
              25.64842,
              62.10258
            ],
            [
              25.64786,
              62.10242
            ],
            [
              25.64803,
              62.10219
            ],
            [
              25.648,
              62.10191
            ],
            [
              25.64734,
              62.10105
            ],
            [
              25.64571,
              62.09931
            ],
            [
              25.64478,
              62.09838
            ],
            [
              25.64376,
              62.09752
            ],
            [
              25.64352,
              62.09719
            ],
            [
              25.64343,
              62.09681
            ],
            [
              25.64354,
              62.0965
            ],
            [
              25.64398,
              62.09584
            ],
            [
              25.64401,
              62.09544
            ],
            [
              25.64417,
              62.09542
            ],
            [
              25.64413,
              62.09508
            ],
            [
              25.64397,
              62.09458
            ],
            [
              25.64359,
              62.09404
            ],
            [
              25.64265,
              62.09324
            ],
            [
              25.64251,
              62.09301
            ],
            [
              25.64259,
              62.09176
            ],
            [
              25.64305,
              62.0913
            ],
            [
              25.64957,
              62.08724
            ],
            [
              25.65171,
              62.08535
            ],
            [
              25.65224,
              62.08505
            ],
            [
              25.65289,
              62.08484
            ],
            [
              25.65771,
              62.08399
            ],
            [
              25.6613,
              62.08286
            ],
            [
              25.6622,
              62.08219
            ],
            [
              25.66288,
              62.08186
            ],
            [
              25.66514,
              62.08134
            ],
            [
              25.66573,
              62.08095
            ],
            [
              25.6672,
              62.07933
            ],
            [
              25.66736,
              62.07854
            ],
            [
              25.6674,
              62.07762
            ],
            [
              25.66761,
              62.07728
            ],
            [
              25.66805,
              62.07691
            ],
            [
              25.66946,
              62.07614
            ],
            [
              25.66965,
              62.07595
            ],
            [
              25.66982,
              62.07552
            ],
            [
              25.67008,
              62.07525
            ],
            [
              25.67173,
              62.07455
            ],
            [
              25.67383,
              62.07314
            ],
            [
              25.6745,
              62.07286
            ],
            [
              25.67511,
              62.07267
            ],
            [
              25.6774,
              62.0721
            ],
            [
              25.67847,
              62.07209
            ],
            [
              25.67968,
              62.07198
            ],
            [
              25.68105,
              62.072
            ],
            [
              25.68164,
              62.07189
            ],
            [
              25.68213,
              62.07173
            ],
            [
              25.68264,
              62.07143
            ],
            [
              25.68305,
              62.0711
            ],
            [
              25.68377,
              62.07072
            ],
            [
              25.68593,
              62.07002
            ],
            [
              25.68681,
              62.06964
            ],
            [
              25.6871,
              62.06942
            ],
            [
              25.68725,
              62.06921
            ],
            [
              25.68725,
              62.06889
            ],
            [
              25.68672,
              62.06814
            ],
            [
              25.6867,
              62.068
            ],
            [
              25.6868,
              62.06788
            ],
            [
              25.6871,
              62.06771
            ],
            [
              25.68805,
              62.06726
            ],
            [
              25.68856,
              62.0668
            ],
            [
              25.68876,
              62.06648
            ],
            [
              25.68875,
              62.06621
            ],
            [
              25.68862,
              62.06578
            ],
            [
              25.68863,
              62.0656
            ],
            [
              25.68884,
              62.0651
            ],
            [
              25.68886,
              62.06483
            ],
            [
              25.68874,
              62.06438
            ],
            [
              25.68847,
              62.06401
            ],
            [
              25.6877,
              62.06334
            ],
            [
              25.68758,
              62.06304
            ],
            [
              25.68756,
              62.06263
            ],
            [
              25.68769,
              62.06243
            ],
            [
              25.68808,
              62.0621
            ],
            [
              25.68808,
              62.062
            ],
            [
              25.68824,
              62.06163
            ],
            [
              25.68864,
              62.0611
            ],
            [
              25.6887,
              62.06087
            ],
            [
              25.68881,
              62.06072
            ],
            [
              25.6896,
              62.06026
            ],
            [
              25.69,
              62.05993
            ],
            [
              25.69082,
              62.05887
            ],
            [
              25.69098,
              62.05851
            ],
            [
              25.69098,
              62.05838
            ],
            [
              25.6909,
              62.05822
            ],
            [
              25.6904,
              62.05763
            ],
            [
              25.69037,
              62.05748
            ],
            [
              25.69005,
              62.05681
            ],
            [
              25.6898,
              62.05597
            ],
            [
              25.68978,
              62.05549
            ],
            [
              25.6901,
              62.05541
            ],
            [
              25.69104,
              62.05532
            ],
            [
              25.69468,
              62.05382
            ],
            [
              25.69879,
              62.05285
            ],
            [
              25.7005,
              62.05255
            ],
            [
              25.70244,
              62.05261
            ],
            [
              25.70304,
              62.05256
            ],
            [
              25.7041,
              62.05238
            ],
            [
              25.70461,
              62.05202
            ],
            [
              25.70504,
              62.05032
            ],
            [
              25.70698,
              62.04918
            ],
            [
              25.70679,
              62.04806
            ],
            [
              25.70689,
              62.04729
            ],
            [
              25.70707,
              62.04666
            ],
            [
              25.70739,
              62.04614
            ],
            [
              25.70715,
              62.04581
            ],
            [
              25.70777,
              62.04561
            ],
            [
              25.70867,
              62.04574
            ],
            [
              25.70945,
              62.04609
            ],
            [
              25.71077,
              62.0469
            ],
            [
              25.71179,
              62.04715
            ],
            [
              25.71427,
              62.0458
            ],
            [
              25.71742,
              62.04539
            ],
            [
              25.71819,
              62.04524
            ],
            [
              25.71933,
              62.04431
            ],
            [
              25.7197,
              62.04391
            ],
            [
              25.71973,
              62.0436
            ],
            [
              25.71962,
              62.04216
            ],
            [
              25.71968,
              62.04169
            ],
            [
              25.71997,
              62.04133
            ],
            [
              25.72027,
              62.04069
            ],
            [
              25.72041,
              62.03987
            ],
            [
              25.72033,
              62.0388
            ],
            [
              25.72005,
              62.03808
            ],
            [
              25.71691,
              62.03589
            ],
            [
              25.71619,
              62.03546
            ],
            [
              25.71442,
              62.03469
            ],
            [
              25.71382,
              62.0342
            ],
            [
              25.71233,
              62.0327
            ],
            [
              25.71181,
              62.03203
            ],
            [
              25.70743,
              62.02336
            ],
            [
              25.70691,
              62.02272
            ],
            [
              25.70615,
              62.02198
            ],
            [
              25.70596,
              62.02166
            ],
            [
              25.70496,
              62.01927
            ],
            [
              25.70486,
              62.01809
            ],
            [
              25.70419,
              62.01774
            ],
            [
              25.70363,
              62.0172
            ],
            [
              25.70299,
              62.01675
            ],
            [
              25.70223,
              62.01651
            ],
            [
              25.70072,
              62.01635
            ],
            [
              25.69906,
              62.01633
            ],
            [
              25.69806,
              62.01625
            ],
            [
              25.69639,
              62.01624
            ],
            [
              25.69453,
              62.01585
            ],
            [
              25.69347,
              62.01574
            ],
            [
              25.69204,
              62.01568
            ],
            [
              25.68932,
              62.0152
            ],
            [
              25.68883,
              62.01506
            ],
            [
              25.6879,
              62.01465
            ],
            [
              25.68664,
              62.01403
            ],
            [
              25.68541,
              62.0133
            ],
            [
              25.68272,
              62.01257
            ],
            [
              25.68224,
              62.01249
            ],
            [
              25.68078,
              62.01239
            ],
            [
              25.67932,
              62.01222
            ],
            [
              25.6771,
              62.01219
            ],
            [
              25.67516,
              62.01202
            ],
            [
              25.67349,
              62.01217
            ],
            [
              25.67185,
              62.01247
            ],
            [
              25.66909,
              62.01277
            ],
            [
              25.66861,
              62.01274
            ],
            [
              25.66392,
              62.01208
            ],
            [
              25.66244,
              62.01201
            ],
            [
              25.66165,
              62.01204
            ],
            [
              25.66102,
              62.01212
            ],
            [
              25.66064,
              62.01222
            ],
            [
              25.65977,
              62.01256
            ],
            [
              25.65906,
              62.01263
            ],
            [
              25.65856,
              62.01259
            ],
            [
              25.65775,
              62.01244
            ],
            [
              25.65539,
              62.01182
            ],
            [
              25.65399,
              62.01153
            ],
            [
              25.65829,
              62.00914
            ],
            [
              25.65919,
              62.00871
            ],
            [
              25.66391,
              62.00703
            ],
            [
              25.66532,
              62.00671
            ],
            [
              25.67609,
              62.00509
            ],
            [
              25.67682,
              62.00492
            ],
            [
              25.67797,
              62.00455
            ],
            [
              25.67856,
              62.00425
            ],
            [
              25.67909,
              62.0039
            ],
            [
              25.67933,
              62.00368
            ],
            [
              25.67967,
              62.00323
            ],
            [
              25.67982,
              62.00278
            ],
            [
              25.67978,
              62.0022
            ],
            [
              25.67948,
              62.00158
            ],
            [
              25.67937,
              62.00158
            ],
            [
              25.67899,
              62.00121
            ],
            [
              25.67847,
              62.0008
            ],
            [
              25.67815,
              62.00036
            ],
            [
              25.67383,
              61.99625
            ],
            [
              25.67277,
              61.99518
            ],
            [
              25.67256,
              61.99491
            ],
            [
              25.67205,
              61.99392
            ],
            [
              25.67174,
              61.99276
            ],
            [
              25.6717,
              61.99229
            ],
            [
              25.67174,
              61.99181
            ],
            [
              25.67188,
              61.99181
            ],
            [
              25.67208,
              61.99108
            ],
            [
              25.67247,
              61.99017
            ],
            [
              25.67297,
              61.98936
            ],
            [
              25.67621,
              61.98467
            ],
            [
              25.67691,
              61.98328
            ],
            [
              25.67724,
              61.98272
            ],
            [
              25.67787,
              61.98202
            ],
            [
              25.67829,
              61.98168
            ],
            [
              25.6792,
              61.98114
            ],
            [
              25.68132,
              61.98013
            ],
            [
              25.68187,
              61.97978
            ],
            [
              25.6827,
              61.97906
            ],
            [
              25.68646,
              61.97509
            ],
            [
              25.68698,
              61.97447
            ],
            [
              25.68837,
              61.97338
            ],
            [
              25.6897,
              61.97128
            ],
            [
              25.69066,
              61.97009
            ],
            [
              25.69076,
              61.96979
            ],
            [
              25.6911,
              61.96694
            ],
            [
              25.69121,
              61.96643
            ],
            [
              25.69135,
              61.96616
            ],
            [
              25.69223,
              61.96493
            ],
            [
              25.69333,
              61.96347
            ],
            [
              25.69394,
              61.96279
            ],
            [
              25.69407,
              61.96252
            ],
            [
              25.69411,
              61.96232
            ],
            [
              25.69407,
              61.96182
            ],
            [
              25.69385,
              61.96074
            ],
            [
              25.69354,
              61.95957
            ],
            [
              25.69361,
              61.95924
            ],
            [
              25.69381,
              61.95886
            ],
            [
              25.69382,
              61.95792
            ],
            [
              25.69311,
              61.95558
            ],
            [
              25.69285,
              61.95518
            ],
            [
              25.69168,
              61.95388
            ],
            [
              25.69153,
              61.95355
            ],
            [
              25.69154,
              61.95312
            ],
            [
              25.6917,
              61.95266
            ],
            [
              25.692,
              61.9523
            ],
            [
              25.69293,
              61.95164
            ],
            [
              25.69368,
              61.95096
            ],
            [
              25.69428,
              61.95051
            ],
            [
              25.69544,
              61.9499
            ],
            [
              25.69626,
              61.9494
            ],
            [
              25.69761,
              61.94756
            ],
            [
              25.69827,
              61.94686
            ],
            [
              25.70225,
              61.94361
            ],
            [
              25.70367,
              61.94261
            ],
            [
              25.70473,
              61.94201
            ],
            [
              25.70646,
              61.94125
            ],
            [
              25.7073,
              61.94094
            ],
            [
              25.71932,
              61.93742
            ],
            [
              25.72073,
              61.93694
            ],
            [
              25.72269,
              61.93612
            ],
            [
              25.72402,
              61.93547
            ],
            [
              25.72523,
              61.93476
            ],
            [
              25.72616,
              61.93407
            ],
            [
              25.72741,
              61.93302
            ],
            [
              25.72811,
              61.93216
            ],
            [
              25.72869,
              61.93133
            ],
            [
              25.72911,
              61.93049
            ],
            [
              25.72947,
              61.92929
            ],
            [
              25.72957,
              61.92845
            ],
            [
              25.72938,
              61.92726
            ],
            [
              25.72893,
              61.92577
            ],
            [
              25.72885,
              61.92503
            ],
            [
              25.72883,
              61.92416
            ],
            [
              25.72896,
              61.92286
            ],
            [
              25.72935,
              61.92131
            ],
            [
              25.72944,
              61.92063
            ],
            [
              25.7294,
              61.91993
            ],
            [
              25.72918,
              61.91925
            ],
            [
              25.72879,
              61.91854
            ],
            [
              25.72832,
              61.91795
            ],
            [
              25.72769,
              61.91738
            ],
            [
              25.72678,
              61.91671
            ],
            [
              25.7257,
              61.91606
            ],
            [
              25.72451,
              61.91556
            ],
            [
              25.72339,
              61.91521
            ],
            [
              25.72198,
              61.91485
            ],
            [
              25.71982,
              61.9144
            ],
            [
              25.71861,
              61.91407
            ],
            [
              25.71783,
              61.91382
            ],
            [
              25.71641,
              61.9132
            ],
            [
              25.71533,
              61.91242
            ],
            [
              25.7137,
              61.91043
            ],
            [
              25.71294,
              61.90927
            ],
            [
              25.7129,
              61.90901
            ],
            [
              25.71293,
              61.90881
            ],
            [
              25.71329,
              61.90794
            ],
            [
              25.71341,
              61.90749
            ],
            [
              25.71336,
              61.90716
            ],
            [
              25.71343,
              61.90716
            ],
            [
              25.71291,
              61.90604
            ],
            [
              25.71289,
              61.90554
            ],
            [
              25.71307,
              61.90494
            ],
            [
              25.71309,
              61.90465
            ],
            [
              25.71284,
              61.90381
            ],
            [
              25.71245,
              61.90293
            ],
            [
              25.71241,
              61.90264
            ],
            [
              25.71268,
              61.90141
            ],
            [
              25.71283,
              61.90098
            ],
            [
              25.71311,
              61.90054
            ],
            [
              25.71355,
              61.90001
            ],
            [
              25.71421,
              61.89935
            ],
            [
              25.71491,
              61.89882
            ],
            [
              25.71618,
              61.89799
            ],
            [
              25.71654,
              61.89761
            ],
            [
              25.71673,
              61.89716
            ],
            [
              25.71675,
              61.89687
            ],
            [
              25.71674,
              61.89459
            ],
            [
              25.71678,
              61.89392
            ],
            [
              25.71686,
              61.8936
            ],
            [
              25.71712,
              61.8931
            ],
            [
              25.71737,
              61.89278
            ],
            [
              25.71775,
              61.89242
            ],
            [
              25.71848,
              61.89192
            ],
            [
              25.7249,
              61.88815
            ],
            [
              25.7253,
              61.88784
            ],
            [
              25.72638,
              61.88682
            ],
            [
              25.72848,
              61.88469
            ],
            [
              25.72917,
              61.88409
            ],
            [
              25.72954,
              61.88384
            ],
            [
              25.7302,
              61.8835
            ],
            [
              25.73523,
              61.88136
            ],
            [
              25.73625,
              61.88075
            ],
            [
              25.7371,
              61.8803
            ],
            [
              25.73785,
              61.87997
            ],
            [
              25.73872,
              61.8797
            ],
            [
              25.74243,
              61.87921
            ],
            [
              25.74315,
              61.87907
            ],
            [
              25.74418,
              61.87875
            ],
            [
              25.7451,
              61.87834
            ],
            [
              25.74571,
              61.87789
            ],
            [
              25.74628,
              61.87709
            ],
            [
              25.74683,
              61.87643
            ],
            [
              25.74725,
              61.87613
            ],
            [
              25.75674,
              61.87064
            ],
            [
              25.75728,
              61.87016
            ],
            [
              25.75759,
              61.86963
            ],
            [
              25.7577,
              61.86916
            ],
            [
              25.75752,
              61.8686
            ],
            [
              25.75709,
              61.86788
            ],
            [
              25.75692,
              61.86733
            ],
            [
              25.75688,
              61.86678
            ],
            [
              25.7574,
              61.86397
            ],
            [
              25.75766,
              61.86335
            ],
            [
              25.75793,
              61.86304
            ],
            [
              25.75826,
              61.86275
            ],
            [
              25.7587,
              61.86247
            ],
            [
              25.75996,
              61.86186
            ],
            [
              25.76106,
              61.86145
            ],
            [
              25.76297,
              61.8609
            ],
            [
              25.76401,
              61.86052
            ],
            [
              25.76472,
              61.86019
            ],
            [
              25.76659,
              61.85904
            ],
            [
              25.76827,
              61.85761
            ],
            [
              25.76975,
              61.85678
            ],
            [
              25.77133,
              61.85601
            ],
            [
              25.77455,
              61.85365
            ],
            [
              25.77567,
              61.85296
            ],
            [
              25.77679,
              61.85236
            ],
            [
              25.77767,
              61.8517
            ],
            [
              25.77792,
              61.85145
            ],
            [
              25.77834,
              61.85082
            ],
            [
              25.77846,
              61.85047
            ],
            [
              25.77848,
              61.8501
            ],
            [
              25.77843,
              61.84946
            ],
            [
              25.77778,
              61.84594
            ],
            [
              25.77767,
              61.84513
            ],
            [
              25.77783,
              61.84397
            ],
            [
              25.77898,
              61.84128
            ],
            [
              25.77939,
              61.84071
            ],
            [
              25.77982,
              61.84038
            ],
            [
              25.78022,
              61.84015
            ],
            [
              25.78137,
              61.83968
            ],
            [
              25.77878,
              61.83824
            ],
            [
              25.77816,
              61.83802
            ],
            [
              25.7772,
              61.83784
            ],
            [
              25.77587,
              61.83775
            ],
            [
              25.77464,
              61.83781
            ],
            [
              25.77283,
              61.8381
            ],
            [
              25.77084,
              61.83818
            ],
            [
              25.77024,
              61.83818
            ],
            [
              25.76665,
              61.83781
            ],
            [
              25.76592,
              61.83779
            ],
            [
              25.76517,
              61.83784
            ],
            [
              25.76351,
              61.83806
            ],
            [
              25.75728,
              61.83807
            ],
            [
              25.75652,
              61.83803
            ],
            [
              25.75425,
              61.8376
            ],
            [
              25.75367,
              61.83754
            ],
            [
              25.74852,
              61.83774
            ],
            [
              25.74793,
              61.83773
            ],
            [
              25.74472,
              61.83744
            ],
            [
              25.73777,
              61.83716
            ],
            [
              25.73503,
              61.8372
            ],
            [
              25.73263,
              61.83735
            ],
            [
              25.73102,
              61.83721
            ],
            [
              25.72953,
              61.83687
            ],
            [
              25.72894,
              61.83668
            ],
            [
              25.72827,
              61.83635
            ],
            [
              25.72748,
              61.83576
            ],
            [
              25.7272,
              61.83548
            ],
            [
              25.72681,
              61.83466
            ],
            [
              25.72654,
              61.83354
            ],
            [
              25.72616,
              61.83307
            ],
            [
              25.72524,
              61.83237
            ],
            [
              25.72498,
              61.83211
            ],
            [
              25.72481,
              61.83183
            ],
            [
              25.7245,
              61.83079
            ],
            [
              25.7243,
              61.83039
            ],
            [
              25.7239,
              61.82988
            ],
            [
              25.72237,
              61.82761
            ],
            [
              25.72198,
              61.82724
            ],
            [
              25.72015,
              61.82607
            ],
            [
              25.71842,
              61.82508
            ],
            [
              25.71755,
              61.82459
            ],
            [
              25.71704,
              61.82435
            ],
            [
              25.71664,
              61.82423
            ],
            [
              25.71537,
              61.82392
            ],
            [
              25.7148,
              61.82384
            ],
            [
              25.71339,
              61.82379
            ],
            [
              25.71256,
              61.82383
            ],
            [
              25.70932,
              61.82422
            ],
            [
              25.7059,
              61.82451
            ],
            [
              25.70456,
              61.82447
            ],
            [
              25.70291,
              61.82433
            ],
            [
              25.70106,
              61.8244
            ],
            [
              25.69798,
              61.82436
            ],
            [
              25.69591,
              61.82448
            ],
            [
              25.69467,
              61.82465
            ],
            [
              25.69326,
              61.82468
            ],
            [
              25.68937,
              61.82442
            ],
            [
              25.68722,
              61.82421
            ],
            [
              25.68525,
              61.82381
            ],
            [
              25.68427,
              61.82341
            ],
            [
              25.68354,
              61.82296
            ],
            [
              25.6832,
              61.82269
            ],
            [
              25.68289,
              61.82237
            ],
            [
              25.68265,
              61.82203
            ],
            [
              25.682,
              61.81951
            ],
            [
              25.6803,
              61.81644
            ],
            [
              25.68009,
              61.81596
            ],
            [
              25.68005,
              61.8157
            ],
            [
              25.68008,
              61.81533
            ],
            [
              25.68018,
              61.81494
            ],
            [
              25.6804,
              61.8146
            ],
            [
              25.68067,
              61.81431
            ],
            [
              25.68118,
              61.8139
            ],
            [
              25.68363,
              61.81218
            ],
            [
              25.68428,
              61.81156
            ],
            [
              25.6852,
              61.81027
            ],
            [
              25.6879,
              61.80756
            ],
            [
              25.6884,
              61.80689
            ],
            [
              25.68922,
              61.8054
            ],
            [
              25.68956,
              61.8046
            ],
            [
              25.68963,
              61.80427
            ],
            [
              25.68962,
              61.80399
            ],
            [
              25.690295,
              61.803992
            ],
            [
              25.693097,
              61.802941
            ],
            [
              25.693556,
              61.802734
            ],
            [
              25.694785,
              61.801917
            ],
            [
              25.695453,
              61.801598
            ],
            [
              25.696304,
              61.801319
            ],
            [
              25.697263,
              61.80104
            ],
            [
              25.69829,
              61.80054
            ],
            [
              25.698805,
              61.800343
            ],
            [
              25.703197,
              61.796856
            ],
            [
              25.703468,
              61.79678
            ],
            [
              25.70328,
              61.7967
            ],
            [
              25.70321,
              61.796782
            ],
            [
              25.70309,
              61.796857
            ],
            [
              25.701928,
              61.797729
            ],
            [
              25.69868,
              61.80033
            ],
            [
              25.697882,
              61.80066
            ],
            [
              25.69717,
              61.80099
            ],
            [
              25.69623,
              61.80124
            ],
            [
              25.69536,
              61.80154
            ],
            [
              25.6947,
              61.80188
            ],
            [
              25.69343,
              61.8027
            ],
            [
              25.69304,
              61.80289
            ],
            [
              25.69022,
              61.80392
            ],
            [
              25.68985,
              61.803906
            ],
            [
              25.689672,
              61.80388
            ],
            [
              25.68951,
              61.80361
            ],
            [
              25.68933,
              61.8033
            ],
            [
              25.68909,
              61.80302
            ],
            [
              25.68855,
              61.80259
            ],
            [
              25.68784,
              61.8022
            ],
            [
              25.6838,
              61.80028
            ],
            [
              25.68223,
              61.79988
            ],
            [
              25.67954,
              61.79955
            ],
            [
              25.6788,
              61.79939
            ],
            [
              25.6775,
              61.79896
            ],
            [
              25.67294,
              61.79692
            ],
            [
              25.67043,
              61.7962
            ],
            [
              25.6695,
              61.79584
            ],
            [
              25.66877,
              61.79548
            ],
            [
              25.66637,
              61.79413
            ],
            [
              25.6653,
              61.79364
            ],
            [
              25.66434,
              61.79335
            ],
            [
              25.65965,
              61.79212
            ],
            [
              25.6589,
              61.79186
            ],
            [
              25.65717,
              61.79101
            ],
            [
              25.65586,
              61.79057
            ],
            [
              25.65498,
              61.79016
            ],
            [
              25.65451,
              61.78987
            ],
            [
              25.65352,
              61.78899
            ],
            [
              25.65293,
              61.78862
            ],
            [
              25.6519,
              61.78819
            ],
            [
              25.65093,
              61.78794
            ],
            [
              25.65032,
              61.78784
            ],
            [
              25.64771,
              61.78753
            ],
            [
              25.64613,
              61.78715
            ],
            [
              25.64503,
              61.78668
            ],
            [
              25.64236,
              61.78511
            ],
            [
              25.64156,
              61.78476
            ],
            [
              25.63739,
              61.7832
            ],
            [
              25.63327,
              61.78115
            ],
            [
              25.63154,
              61.78065
            ],
            [
              25.62799,
              61.77982
            ],
            [
              25.62727,
              61.77959
            ],
            [
              25.62643,
              61.77923
            ],
            [
              25.62553,
              61.7786
            ],
            [
              25.62351,
              61.77687
            ],
            [
              25.62292,
              61.77645
            ],
            [
              25.61484,
              61.77199
            ],
            [
              25.61183,
              61.77093
            ],
            [
              25.61088,
              61.77071
            ],
            [
              25.60926,
              61.77047
            ],
            [
              25.60531,
              61.77006
            ],
            [
              25.60433,
              61.76979
            ],
            [
              25.60168,
              61.76885
            ],
            [
              25.6012,
              61.76872
            ],
            [
              25.59966,
              61.7684
            ],
            [
              25.5955,
              61.76771
            ],
            [
              25.59464,
              61.76747
            ],
            [
              25.59399,
              61.76721
            ],
            [
              25.59333,
              61.76681
            ],
            [
              25.593,
              61.76655
            ],
            [
              25.59265,
              61.76616
            ],
            [
              25.59251,
              61.7659
            ],
            [
              25.59239,
              61.7655
            ],
            [
              25.59228,
              61.76341
            ],
            [
              25.59215,
              61.76295
            ],
            [
              25.592,
              61.76268
            ],
            [
              25.59154,
              61.7622
            ],
            [
              25.59118,
              61.76192
            ],
            [
              25.59077,
              61.76168
            ],
            [
              25.59024,
              61.76143
            ],
            [
              25.58966,
              61.76124
            ],
            [
              25.58854,
              61.76098
            ],
            [
              25.58099,
              61.76015
            ],
            [
              25.57981,
              61.76
            ],
            [
              25.57918,
              61.75987
            ],
            [
              25.57862,
              61.75973
            ],
            [
              25.5776,
              61.75937
            ],
            [
              25.57649,
              61.75861
            ],
            [
              25.57172,
              61.75451
            ],
            [
              25.57126,
              61.75401
            ],
            [
              25.57092,
              61.75357
            ],
            [
              25.57079,
              61.75331
            ],
            [
              25.57073,
              61.75305
            ],
            [
              25.57083,
              61.75172
            ],
            [
              25.57076,
              61.75116
            ],
            [
              25.57054,
              61.75076
            ],
            [
              25.57022,
              61.7504
            ],
            [
              25.56525,
              61.74553
            ],
            [
              25.56406,
              61.74432
            ],
            [
              25.56386,
              61.74402
            ],
            [
              25.56368,
              61.74336
            ],
            [
              25.56369,
              61.74298
            ],
            [
              25.5639,
              61.7424
            ],
            [
              25.56475,
              61.74073
            ],
            [
              25.56483,
              61.74042
            ],
            [
              25.56486,
              61.74007
            ],
            [
              25.56482,
              61.73975
            ],
            [
              25.56465,
              61.73943
            ],
            [
              25.56439,
              61.73909
            ],
            [
              25.55888,
              61.73456
            ],
            [
              25.55795,
              61.73397
            ],
            [
              25.55687,
              61.73357
            ],
            [
              25.55616,
              61.7334
            ],
            [
              25.55258,
              61.73297
            ],
            [
              25.55097,
              61.73265
            ],
            [
              25.55024,
              61.7324
            ],
            [
              25.54571,
              61.7301
            ],
            [
              25.5449,
              61.72963
            ],
            [
              25.54438,
              61.72914
            ],
            [
              25.54418,
              61.72886
            ],
            [
              25.54404,
              61.72839
            ],
            [
              25.54402,
              61.72793
            ],
            [
              25.54468,
              61.72574
            ],
            [
              25.54492,
              61.72526
            ],
            [
              25.54562,
              61.7246
            ],
            [
              25.5538,
              61.71847
            ],
            [
              25.55894,
              61.7144
            ],
            [
              25.56278,
              61.71229
            ],
            [
              25.56509,
              61.71088
            ],
            [
              25.56574,
              61.71039
            ],
            [
              25.56626,
              61.70988
            ],
            [
              25.56866,
              61.70695
            ],
            [
              25.56966,
              61.70588
            ],
            [
              25.57117,
              61.70467
            ],
            [
              25.57217,
              61.70419
            ],
            [
              25.57328,
              61.70384
            ],
            [
              25.57402,
              61.70371
            ],
            [
              25.57618,
              61.70355
            ],
            [
              25.5819,
              61.70327
            ],
            [
              25.58277,
              61.70328
            ],
            [
              25.58744,
              61.70364
            ],
            [
              25.5884,
              61.70366
            ],
            [
              25.58923,
              61.70362
            ],
            [
              25.59636,
              61.70279
            ],
            [
              25.59816,
              61.70234
            ],
            [
              25.60146,
              61.70137
            ],
            [
              25.6021,
              61.70112
            ],
            [
              25.60874,
              61.69757
            ],
            [
              25.60954,
              61.6972
            ],
            [
              25.61033,
              61.69688
            ],
            [
              25.61386,
              61.69566
            ],
            [
              25.61438,
              61.69551
            ],
            [
              25.61557,
              61.69532
            ],
            [
              25.6164,
              61.69524
            ],
            [
              25.6174,
              61.69525
            ],
            [
              25.61847,
              61.69536
            ],
            [
              25.61937,
              61.69551
            ],
            [
              25.62447,
              61.69657
            ],
            [
              25.62538,
              61.69668
            ],
            [
              25.62619,
              61.69672
            ],
            [
              25.62756,
              61.69668
            ],
            [
              25.62771,
              61.69666
            ],
            [
              25.63268,
              61.69595
            ],
            [
              25.6338,
              61.69584
            ],
            [
              25.63474,
              61.69582
            ],
            [
              25.6392,
              61.69603
            ],
            [
              25.63961,
              61.69602
            ],
            [
              25.64077,
              61.69586
            ],
            [
              25.64173,
              61.69557
            ],
            [
              25.6425,
              61.69522
            ],
            [
              25.64316,
              61.69474
            ],
            [
              25.64607,
              61.69149
            ],
            [
              25.64666,
              61.69091
            ],
            [
              25.64737,
              61.69036
            ],
            [
              25.64822,
              61.68983
            ],
            [
              25.64941,
              61.68927
            ],
            [
              25.65074,
              61.68878
            ],
            [
              25.65493,
              61.68766
            ],
            [
              25.65602,
              61.68718
            ],
            [
              25.65673,
              61.68664
            ],
            [
              25.657,
              61.68632
            ],
            [
              25.65715,
              61.68607
            ],
            [
              25.65728,
              61.6857
            ],
            [
              25.6573,
              61.68535
            ],
            [
              25.65722,
              61.68502
            ],
            [
              25.65694,
              61.68449
            ],
            [
              25.6562,
              61.6838
            ],
            [
              25.65283,
              61.68126
            ],
            [
              25.65142,
              61.68008
            ],
            [
              25.65096,
              61.67953
            ],
            [
              25.65067,
              61.67909
            ],
            [
              25.64935,
              61.6766
            ],
            [
              25.64843,
              61.67503
            ],
            [
              25.64812,
              61.67468
            ],
            [
              25.64755,
              61.6742
            ],
            [
              25.64465,
              61.67225
            ],
            [
              25.64409,
              61.67199
            ],
            [
              25.64248,
              61.67149
            ],
            [
              25.64178,
              61.67135
            ],
            [
              25.64065,
              61.67123
            ],
            [
              25.63873,
              61.67116
            ],
            [
              25.62804,
              61.67172
            ],
            [
              25.62653,
              61.67162
            ],
            [
              25.62581,
              61.67151
            ],
            [
              25.62498,
              61.67131
            ],
            [
              25.62085,
              61.66998
            ],
            [
              25.62011,
              61.66968
            ],
            [
              25.61428,
              61.66686
            ],
            [
              25.61089,
              61.66514
            ],
            [
              25.61045,
              61.66489
            ],
            [
              25.60985,
              61.66431
            ],
            [
              25.60964,
              61.6638
            ],
            [
              25.60959,
              61.66349
            ],
            [
              25.60966,
              61.66311
            ],
            [
              25.61357,
              61.65564
            ],
            [
              25.61485,
              61.65392
            ],
            [
              25.61522,
              61.6533
            ],
            [
              25.61571,
              61.65132
            ],
            [
              25.61608,
              61.65039
            ],
            [
              25.61714,
              61.64897
            ],
            [
              25.61734,
              61.6486
            ],
            [
              25.61784,
              61.64728
            ],
            [
              25.61816,
              61.64695
            ],
            [
              25.61879,
              61.64646
            ],
            [
              25.61972,
              61.64604
            ],
            [
              25.62093,
              61.64572
            ],
            [
              25.62223,
              61.64556
            ],
            [
              25.62649,
              61.64521
            ],
            [
              25.63111,
              61.64427
            ],
            [
              25.63237,
              61.64395
            ],
            [
              25.63297,
              61.64375
            ],
            [
              25.63413,
              61.64321
            ],
            [
              25.63537,
              61.64242
            ],
            [
              25.63888,
              61.64004
            ],
            [
              25.64003,
              61.63946
            ],
            [
              25.64154,
              61.63888
            ],
            [
              25.64241,
              61.63836
            ],
            [
              25.64297,
              61.63776
            ],
            [
              25.64397,
              61.63627
            ],
            [
              25.64435,
              61.63587
            ],
            [
              25.64509,
              61.63543
            ],
            [
              25.64617,
              61.63505
            ],
            [
              25.65064,
              61.63381
            ],
            [
              25.65164,
              61.63344
            ],
            [
              25.6526,
              61.63293
            ],
            [
              25.6549,
              61.63124
            ],
            [
              25.65525,
              61.63091
            ],
            [
              25.65556,
              61.63055
            ],
            [
              25.65652,
              61.62901
            ],
            [
              25.6586,
              61.62732
            ],
            [
              25.66194,
              61.62324
            ],
            [
              25.66416,
              61.61859
            ],
            [
              25.66432,
              61.61812
            ],
            [
              25.66439,
              61.61764
            ],
            [
              25.66436,
              61.61699
            ],
            [
              25.66418,
              61.6162
            ],
            [
              25.66373,
              61.61541
            ],
            [
              25.66323,
              61.61481
            ],
            [
              25.66271,
              61.61397
            ],
            [
              25.66183,
              61.61225
            ],
            [
              25.66168,
              61.61182
            ],
            [
              25.6617,
              61.6114
            ],
            [
              25.66182,
              61.611
            ],
            [
              25.6621,
              61.61061
            ],
            [
              25.6636,
              61.60937
            ],
            [
              25.66418,
              61.60867
            ],
            [
              25.66481,
              61.60718
            ],
            [
              25.66486,
              61.60695
            ],
            [
              25.6648,
              61.60661
            ],
            [
              25.66454,
              61.60605
            ],
            [
              25.6642,
              61.60549
            ],
            [
              25.66333,
              61.60451
            ],
            [
              25.66312,
              61.60415
            ],
            [
              25.663,
              61.60385
            ],
            [
              25.66269,
              61.60228
            ],
            [
              25.66276,
              61.60174
            ],
            [
              25.66296,
              61.60115
            ],
            [
              25.66335,
              61.60051
            ],
            [
              25.6642,
              61.59958
            ],
            [
              25.66457,
              61.59901
            ],
            [
              25.66473,
              61.59844
            ],
            [
              25.6648,
              61.59735
            ],
            [
              25.66464,
              61.59636
            ],
            [
              25.66413,
              61.59529
            ],
            [
              25.66382,
              61.5947
            ],
            [
              25.66362,
              61.59444
            ],
            [
              25.66298,
              61.59318
            ],
            [
              25.66279,
              61.59228
            ],
            [
              25.66271,
              61.59147
            ],
            [
              25.66205,
              61.58948
            ],
            [
              25.66198,
              61.58895
            ],
            [
              25.66217,
              61.58734
            ],
            [
              25.66181,
              61.58599
            ],
            [
              25.66165,
              61.58512
            ],
            [
              25.66166,
              61.58484
            ],
            [
              25.66193,
              61.58363
            ],
            [
              25.66193,
              61.5834
            ],
            [
              25.66181,
              61.58304
            ],
            [
              25.66163,
              61.58272
            ],
            [
              25.66017,
              61.5812
            ],
            [
              25.65998,
              61.58092
            ],
            [
              25.65984,
              61.58053
            ],
            [
              25.65972,
              61.57893
            ],
            [
              25.65969,
              61.57777
            ],
            [
              25.6596,
              61.57741
            ],
            [
              25.6593,
              61.57698
            ],
            [
              25.65855,
              61.57647
            ],
            [
              25.65509,
              61.57488
            ],
            [
              25.65402,
              61.57416
            ],
            [
              25.65249,
              61.57247
            ],
            [
              25.6522,
              61.57193
            ],
            [
              25.65194,
              61.57096
            ],
            [
              25.6516,
              61.5703
            ],
            [
              25.6513,
              61.56987
            ],
            [
              25.651,
              61.56956
            ],
            [
              25.65052,
              61.56918
            ],
            [
              25.64879,
              61.56825
            ],
            [
              25.64802,
              61.56774
            ],
            [
              25.64725,
              61.56697
            ],
            [
              25.64697,
              61.56646
            ],
            [
              25.64673,
              61.56576
            ],
            [
              25.64675,
              61.56515
            ],
            [
              25.6469,
              61.56478
            ],
            [
              25.64763,
              61.56387
            ],
            [
              25.64787,
              61.56341
            ],
            [
              25.64788,
              61.56315
            ],
            [
              25.64769,
              61.56189
            ],
            [
              25.6477,
              61.56122
            ],
            [
              25.64822,
              61.55818
            ],
            [
              25.64841,
              61.55778
            ],
            [
              25.64909,
              61.5571
            ],
            [
              25.64954,
              61.55633
            ],
            [
              25.64979,
              61.55599
            ],
            [
              25.65018,
              61.55559
            ],
            [
              25.65085,
              61.5551
            ],
            [
              25.65278,
              61.55415
            ],
            [
              25.65373,
              61.55361
            ],
            [
              25.65492,
              61.55278
            ],
            [
              25.65533,
              61.55237
            ],
            [
              25.6556,
              61.55201
            ],
            [
              25.65576,
              61.5517
            ],
            [
              25.65585,
              61.55105
            ],
            [
              25.65554,
              61.54975
            ],
            [
              25.65561,
              61.54918
            ],
            [
              25.65571,
              61.54896
            ],
            [
              25.65627,
              61.54833
            ],
            [
              25.65758,
              61.54744
            ],
            [
              25.65824,
              61.54684
            ],
            [
              25.65857,
              61.54626
            ],
            [
              25.65875,
              61.54557
            ],
            [
              25.65876,
              61.545
            ],
            [
              25.6587,
              61.54435
            ],
            [
              25.65875,
              61.54402
            ],
            [
              25.65889,
              61.54362
            ],
            [
              25.65943,
              61.54258
            ],
            [
              25.65967,
              61.54231
            ],
            [
              25.66043,
              61.5417
            ],
            [
              25.66065,
              61.54147
            ],
            [
              25.66087,
              61.54105
            ],
            [
              25.66107,
              61.54029
            ],
            [
              25.66119,
              61.54005
            ],
            [
              25.66234,
              61.53885
            ],
            [
              25.66247,
              61.53856
            ],
            [
              25.66256,
              61.53813
            ],
            [
              25.66236,
              61.53689
            ],
            [
              25.66235,
              61.53654
            ],
            [
              25.66242,
              61.53596
            ],
            [
              25.66233,
              61.53548
            ],
            [
              25.66199,
              61.53443
            ],
            [
              25.66179,
              61.53419
            ],
            [
              25.66116,
              61.53371
            ],
            [
              25.65955,
              61.5328
            ],
            [
              25.65905,
              61.53244
            ],
            [
              25.65884,
              61.53205
            ],
            [
              25.65871,
              61.53167
            ],
            [
              25.65871,
              61.53136
            ],
            [
              25.65901,
              61.53035
            ],
            [
              25.65898,
              61.53006
            ],
            [
              25.65862,
              61.52928
            ],
            [
              25.65858,
              61.5291
            ],
            [
              25.65908,
              61.52774
            ],
            [
              25.65925,
              61.52702
            ],
            [
              25.65901,
              61.52581
            ],
            [
              25.659,
              61.52524
            ],
            [
              25.65905,
              61.5249
            ],
            [
              25.65918,
              61.52462
            ],
            [
              25.65985,
              61.52373
            ],
            [
              25.6601,
              61.52316
            ],
            [
              25.66028,
              61.52222
            ],
            [
              25.66027,
              61.52175
            ],
            [
              25.66001,
              61.52076
            ],
            [
              25.65976,
              61.52024
            ],
            [
              25.65861,
              61.51835
            ],
            [
              25.65843,
              61.51792
            ],
            [
              25.65805,
              61.51604
            ],
            [
              25.65745,
              61.51428
            ],
            [
              25.65744,
              61.51298
            ],
            [
              25.65751,
              61.51261
            ],
            [
              25.65767,
              61.51228
            ],
            [
              25.65795,
              61.51188
            ],
            [
              25.65838,
              61.51146
            ],
            [
              25.66026,
              61.51004
            ],
            [
              25.66061,
              61.50975
            ],
            [
              25.66102,
              61.5093
            ],
            [
              25.66174,
              61.50881
            ],
            [
              25.66269,
              61.50842
            ],
            [
              25.66263,
              61.50835
            ],
            [
              25.66264,
              61.50826
            ],
            [
              25.66315,
              61.50817
            ],
            [
              25.66453,
              61.50775
            ],
            [
              25.66552,
              61.50732
            ],
            [
              25.6663,
              61.50705
            ],
            [
              25.66935,
              61.50666
            ],
            [
              25.66998,
              61.50649
            ],
            [
              25.67038,
              61.50633
            ],
            [
              25.67101,
              61.50594
            ],
            [
              25.67143,
              61.50552
            ],
            [
              25.67157,
              61.50526
            ],
            [
              25.67168,
              61.50464
            ],
            [
              25.67178,
              61.50445
            ],
            [
              25.67232,
              61.50402
            ],
            [
              25.67302,
              61.50365
            ],
            [
              25.67448,
              61.50326
            ],
            [
              25.6749,
              61.5031
            ],
            [
              25.67557,
              61.50273
            ],
            [
              25.67617,
              61.50227
            ],
            [
              25.67657,
              61.50208
            ],
            [
              25.67772,
              61.50178
            ],
            [
              25.67841,
              61.50166
            ],
            [
              25.67949,
              61.50161
            ],
            [
              25.68389,
              61.50183
            ],
            [
              25.68447,
              61.50194
            ],
            [
              25.68497,
              61.50214
            ],
            [
              25.68901,
              61.50172
            ],
            [
              25.6907,
              61.5013
            ],
            [
              25.69124,
              61.50111
            ],
            [
              25.69191,
              61.5008
            ],
            [
              25.69255,
              61.50043
            ],
            [
              25.69282,
              61.50053
            ],
            [
              25.69346,
              61.50016
            ],
            [
              25.69639,
              61.49816
            ],
            [
              25.69709,
              61.49778
            ],
            [
              25.70038,
              61.49659
            ],
            [
              25.70195,
              61.49586
            ],
            [
              25.70278,
              61.49535
            ],
            [
              25.70339,
              61.49511
            ],
            [
              25.70452,
              61.49475
            ],
            [
              25.70627,
              61.49434
            ],
            [
              25.70943,
              61.49393
            ],
            [
              25.71076,
              61.49366
            ],
            [
              25.71199,
              61.49329
            ],
            [
              25.71296,
              61.49289
            ],
            [
              25.71349,
              61.49263
            ],
            [
              25.71431,
              61.49212
            ],
            [
              25.71552,
              61.49101
            ],
            [
              25.71636,
              61.49016
            ],
            [
              25.71781,
              61.48892
            ],
            [
              25.71799,
              61.48863
            ],
            [
              25.71804,
              61.48838
            ],
            [
              25.71856,
              61.48777
            ],
            [
              25.71911,
              61.48693
            ],
            [
              25.71945,
              61.48608
            ],
            [
              25.71959,
              61.48554
            ],
            [
              25.71964,
              61.48485
            ],
            [
              25.71965,
              61.48441
            ],
            [
              25.71953,
              61.48362
            ],
            [
              25.71939,
              61.48319
            ],
            [
              25.71902,
              61.48241
            ],
            [
              25.71841,
              61.4815
            ],
            [
              25.71746,
              61.48051
            ],
            [
              25.71615,
              61.47945
            ],
            [
              25.71547,
              61.47878
            ],
            [
              25.71482,
              61.47798
            ],
            [
              25.71419,
              61.4768
            ],
            [
              25.71396,
              61.47613
            ],
            [
              25.71289,
              61.47192
            ],
            [
              25.71264,
              61.46963
            ],
            [
              25.71263,
              61.46909
            ],
            [
              25.7128,
              61.46783
            ],
            [
              25.71297,
              61.467
            ],
            [
              25.71321,
              61.46616
            ],
            [
              25.7135,
              61.46544
            ],
            [
              25.71379,
              61.46473
            ],
            [
              25.71465,
              61.46328
            ],
            [
              25.71566,
              61.46184
            ],
            [
              25.71701,
              61.46031
            ],
            [
              25.71965,
              61.45789
            ],
            [
              25.72034,
              61.45711
            ],
            [
              25.72096,
              61.45618
            ],
            [
              25.72153,
              61.45509
            ],
            [
              25.72427,
              61.44919
            ],
            [
              25.72443,
              61.44866
            ],
            [
              25.72451,
              61.44804
            ],
            [
              25.72447,
              61.44735
            ],
            [
              25.72434,
              61.44679
            ],
            [
              25.72401,
              61.44593
            ],
            [
              25.72364,
              61.44537
            ],
            [
              25.72274,
              61.4444
            ],
            [
              25.72206,
              61.44387
            ],
            [
              25.72146,
              61.44351
            ],
            [
              25.72062,
              61.44312
            ],
            [
              25.71807,
              61.44205
            ],
            [
              25.714,
              61.44047
            ],
            [
              25.71086,
              61.43955
            ],
            [
              25.70853,
              61.43909
            ],
            [
              25.69982,
              61.43804
            ],
            [
              25.69904,
              61.43791
            ],
            [
              25.69695,
              61.43742
            ],
            [
              25.69495,
              61.43678
            ],
            [
              25.69372,
              61.43627
            ],
            [
              25.68971,
              61.43428
            ],
            [
              25.68831,
              61.43346
            ],
            [
              25.68743,
              61.43272
            ],
            [
              25.68705,
              61.4323
            ],
            [
              25.6867,
              61.43182
            ],
            [
              25.68649,
              61.4314
            ],
            [
              25.68625,
              61.43071
            ],
            [
              25.68606,
              61.42945
            ],
            [
              25.68584,
              61.42883
            ],
            [
              25.68542,
              61.42827
            ],
            [
              25.68514,
              61.42795
            ],
            [
              25.68347,
              61.42651
            ],
            [
              25.68287,
              61.42587
            ],
            [
              25.68193,
              61.42473
            ],
            [
              25.68151,
              61.42432
            ],
            [
              25.67913,
              61.42234
            ],
            [
              25.67838,
              61.42155
            ],
            [
              25.67775,
              61.42068
            ],
            [
              25.6775,
              61.42021
            ],
            [
              25.67723,
              61.41956
            ],
            [
              25.67686,
              61.41809
            ],
            [
              25.67668,
              61.4176
            ],
            [
              25.67629,
              61.41697
            ],
            [
              25.67548,
              61.41614
            ],
            [
              25.67307,
              61.41416
            ],
            [
              25.67242,
              61.41353
            ],
            [
              25.67197,
              61.41303
            ],
            [
              25.67171,
              61.41266
            ],
            [
              25.67098,
              61.41144
            ],
            [
              25.67034,
              61.41075
            ],
            [
              25.66986,
              61.41039
            ],
            [
              25.66934,
              61.41008
            ],
            [
              25.66872,
              61.40979
            ],
            [
              25.66242,
              61.40743
            ],
            [
              25.66091,
              61.40676
            ],
            [
              25.65979,
              61.4061
            ],
            [
              25.65925,
              61.40571
            ],
            [
              25.65816,
              61.4047
            ],
            [
              25.65761,
              61.40395
            ],
            [
              25.6573,
              61.40336
            ],
            [
              25.65691,
              61.40223
            ],
            [
              25.65663,
              61.40159
            ],
            [
              25.65607,
              61.40084
            ],
            [
              25.6557,
              61.4005
            ],
            [
              25.6534,
              61.39882
            ],
            [
              25.65285,
              61.39834
            ],
            [
              25.65246,
              61.39789
            ],
            [
              25.65213,
              61.39741
            ],
            [
              25.65127,
              61.3952
            ],
            [
              25.6499,
              61.39293
            ],
            [
              25.64958,
              61.39229
            ],
            [
              25.6494,
              61.3918
            ],
            [
              25.64912,
              61.39083
            ],
            [
              25.64904,
              61.39037
            ],
            [
              25.64898,
              61.38929
            ],
            [
              25.64907,
              61.38838
            ],
            [
              25.64656,
              61.38816
            ],
            [
              25.6456,
              61.38823
            ],
            [
              25.6446,
              61.38838
            ],
            [
              25.6436,
              61.38838
            ],
            [
              25.64295,
              61.38832
            ],
            [
              25.63975,
              61.38773
            ],
            [
              25.63914,
              61.38767
            ],
            [
              25.63819,
              61.38764
            ],
            [
              25.63678,
              61.38775
            ],
            [
              25.63638,
              61.38774
            ],
            [
              25.63475,
              61.38757
            ],
            [
              25.63388,
              61.38757
            ],
            [
              25.63245,
              61.38746
            ],
            [
              25.63146,
              61.38734
            ],
            [
              25.62803,
              61.3863
            ],
            [
              25.62694,
              61.38585
            ],
            [
              25.62654,
              61.38562
            ],
            [
              25.62618,
              61.38535
            ],
            [
              25.62559,
              61.38479
            ],
            [
              25.62522,
              61.38418
            ],
            [
              25.62474,
              61.38304
            ],
            [
              25.62456,
              61.38281
            ],
            [
              25.62421,
              61.38254
            ],
            [
              25.6236,
              61.38228
            ],
            [
              25.62284,
              61.3821
            ],
            [
              25.62198,
              61.38203
            ],
            [
              25.62057,
              61.38203
            ],
            [
              25.61999,
              61.38194
            ],
            [
              25.61833,
              61.38115
            ],
            [
              25.61693,
              61.38061
            ],
            [
              25.61599,
              61.38032
            ],
            [
              25.61319,
              61.37984
            ],
            [
              25.61081,
              61.37912
            ],
            [
              25.60844,
              61.37863
            ],
            [
              25.60614,
              61.3783
            ],
            [
              25.6037,
              61.37768
            ],
            [
              25.60254,
              61.37746
            ],
            [
              25.6016,
              61.37743
            ],
            [
              25.59881,
              61.37797
            ],
            [
              25.59596,
              61.37825
            ],
            [
              25.59533,
              61.37823
            ],
            [
              25.59315,
              61.37801
            ],
            [
              25.58803,
              61.37785
            ],
            [
              25.58729,
              61.37775
            ],
            [
              25.58701,
              61.37767
            ],
            [
              25.58667,
              61.3775
            ],
            [
              25.58608,
              61.37699
            ],
            [
              25.58536,
              61.37622
            ],
            [
              25.58469,
              61.37506
            ],
            [
              25.5845,
              61.37487
            ],
            [
              25.58363,
              61.37436
            ],
            [
              25.58245,
              61.37353
            ],
            [
              25.58126,
              61.37295
            ],
            [
              25.5806,
              61.37251
            ],
            [
              25.58005,
              61.37183
            ],
            [
              25.57973,
              61.37162
            ],
            [
              25.57987,
              61.37132
            ],
            [
              25.5799,
              61.37111
            ],
            [
              25.57985,
              61.37088
            ],
            [
              25.57963,
              61.37042
            ],
            [
              25.58134,
              61.37033
            ],
            [
              25.58243,
              61.37014
            ],
            [
              25.58254,
              61.37006
            ],
            [
              25.58285,
              61.36961
            ],
            [
              25.58293,
              61.36939
            ],
            [
              25.58321,
              61.36902
            ],
            [
              25.5843,
              61.36806
            ],
            [
              25.58505,
              61.36774
            ],
            [
              25.5859,
              61.36729
            ],
            [
              25.58763,
              61.36657
            ],
            [
              25.58794,
              61.36647
            ],
            [
              25.58861,
              61.36636
            ],
            [
              25.59042,
              61.36587
            ],
            [
              25.59107,
              61.36577
            ],
            [
              25.59148,
              61.36578
            ],
            [
              25.59186,
              61.36572
            ],
            [
              25.59238,
              61.36561
            ],
            [
              25.59336,
              61.36531
            ],
            [
              25.59429,
              61.36522
            ],
            [
              25.59469,
              61.36515
            ],
            [
              25.59495,
              61.36505
            ],
            [
              25.59541,
              61.36479
            ],
            [
              25.59638,
              61.36445
            ],
            [
              25.59646,
              61.36412
            ],
            [
              25.5968,
              61.36376
            ],
            [
              25.59714,
              61.36357
            ],
            [
              25.59838,
              61.36319
            ],
            [
              25.59987,
              61.36258
            ],
            [
              25.60195,
              61.36148
            ],
            [
              25.60346,
              61.36061
            ],
            [
              25.60376,
              61.36035
            ],
            [
              25.60428,
              61.35976
            ],
            [
              25.60461,
              61.3591
            ],
            [
              25.60464,
              61.35894
            ],
            [
              25.60394,
              61.35659
            ],
            [
              25.60378,
              61.35633
            ],
            [
              25.60239,
              61.35478
            ],
            [
              25.60232,
              61.35462
            ],
            [
              25.60233,
              61.3538
            ],
            [
              25.60225,
              61.35347
            ],
            [
              25.60208,
              61.35333
            ],
            [
              25.60181,
              61.35323
            ],
            [
              25.60067,
              61.35292
            ],
            [
              25.60159,
              61.35193
            ],
            [
              25.60184,
              61.35175
            ],
            [
              25.60215,
              61.35162
            ],
            [
              25.60537,
              61.35068
            ],
            [
              25.60655,
              61.35045
            ],
            [
              25.61663,
              61.34943
            ],
            [
              25.61497,
              61.34816
            ],
            [
              25.61383,
              61.34748
            ],
            [
              25.61322,
              61.3472
            ],
            [
              25.61061,
              61.34624
            ],
            [
              25.60919,
              61.34576
            ],
            [
              25.60841,
              61.34555
            ],
            [
              25.59966,
              61.34346
            ],
            [
              25.59873,
              61.34333
            ],
            [
              25.59705,
              61.34324
            ],
            [
              25.59624,
              61.34309
            ],
            [
              25.5955,
              61.3428
            ],
            [
              25.59517,
              61.34263
            ],
            [
              25.59493,
              61.34244
            ],
            [
              25.5947,
              61.34218
            ],
            [
              25.59429,
              61.34147
            ],
            [
              25.59402,
              61.34115
            ],
            [
              25.59327,
              61.34053
            ],
            [
              25.59273,
              61.34023
            ],
            [
              25.59152,
              61.33968
            ],
            [
              25.59018,
              61.33923
            ],
            [
              25.58133,
              61.33701
            ],
            [
              25.5805,
              61.33674
            ],
            [
              25.57905,
              61.33615
            ],
            [
              25.57769,
              61.33545
            ],
            [
              25.57708,
              61.33505
            ],
            [
              25.57614,
              61.33431
            ],
            [
              25.57518,
              61.33326
            ],
            [
              25.57424,
              61.33203
            ],
            [
              25.57394,
              61.33169
            ],
            [
              25.57359,
              61.3314
            ],
            [
              25.57061,
              61.32951
            ],
            [
              25.56973,
              61.32887
            ],
            [
              25.56948,
              61.32859
            ],
            [
              25.56929,
              61.32822
            ],
            [
              25.56924,
              61.32794
            ],
            [
              25.56925,
              61.32716
            ],
            [
              25.56918,
              61.32683
            ],
            [
              25.56892,
              61.32629
            ],
            [
              25.56857,
              61.32588
            ],
            [
              25.56825,
              61.32559
            ],
            [
              25.56777,
              61.32526
            ],
            [
              25.5672,
              61.32493
            ],
            [
              25.56649,
              61.32464
            ],
            [
              25.55941,
              61.32265
            ],
            [
              25.55803,
              61.32221
            ],
            [
              25.55711,
              61.32175
            ],
            [
              25.55669,
              61.32147
            ],
            [
              25.55602,
              61.32094
            ],
            [
              25.55576,
              61.32065
            ],
            [
              25.55555,
              61.3203
            ],
            [
              25.55481,
              61.31818
            ],
            [
              25.55435,
              61.31715
            ],
            [
              25.55384,
              61.31646
            ],
            [
              25.5534,
              61.31599
            ],
            [
              25.55153,
              61.31442
            ],
            [
              25.5508,
              61.31369
            ],
            [
              25.5505,
              61.31313
            ],
            [
              25.54999,
              61.31155
            ],
            [
              25.5495,
              61.31072
            ],
            [
              25.54836,
              61.30901
            ],
            [
              25.54751,
              61.30823
            ],
            [
              25.54481,
              61.30642
            ],
            [
              25.54342,
              61.3056
            ],
            [
              25.5428,
              61.30518
            ],
            [
              25.54079,
              61.3035
            ],
            [
              25.54012,
              61.30265
            ],
            [
              25.53753,
              61.29907
            ],
            [
              25.5366,
              61.29755
            ],
            [
              25.53586,
              61.29665
            ],
            [
              25.53444,
              61.2952
            ],
            [
              25.53399,
              61.29465
            ],
            [
              25.5336,
              61.29412
            ],
            [
              25.53231,
              61.292
            ],
            [
              25.53221,
              61.29183
            ],
            [
              25.53196,
              61.29106
            ],
            [
              25.53152,
              61.28927
            ],
            [
              25.53145,
              61.28868
            ],
            [
              25.53154,
              61.28807
            ],
            [
              25.53203,
              61.28698
            ],
            [
              25.53207,
              61.28655
            ],
            [
              25.53201,
              61.28632
            ],
            [
              25.53181,
              61.28592
            ],
            [
              25.53155,
              61.28559
            ],
            [
              25.52886,
              61.28242
            ],
            [
              25.52843,
              61.28167
            ],
            [
              25.52829,
              61.28124
            ],
            [
              25.52815,
              61.28054
            ],
            [
              25.52753,
              61.27715
            ],
            [
              25.52741,
              61.2768
            ],
            [
              25.52684,
              61.27562
            ],
            [
              25.52677,
              61.27537
            ],
            [
              25.52675,
              61.27454
            ],
            [
              25.52683,
              61.27367
            ],
            [
              25.52671,
              61.27298
            ],
            [
              25.5263,
              61.27237
            ],
            [
              25.52443,
              61.2702
            ],
            [
              25.52434,
              61.27021
            ],
            [
              25.5238,
              61.26961
            ],
            [
              25.52329,
              61.26914
            ],
            [
              25.52288,
              61.26887
            ],
            [
              25.52146,
              61.26744
            ],
            [
              25.52074,
              61.26645
            ],
            [
              25.52004,
              61.26533
            ],
            [
              25.51934,
              61.26438
            ],
            [
              25.51914,
              61.26404
            ],
            [
              25.5189,
              61.26338
            ],
            [
              25.51889,
              61.26276
            ],
            [
              25.51932,
              61.26131
            ],
            [
              25.51935,
              61.26058
            ],
            [
              25.51917,
              61.25989
            ],
            [
              25.51874,
              61.25903
            ],
            [
              25.51817,
              61.25822
            ],
            [
              25.51786,
              61.25787
            ],
            [
              25.51704,
              61.25723
            ],
            [
              25.51665,
              61.25702
            ],
            [
              25.51529,
              61.25609
            ],
            [
              25.51145,
              61.25326
            ],
            [
              25.51025,
              61.25269
            ],
            [
              25.50801,
              61.25187
            ],
            [
              25.50683,
              61.25133
            ],
            [
              25.50407,
              61.25023
            ],
            [
              25.50326,
              61.24977
            ],
            [
              25.50122,
              61.24824
            ],
            [
              25.49991,
              61.24697
            ],
            [
              25.4964,
              61.24421
            ],
            [
              25.49581,
              61.24364
            ],
            [
              25.49296,
              61.24118
            ],
            [
              25.49126,
              61.23949
            ],
            [
              25.49054,
              61.23865
            ],
            [
              25.49034,
              61.2385
            ],
            [
              25.4903,
              61.23843
            ],
            [
              25.4903,
              61.23819
            ],
            [
              25.48993,
              61.23719
            ],
            [
              25.48983,
              61.23663
            ],
            [
              25.4898,
              61.23613
            ],
            [
              25.49007,
              61.23448
            ],
            [
              25.49078,
              61.23328
            ],
            [
              25.49182,
              61.23202
            ],
            [
              25.49203,
              61.23161
            ],
            [
              25.49228,
              61.2313
            ],
            [
              25.49278,
              61.23027
            ],
            [
              25.4928,
              61.23011
            ],
            [
              25.49351,
              61.22916
            ],
            [
              25.49376,
              61.22894
            ],
            [
              25.49397,
              61.2286
            ],
            [
              25.49432,
              61.22768
            ],
            [
              25.49449,
              61.22693
            ],
            [
              25.49457,
              61.22636
            ],
            [
              25.49457,
              61.22554
            ],
            [
              25.4942,
              61.22449
            ],
            [
              25.49353,
              61.22298
            ],
            [
              25.49355,
              61.22174
            ],
            [
              25.49265,
              61.22012
            ],
            [
              25.49256,
              61.21993
            ],
            [
              25.49265,
              61.21979
            ],
            [
              25.49206,
              61.21866
            ],
            [
              25.49155,
              61.21785
            ],
            [
              25.49123,
              61.21701
            ],
            [
              25.49121,
              61.21662
            ],
            [
              25.49127,
              61.21625
            ],
            [
              25.49118,
              61.21547
            ],
            [
              25.49106,
              61.21501
            ],
            [
              25.49115,
              61.21468
            ],
            [
              25.49104,
              61.21434
            ],
            [
              25.49036,
              61.21322
            ],
            [
              25.48989,
              61.2126
            ],
            [
              25.48836,
              61.21098
            ],
            [
              25.48754,
              61.20997
            ],
            [
              25.48727,
              61.20953
            ],
            [
              25.48716,
              61.20928
            ],
            [
              25.48708,
              61.20885
            ],
            [
              25.48704,
              61.20707
            ],
            [
              25.48698,
              61.20663
            ],
            [
              25.4868,
              61.2061
            ],
            [
              25.48656,
              61.20559
            ],
            [
              25.48579,
              61.20435
            ],
            [
              25.48569,
              61.204
            ],
            [
              25.48564,
              61.20329
            ],
            [
              25.4857,
              61.20129
            ],
            [
              25.48648,
              61.19952
            ],
            [
              25.48661,
              61.19918
            ],
            [
              25.48672,
              61.19865
            ],
            [
              25.48645,
              61.19748
            ],
            [
              25.48666,
              61.19652
            ],
            [
              25.48681,
              61.19613
            ],
            [
              25.48704,
              61.19568
            ],
            [
              25.48856,
              61.19386
            ],
            [
              25.48908,
              61.193
            ],
            [
              25.48937,
              61.19264
            ],
            [
              25.48981,
              61.19225
            ],
            [
              25.49135,
              61.19116
            ],
            [
              25.49246,
              61.19044
            ],
            [
              25.49288,
              61.19025
            ],
            [
              25.49389,
              61.18992
            ],
            [
              25.49854,
              61.18894
            ],
            [
              25.50001,
              61.1887
            ],
            [
              25.50141,
              61.18857
            ],
            [
              25.50237,
              61.18839
            ],
            [
              25.50595,
              61.18744
            ],
            [
              25.50688,
              61.18712
            ],
            [
              25.50776,
              61.18666
            ],
            [
              25.50833,
              61.1863
            ],
            [
              25.51001,
              61.1851
            ],
            [
              25.51153,
              61.18437
            ],
            [
              25.51262,
              61.18394
            ],
            [
              25.51448,
              61.18288
            ],
            [
              25.51502,
              61.18254
            ],
            [
              25.51546,
              61.18202
            ],
            [
              25.51613,
              61.18153
            ],
            [
              25.5181,
              61.18062
            ],
            [
              25.51869,
              61.1804
            ],
            [
              25.52111,
              61.17985
            ],
            [
              25.52185,
              61.17975
            ],
            [
              25.52206,
              61.17965
            ],
            [
              25.52243,
              61.1796
            ],
            [
              25.52261,
              61.17963
            ],
            [
              25.52444,
              61.1794
            ],
            [
              25.52665,
              61.17907
            ],
            [
              25.52958,
              61.17848
            ],
            [
              25.53183,
              61.1781
            ],
            [
              25.5328,
              61.17784
            ],
            [
              25.53387,
              61.17747
            ],
            [
              25.53437,
              61.17721
            ],
            [
              25.53447,
              61.17708
            ],
            [
              25.53476,
              61.17692
            ],
            [
              25.53499,
              61.1769
            ],
            [
              25.53718,
              61.17577
            ],
            [
              25.5386,
              61.1751
            ],
            [
              25.53912,
              61.17475
            ],
            [
              25.54234,
              61.17303
            ],
            [
              25.54394,
              61.17254
            ],
            [
              25.54592,
              61.17219
            ],
            [
              25.54668,
              61.17198
            ],
            [
              25.54927,
              61.17171
            ],
            [
              25.55251,
              61.17119
            ],
            [
              25.55266,
              61.17121
            ],
            [
              25.55509,
              61.17099
            ],
            [
              25.55732,
              61.17094
            ],
            [
              25.56125,
              61.17102
            ],
            [
              25.56227,
              61.17095
            ],
            [
              25.56339,
              61.17076
            ],
            [
              25.56404,
              61.1706
            ],
            [
              25.56648,
              61.1699
            ],
            [
              25.57229,
              61.16917
            ],
            [
              25.57541,
              61.16854
            ],
            [
              25.57856,
              61.1681
            ],
            [
              25.58323,
              61.16705
            ],
            [
              25.58477,
              61.16675
            ],
            [
              25.58828,
              61.16625
            ],
            [
              25.58967,
              61.16587
            ],
            [
              25.59287,
              61.1648
            ],
            [
              25.59429,
              61.1642
            ],
            [
              25.59538,
              61.16388
            ],
            [
              25.59686,
              61.16366
            ],
            [
              25.59925,
              61.16351
            ],
            [
              25.60287,
              61.16285
            ],
            [
              25.6066,
              61.16239
            ],
            [
              25.60826,
              61.1619
            ],
            [
              25.60887,
              61.16163
            ],
            [
              25.60927,
              61.16136
            ],
            [
              25.60974,
              61.16123
            ],
            [
              25.61072,
              61.16082
            ],
            [
              25.61266,
              61.16029
            ],
            [
              25.61287,
              61.16041
            ],
            [
              25.61573,
              61.15989
            ],
            [
              25.61878,
              61.15945
            ],
            [
              25.61979,
              61.15924
            ],
            [
              25.6219,
              61.15863
            ],
            [
              25.62568,
              61.15789
            ],
            [
              25.62693,
              61.15772
            ],
            [
              25.62785,
              61.15766
            ],
            [
              25.63114,
              61.15755
            ],
            [
              25.63322,
              61.15755
            ],
            [
              25.63522,
              61.15765
            ],
            [
              25.63618,
              61.1576
            ],
            [
              25.64108,
              61.15666
            ],
            [
              25.64222,
              61.1562
            ],
            [
              25.64346,
              61.15558
            ],
            [
              25.64489,
              61.15459
            ],
            [
              25.64574,
              61.15407
            ],
            [
              25.64809,
              61.15275
            ],
            [
              25.64848,
              61.15243
            ],
            [
              25.64882,
              61.15205
            ],
            [
              25.64885,
              61.1519
            ],
            [
              25.64908,
              61.15164
            ],
            [
              25.64952,
              61.15074
            ],
            [
              25.64978,
              61.15034
            ],
            [
              25.65049,
              61.14949
            ],
            [
              25.65092,
              61.1491
            ],
            [
              25.65155,
              61.14863
            ],
            [
              25.6535,
              61.14746
            ],
            [
              25.65421,
              61.14679
            ],
            [
              25.65525,
              61.14548
            ],
            [
              25.65549,
              61.14525
            ],
            [
              25.65613,
              61.14473
            ],
            [
              25.65727,
              61.1441
            ],
            [
              25.6582,
              61.14365
            ],
            [
              25.65902,
              61.14306
            ],
            [
              25.65944,
              61.14283
            ],
            [
              25.65945,
              61.14278
            ],
            [
              25.6593,
              61.14273
            ],
            [
              25.65925,
              61.14265
            ],
            [
              25.66049,
              61.14208
            ],
            [
              25.66115,
              61.14188
            ],
            [
              25.66066,
              61.14145
            ],
            [
              25.66045,
              61.14112
            ],
            [
              25.66026,
              61.14093
            ],
            [
              25.65942,
              61.14026
            ],
            [
              25.65918,
              61.13997
            ],
            [
              25.65904,
              61.13968
            ],
            [
              25.65899,
              61.13939
            ],
            [
              25.65909,
              61.13879
            ],
            [
              25.65907,
              61.13863
            ],
            [
              25.65871,
              61.1379
            ],
            [
              25.6586,
              61.13758
            ],
            [
              25.65863,
              61.13711
            ],
            [
              25.65896,
              61.13609
            ],
            [
              25.65889,
              61.13549
            ],
            [
              25.65877,
              61.13528
            ],
            [
              25.65869,
              61.13498
            ],
            [
              25.6587,
              61.13476
            ],
            [
              25.65898,
              61.13388
            ],
            [
              25.65903,
              61.13349
            ],
            [
              25.6591,
              61.13343
            ],
            [
              25.6591,
              61.13335
            ],
            [
              25.65902,
              61.13331
            ],
            [
              25.659,
              61.1328
            ],
            [
              25.65925,
              61.13177
            ],
            [
              25.65915,
              61.13127
            ],
            [
              25.65922,
              61.13062
            ],
            [
              25.65942,
              61.12973
            ],
            [
              25.66015,
              61.12813
            ],
            [
              25.66035,
              61.12761
            ],
            [
              25.66037,
              61.12738
            ],
            [
              25.66026,
              61.12716
            ],
            [
              25.66006,
              61.12695
            ],
            [
              25.65835,
              61.12609
            ],
            [
              25.65766,
              61.1256
            ],
            [
              25.65648,
              61.1246
            ],
            [
              25.6561,
              61.12409
            ],
            [
              25.65598,
              61.12372
            ],
            [
              25.65598,
              61.12302
            ],
            [
              25.65625,
              61.12192
            ],
            [
              25.65629,
              61.12145
            ],
            [
              25.65567,
              61.12007
            ],
            [
              25.65515,
              61.11929
            ],
            [
              25.65499,
              61.11897
            ],
            [
              25.65494,
              61.11853
            ],
            [
              25.65499,
              61.1181
            ],
            [
              25.65496,
              61.11789
            ],
            [
              25.65456,
              61.11704
            ],
            [
              25.65452,
              61.11677
            ],
            [
              25.65475,
              61.11573
            ],
            [
              25.65476,
              61.11551
            ],
            [
              25.65464,
              61.11512
            ],
            [
              25.65399,
              61.11422
            ],
            [
              25.65306,
              61.11267
            ],
            [
              25.65238,
              61.11197
            ],
            [
              25.65152,
              61.11137
            ],
            [
              25.65089,
              61.11101
            ],
            [
              25.64873,
              61.11007
            ],
            [
              25.64544,
              61.10854
            ],
            [
              25.64479,
              61.1083
            ],
            [
              25.64296,
              61.10786
            ],
            [
              25.6428,
              61.10796
            ],
            [
              25.64245,
              61.10789
            ],
            [
              25.64177,
              61.10791
            ],
            [
              25.64177,
              61.10782
            ],
            [
              25.64074,
              61.10773
            ],
            [
              25.6398,
              61.10752
            ],
            [
              25.63938,
              61.10728
            ],
            [
              25.63781,
              61.10593
            ],
            [
              25.63756,
              61.10562
            ],
            [
              25.63725,
              61.10514
            ],
            [
              25.63711,
              61.10467
            ],
            [
              25.63722,
              61.10411
            ],
            [
              25.63721,
              61.10391
            ],
            [
              25.6369,
              61.10239
            ],
            [
              25.63686,
              61.10132
            ],
            [
              25.63708,
              61.10037
            ],
            [
              25.6371,
              61.10006
            ],
            [
              25.63685,
              61.09913
            ],
            [
              25.63657,
              61.09882
            ],
            [
              25.63611,
              61.09854
            ],
            [
              25.63342,
              61.09754
            ],
            [
              25.63285,
              61.09728
            ],
            [
              25.63277,
              61.0972
            ],
            [
              25.6327,
              61.09709
            ],
            [
              25.63237,
              61.09597
            ],
            [
              25.63221,
              61.09563
            ],
            [
              25.6322,
              61.09508
            ],
            [
              25.63155,
              61.09409
            ],
            [
              25.63132,
              61.09353
            ],
            [
              25.63142,
              61.09321
            ],
            [
              25.63178,
              61.09278
            ],
            [
              25.63319,
              61.09178
            ],
            [
              25.63343,
              61.0915
            ],
            [
              25.63355,
              61.0912
            ],
            [
              25.63351,
              61.0908
            ],
            [
              25.63261,
              61.08838
            ],
            [
              25.63252,
              61.08796
            ],
            [
              25.63264,
              61.08584
            ],
            [
              25.63275,
              61.0855
            ],
            [
              25.63337,
              61.08437
            ],
            [
              25.63344,
              61.08409
            ],
            [
              25.6334,
              61.08385
            ],
            [
              25.63318,
              61.08363
            ],
            [
              25.63201,
              61.08297
            ],
            [
              25.63174,
              61.08274
            ],
            [
              25.63156,
              61.08247
            ],
            [
              25.63158,
              61.08204
            ],
            [
              25.6318,
              61.0814
            ],
            [
              25.63177,
              61.08079
            ],
            [
              25.63149,
              61.08049
            ],
            [
              25.63122,
              61.08031
            ],
            [
              25.6303,
              61.07987
            ],
            [
              25.62981,
              61.07955
            ],
            [
              25.62927,
              61.07908
            ],
            [
              25.62914,
              61.07893
            ],
            [
              25.62905,
              61.07868
            ],
            [
              25.62915,
              61.07827
            ],
            [
              25.62961,
              61.07748
            ],
            [
              25.62976,
              61.0773
            ],
            [
              25.63061,
              61.07674
            ],
            [
              25.63083,
              61.07652
            ],
            [
              25.63105,
              61.07542
            ],
            [
              25.63099,
              61.07496
            ],
            [
              25.63063,
              61.07411
            ],
            [
              25.6299,
              61.07317
            ],
            [
              25.62971,
              61.07277
            ],
            [
              25.62963,
              61.0724
            ],
            [
              25.62964,
              61.0715
            ],
            [
              25.62981,
              61.07132
            ],
            [
              25.63224,
              61.07009
            ],
            [
              25.63297,
              61.06988
            ],
            [
              25.63668,
              61.06924
            ],
            [
              25.63718,
              61.06922
            ],
            [
              25.63874,
              61.06933
            ],
            [
              25.63952,
              61.06932
            ],
            [
              25.64063,
              61.06924
            ],
            [
              25.64219,
              61.069
            ],
            [
              25.64254,
              61.06901
            ],
            [
              25.6448,
              61.06949
            ],
            [
              25.64592,
              61.06967
            ],
            [
              25.64669,
              61.06973
            ],
            [
              25.64971,
              61.0697
            ],
            [
              25.6506,
              61.06956
            ],
            [
              25.65305,
              61.06889
            ],
            [
              25.65411,
              61.0687
            ],
            [
              25.65731,
              61.06828
            ],
            [
              25.65881,
              61.06794
            ],
            [
              25.65966,
              61.06767
            ],
            [
              25.65955,
              61.06762
            ],
            [
              25.66016,
              61.06734
            ],
            [
              25.66115,
              61.06674
            ],
            [
              25.66147,
              61.06665
            ],
            [
              25.66327,
              61.06591
            ],
            [
              25.66382,
              61.06558
            ],
            [
              25.6642,
              61.06521
            ],
            [
              25.66594,
              61.06289
            ],
            [
              25.66609,
              61.06265
            ],
            [
              25.66642,
              61.06157
            ],
            [
              25.66659,
              61.06139
            ],
            [
              25.66731,
              61.06105
            ],
            [
              25.66876,
              61.06057
            ],
            [
              25.66909,
              61.06051
            ],
            [
              25.66915,
              61.06031
            ],
            [
              25.66909,
              61.05671
            ],
            [
              25.66904,
              61.0564
            ],
            [
              25.66881,
              61.0563
            ],
            [
              25.66854,
              61.05603
            ],
            [
              25.66885,
              61.05478
            ],
            [
              25.66892,
              61.05441
            ],
            [
              25.6689,
              61.05423
            ],
            [
              25.66882,
              61.05404
            ],
            [
              25.66853,
              61.05374
            ],
            [
              25.66756,
              61.05316
            ],
            [
              25.6674,
              61.05301
            ],
            [
              25.66735,
              61.05285
            ],
            [
              25.66739,
              61.0527
            ],
            [
              25.66773,
              61.05229
            ],
            [
              25.66781,
              61.05212
            ],
            [
              25.6678,
              61.05191
            ],
            [
              25.66767,
              61.05175
            ],
            [
              25.66747,
              61.05167
            ],
            [
              25.66751,
              61.05163
            ],
            [
              25.66697,
              61.05084
            ],
            [
              25.66706,
              61.05077
            ],
            [
              25.66671,
              61.05071
            ],
            [
              25.66417,
              61.05087
            ],
            [
              25.66309,
              61.05075
            ],
            [
              25.66231,
              61.05057
            ],
            [
              25.66026,
              61.04949
            ],
            [
              25.65946,
              61.04957
            ],
            [
              25.65946,
              61.04924
            ],
            [
              25.65896,
              61.0491
            ],
            [
              25.65835,
              61.04881
            ],
            [
              25.65801,
              61.04876
            ],
            [
              25.6573,
              61.04878
            ],
            [
              25.65692,
              61.04873
            ],
            [
              25.65661,
              61.04863
            ],
            [
              25.65611,
              61.04821
            ],
            [
              25.65405,
              61.0474
            ],
            [
              25.65369,
              61.04718
            ],
            [
              25.65368,
              61.04695
            ],
            [
              25.65396,
              61.04635
            ],
            [
              25.65385,
              61.04611
            ],
            [
              25.65215,
              61.04513
            ],
            [
              25.6512,
              61.04452
            ],
            [
              25.65007,
              61.04416
            ],
            [
              25.65031,
              61.04385
            ],
            [
              25.6509,
              61.04327
            ],
            [
              25.65179,
              61.04249
            ],
            [
              25.65269,
              61.04192
            ],
            [
              25.6533,
              61.04163
            ],
            [
              25.65314,
              61.04155
            ],
            [
              25.65294,
              61.04153
            ],
            [
              25.65219,
              61.04082
            ],
            [
              25.64906,
              61.03901
            ],
            [
              25.64765,
              61.03809
            ],
            [
              25.64742,
              61.03789
            ],
            [
              25.64722,
              61.03767
            ],
            [
              25.64712,
              61.03748
            ],
            [
              25.64705,
              61.03721
            ],
            [
              25.64703,
              61.03652
            ],
            [
              25.6469,
              61.03592
            ],
            [
              25.64676,
              61.03566
            ],
            [
              25.64656,
              61.03544
            ],
            [
              25.64566,
              61.0346
            ],
            [
              25.64526,
              61.03414
            ],
            [
              25.64499,
              61.03361
            ],
            [
              25.64504,
              61.03285
            ],
            [
              25.64485,
              61.0327
            ],
            [
              25.64468,
              61.03264
            ],
            [
              25.64482,
              61.03254
            ],
            [
              25.64505,
              61.03217
            ],
            [
              25.64555,
              61.03168
            ],
            [
              25.64604,
              61.03125
            ],
            [
              25.64695,
              61.03059
            ],
            [
              25.64777,
              61.03014
            ],
            [
              25.64995,
              61.02917
            ],
            [
              25.6503,
              61.02889
            ],
            [
              25.65044,
              61.02871
            ],
            [
              25.65073,
              61.02815
            ],
            [
              25.65134,
              61.02739
            ],
            [
              25.65164,
              61.02712
            ],
            [
              25.65364,
              61.02571
            ],
            [
              25.65498,
              61.02498
            ],
            [
              25.65516,
              61.02484
            ],
            [
              25.65549,
              61.02438
            ],
            [
              25.65669,
              61.02378
            ],
            [
              25.65683,
              61.02365
            ],
            [
              25.65773,
              61.02239
            ],
            [
              25.65822,
              61.02197
            ],
            [
              25.65878,
              61.02167
            ],
            [
              25.661,
              61.02089
            ],
            [
              25.66136,
              61.02071
            ],
            [
              25.66144,
              61.02064
            ],
            [
              25.66143,
              61.02056
            ],
            [
              25.66095,
              61.02039
            ],
            [
              25.66042,
              61.02029
            ],
            [
              25.65667,
              61.02005
            ],
            [
              25.65584,
              61.02015
            ],
            [
              25.65315,
              61.02103
            ],
            [
              25.65233,
              61.02117
            ],
            [
              25.6503,
              61.02118
            ],
            [
              25.64881,
              61.02132
            ],
            [
              25.64873,
              61.02123
            ],
            [
              25.64851,
              61.02113
            ],
            [
              25.64767,
              61.02087
            ],
            [
              25.64769,
              61.02078
            ],
            [
              25.64799,
              61.02037
            ],
            [
              25.64803,
              61.02019
            ],
            [
              25.64762,
              61.01924
            ],
            [
              25.6475,
              61.01812
            ],
            [
              25.64753,
              61.01793
            ],
            [
              25.64767,
              61.01761
            ],
            [
              25.64786,
              61.01743
            ],
            [
              25.64798,
              61.01724
            ],
            [
              25.64814,
              61.01686
            ],
            [
              25.64815,
              61.01671
            ],
            [
              25.64798,
              61.01651
            ],
            [
              25.64731,
              61.01617
            ],
            [
              25.64679,
              61.01623
            ],
            [
              25.64675,
              61.01614
            ],
            [
              25.64648,
              61.01589
            ],
            [
              25.64617,
              61.01568
            ],
            [
              25.64476,
              61.01502
            ],
            [
              25.64532,
              61.01469
            ],
            [
              25.64597,
              61.01405
            ],
            [
              25.64628,
              61.01389
            ],
            [
              25.64617,
              61.01372
            ],
            [
              25.64614,
              61.01358
            ],
            [
              25.6463,
              61.01298
            ],
            [
              25.64654,
              61.01263
            ],
            [
              25.64673,
              61.01248
            ],
            [
              25.64713,
              61.01227
            ],
            [
              25.64786,
              61.01201
            ],
            [
              25.64963,
              61.01167
            ],
            [
              25.65082,
              61.01126
            ],
            [
              25.65141,
              61.01099
            ],
            [
              25.65164,
              61.01085
            ],
            [
              25.65198,
              61.01052
            ],
            [
              25.65304,
              61.0092
            ],
            [
              25.65312,
              61.00904
            ],
            [
              25.65315,
              61.0088
            ],
            [
              25.65296,
              61.00684
            ],
            [
              25.65275,
              61.00642
            ],
            [
              25.65139,
              61.00493
            ],
            [
              25.6499,
              61.00404
            ],
            [
              25.64957,
              61.00375
            ],
            [
              25.64946,
              61.00353
            ],
            [
              25.64945,
              61.00311
            ],
            [
              25.64955,
              61.00293
            ],
            [
              25.64988,
              61.00262
            ],
            [
              25.65041,
              61.00232
            ],
            [
              25.65041,
              61.0022
            ],
            [
              25.65056,
              61.00205
            ],
            [
              25.64915,
              61.00195
            ],
            [
              25.64912,
              61.00186
            ],
            [
              25.6488,
              61.0017
            ],
            [
              25.64803,
              61.00141
            ],
            [
              25.64792,
              61.00123
            ],
            [
              25.64798,
              61.00112
            ],
            [
              25.64797,
              61.00099
            ],
            [
              25.6477,
              61.00072
            ],
            [
              25.64765,
              61.00056
            ],
            [
              25.64766,
              61.00038
            ],
            [
              25.64779,
              61.00015
            ],
            [
              25.6479,
              61.00005
            ],
            [
              25.64886,
              60.99978
            ],
            [
              25.64932,
              60.99957
            ],
            [
              25.64974,
              60.99933
            ],
            [
              25.65018,
              60.99889
            ],
            [
              25.65032,
              60.99865
            ],
            [
              25.65039,
              60.9984
            ],
            [
              25.65038,
              60.99803
            ],
            [
              25.65034,
              60.99789
            ],
            [
              25.64994,
              60.99729
            ],
            [
              25.65136,
              60.99642
            ],
            [
              25.65169,
              60.99587
            ],
            [
              25.65115,
              60.99565
            ],
            [
              25.65128,
              60.99545
            ],
            [
              25.65105,
              60.99533
            ],
            [
              25.64886,
              60.99445
            ],
            [
              25.64825,
              60.99428
            ],
            [
              25.64857,
              60.99389
            ],
            [
              25.64862,
              60.99376
            ],
            [
              25.6476,
              60.99355
            ],
            [
              25.64625,
              60.9929
            ],
            [
              25.64445,
              60.99081
            ],
            [
              25.64097,
              60.98718
            ],
            [
              25.63743,
              60.98337
            ],
            [
              25.63924,
              60.98298
            ],
            [
              25.63956,
              60.98283
            ],
            [
              25.63965,
              60.9827
            ],
            [
              25.63989,
              60.98262
            ],
            [
              25.64006,
              60.98262
            ],
            [
              25.64067,
              60.9828
            ],
            [
              25.6413,
              60.9829
            ],
            [
              25.64581,
              60.98344
            ],
            [
              25.6457,
              60.98365
            ],
            [
              25.64792,
              60.98391
            ],
            [
              25.64801,
              60.98363
            ],
            [
              25.64911,
              60.98355
            ],
            [
              25.6495,
              60.98316
            ],
            [
              25.6496,
              60.98315
            ],
            [
              25.6511,
              60.98352
            ],
            [
              25.65689,
              60.98302
            ],
            [
              25.66107,
              60.98259
            ],
            [
              25.66002,
              60.97982
            ],
            [
              25.65888,
              60.97863
            ],
            [
              25.65836,
              60.978
            ],
            [
              25.65851,
              60.9779
            ],
            [
              25.6586,
              60.97757
            ],
            [
              25.65862,
              60.97667
            ],
            [
              25.65848,
              60.9761
            ],
            [
              25.65825,
              60.97561
            ],
            [
              25.65815,
              60.97549
            ],
            [
              25.65879,
              60.97542
            ],
            [
              25.65844,
              60.97454
            ],
            [
              25.65842,
              60.97437
            ],
            [
              25.65801,
              60.9732
            ],
            [
              25.65776,
              60.97203
            ],
            [
              25.65638,
              60.96759
            ],
            [
              25.65666,
              60.96697
            ],
            [
              25.65678,
              60.96684
            ],
            [
              25.65776,
              60.9662
            ],
            [
              25.65778,
              60.96612
            ],
            [
              25.65769,
              60.9659
            ],
            [
              25.66055,
              60.96562
            ],
            [
              25.66093,
              60.96553
            ],
            [
              25.65987,
              60.96459
            ],
            [
              25.65945,
              60.96416
            ],
            [
              25.65983,
              60.96408
            ],
            [
              25.65997,
              60.96392
            ],
            [
              25.65956,
              60.96367
            ],
            [
              25.65921,
              60.96314
            ],
            [
              25.65913,
              60.96291
            ],
            [
              25.65913,
              60.96252
            ],
            [
              25.65888,
              60.962
            ],
            [
              25.65884,
              60.96173
            ],
            [
              25.65889,
              60.96109
            ],
            [
              25.65879,
              60.96077
            ],
            [
              25.65879,
              60.96045
            ],
            [
              25.65893,
              60.95939
            ],
            [
              25.65891,
              60.95869
            ],
            [
              25.65884,
              60.9584
            ],
            [
              25.65818,
              60.95841
            ],
            [
              25.65794,
              60.95853
            ],
            [
              25.656,
              60.95858
            ],
            [
              25.65461,
              60.95856
            ],
            [
              25.65396,
              60.95843
            ],
            [
              25.65364,
              60.95831
            ],
            [
              25.65344,
              60.95817
            ],
            [
              25.6533,
              60.95795
            ],
            [
              25.65325,
              60.9577
            ],
            [
              25.65315,
              60.95751
            ],
            [
              25.65302,
              60.95741
            ],
            [
              25.65221,
              60.95638
            ],
            [
              25.65198,
              60.95593
            ],
            [
              25.65092,
              60.95485
            ],
            [
              25.65087,
              60.95467
            ],
            [
              25.65075,
              60.95449
            ],
            [
              25.65052,
              60.95428
            ],
            [
              25.65016,
              60.95406
            ],
            [
              25.64913,
              60.95283
            ],
            [
              25.64895,
              60.95258
            ],
            [
              25.64843,
              60.95152
            ],
            [
              25.64771,
              60.95048
            ],
            [
              25.64746,
              60.94998
            ],
            [
              25.64698,
              60.9485
            ],
            [
              25.64665,
              60.94658
            ],
            [
              25.64662,
              60.94593
            ],
            [
              25.64665,
              60.9458
            ],
            [
              25.64711,
              60.94518
            ],
            [
              25.64743,
              60.945
            ],
            [
              25.64735,
              60.94491
            ],
            [
              25.64634,
              60.94429
            ],
            [
              25.64567,
              60.94369
            ],
            [
              25.64478,
              60.94267
            ],
            [
              25.64437,
              60.94233
            ],
            [
              25.6431,
              60.94147
            ],
            [
              25.64295,
              60.9413
            ],
            [
              25.64285,
              60.94107
            ],
            [
              25.64256,
              60.93985
            ],
            [
              25.64288,
              60.93919
            ],
            [
              25.64341,
              60.93837
            ],
            [
              25.6437,
              60.93756
            ],
            [
              25.64365,
              60.93751
            ],
            [
              25.64378,
              60.93723
            ],
            [
              25.64413,
              60.93668
            ],
            [
              25.64471,
              60.93592
            ],
            [
              25.64508,
              60.93555
            ],
            [
              25.64601,
              60.93476
            ],
            [
              25.64812,
              60.93351
            ],
            [
              25.64859,
              60.93328
            ],
            [
              25.64868,
              60.93317
            ],
            [
              25.64845,
              60.93309
            ],
            [
              25.65013,
              60.93212
            ],
            [
              25.65089,
              60.93182
            ],
            [
              25.65173,
              60.93157
            ],
            [
              25.6527,
              60.93135
            ],
            [
              25.65554,
              60.93089
            ],
            [
              25.65697,
              60.93093
            ],
            [
              25.65963,
              60.9314
            ],
            [
              25.66119,
              60.93158
            ],
            [
              25.66268,
              60.93161
            ],
            [
              25.66351,
              60.93157
            ],
            [
              25.66398,
              60.93146
            ],
            [
              25.6687,
              60.93103
            ],
            [
              25.66948,
              60.93092
            ],
            [
              25.67107,
              60.93062
            ],
            [
              25.67203,
              60.93028
            ],
            [
              25.67483,
              60.92875
            ],
            [
              25.67584,
              60.92762
            ],
            [
              25.67638,
              60.92718
            ],
            [
              25.67712,
              60.92674
            ],
            [
              25.67778,
              60.92649
            ],
            [
              25.67903,
              60.92616
            ],
            [
              25.68106,
              60.92551
            ],
            [
              25.68156,
              60.92532
            ],
            [
              25.68207,
              60.92505
            ],
            [
              25.6827,
              60.92442
            ],
            [
              25.68357,
              60.92315
            ],
            [
              25.68368,
              60.92278
            ],
            [
              25.68368,
              60.92238
            ],
            [
              25.68363,
              60.92217
            ],
            [
              25.68349,
              60.92209
            ],
            [
              25.68356,
              60.92181
            ],
            [
              25.68352,
              60.9214
            ],
            [
              25.68371,
              60.921
            ],
            [
              25.68424,
              60.92057
            ],
            [
              25.68597,
              60.91985
            ],
            [
              25.68654,
              60.91952
            ],
            [
              25.6872,
              60.919
            ],
            [
              25.68734,
              60.9188
            ],
            [
              25.6878,
              60.91703
            ],
            [
              25.68788,
              60.91647
            ],
            [
              25.68812,
              60.91573
            ],
            [
              25.68815,
              60.91537
            ],
            [
              25.68806,
              60.91508
            ],
            [
              25.68698,
              60.9138
            ],
            [
              25.68688,
              60.91354
            ],
            [
              25.68688,
              60.91327
            ],
            [
              25.68728,
              60.91231
            ],
            [
              25.68795,
              60.91149
            ],
            [
              25.68809,
              60.91122
            ],
            [
              25.68818,
              60.91073
            ],
            [
              25.68814,
              60.91044
            ],
            [
              25.68839,
              60.90983
            ],
            [
              25.68901,
              60.90917
            ],
            [
              25.68935,
              60.90896
            ],
            [
              25.69038,
              60.90804
            ],
            [
              25.69094,
              60.90761
            ],
            [
              25.69246,
              60.90673
            ],
            [
              25.69251,
              60.90668
            ],
            [
              25.69248,
              60.90665
            ],
            [
              25.69268,
              60.90653
            ],
            [
              25.6929,
              60.90645
            ],
            [
              25.69369,
              60.90594
            ],
            [
              25.69427,
              60.90569
            ],
            [
              25.6946,
              60.90547
            ],
            [
              25.69531,
              60.90439
            ],
            [
              25.69656,
              60.90327
            ],
            [
              25.69723,
              60.90254
            ],
            [
              25.69731,
              60.90234
            ],
            [
              25.69749,
              60.90138
            ],
            [
              25.69737,
              60.90006
            ],
            [
              25.69775,
              60.89867
            ],
            [
              25.69793,
              60.89835
            ],
            [
              25.6983,
              60.89807
            ],
            [
              25.69944,
              60.89751
            ],
            [
              25.70043,
              60.89669
            ],
            [
              25.70186,
              60.89588
            ],
            [
              25.7022,
              60.89558
            ],
            [
              25.70258,
              60.89513
            ],
            [
              25.70289,
              60.89457
            ],
            [
              25.7032,
              60.89453
            ],
            [
              25.70317,
              60.89419
            ],
            [
              25.70278,
              60.89357
            ],
            [
              25.70289,
              60.89322
            ],
            [
              25.70308,
              60.893
            ],
            [
              25.70302,
              60.89293
            ],
            [
              25.70305,
              60.89282
            ],
            [
              25.70332,
              60.89242
            ],
            [
              25.70328,
              60.89201
            ],
            [
              25.70302,
              60.89156
            ],
            [
              25.70231,
              60.89095
            ],
            [
              25.70163,
              60.8905
            ],
            [
              25.70128,
              60.89006
            ],
            [
              25.70118,
              60.8897
            ],
            [
              25.70097,
              60.88941
            ],
            [
              25.69926,
              60.88828
            ],
            [
              25.6989,
              60.88792
            ],
            [
              25.69867,
              60.88753
            ],
            [
              25.69834,
              60.88715
            ],
            [
              25.69798,
              60.88687
            ],
            [
              25.69741,
              60.88652
            ],
            [
              25.69704,
              60.88635
            ],
            [
              25.69479,
              60.88562
            ],
            [
              25.69372,
              60.88542
            ],
            [
              25.69164,
              60.88521
            ],
            [
              25.69275,
              60.88198
            ],
            [
              25.69339,
              60.8806
            ],
            [
              25.69416,
              60.87939
            ],
            [
              25.69522,
              60.87796
            ],
            [
              25.69768,
              60.87552
            ],
            [
              25.69941,
              60.87404
            ],
            [
              25.70106,
              60.87247
            ],
            [
              25.70363,
              60.87021
            ],
            [
              25.70456,
              60.86978
            ],
            [
              25.70477,
              60.86963
            ],
            [
              25.70506,
              60.86928
            ],
            [
              25.70542,
              60.86867
            ],
            [
              25.70651,
              60.86784
            ],
            [
              25.70657,
              60.86773
            ],
            [
              25.70654,
              60.86736
            ],
            [
              25.70659,
              60.86716
            ],
            [
              25.70798,
              60.8654
            ],
            [
              25.70857,
              60.86455
            ],
            [
              25.71007,
              60.86215
            ],
            [
              25.71069,
              60.86145
            ],
            [
              25.71076,
              60.86118
            ],
            [
              25.71118,
              60.86029
            ],
            [
              25.71133,
              60.85985
            ],
            [
              25.71154,
              60.85889
            ],
            [
              25.71174,
              60.85822
            ],
            [
              25.71201,
              60.85666
            ],
            [
              25.71213,
              60.85409
            ],
            [
              25.7122,
              60.85362
            ],
            [
              25.71231,
              60.85344
            ],
            [
              25.71256,
              60.85327
            ],
            [
              25.71305,
              60.8531
            ],
            [
              25.71324,
              60.85294
            ],
            [
              25.71333,
              60.85273
            ],
            [
              25.71327,
              60.85266
            ],
            [
              25.71367,
              60.85206
            ],
            [
              25.71392,
              60.85158
            ],
            [
              25.71419,
              60.85088
            ],
            [
              25.71541,
              60.8486
            ],
            [
              25.71575,
              60.84774
            ],
            [
              25.71578,
              60.84723
            ],
            [
              25.71564,
              60.84644
            ],
            [
              25.71547,
              60.84599
            ],
            [
              25.71497,
              60.84516
            ],
            [
              25.71507,
              60.84392
            ],
            [
              25.7149,
              60.84266
            ],
            [
              25.71469,
              60.84166
            ],
            [
              25.71464,
              60.84101
            ],
            [
              25.71469,
              60.84035
            ],
            [
              25.71482,
              60.83971
            ],
            [
              25.7151,
              60.839
            ],
            [
              25.71547,
              60.83832
            ],
            [
              25.71653,
              60.83685
            ],
            [
              25.71958,
              60.83281
            ],
            [
              25.72064,
              60.83159
            ],
            [
              25.72151,
              60.83079
            ],
            [
              25.72236,
              60.8301
            ],
            [
              25.72636,
              60.82704
            ],
            [
              25.72678,
              60.82668
            ],
            [
              25.72778,
              60.82561
            ],
            [
              25.72834,
              60.82483
            ],
            [
              25.72866,
              60.82428
            ],
            [
              25.72987,
              60.82133
            ],
            [
              25.72998,
              60.82086
            ],
            [
              25.72999,
              60.82057
            ],
            [
              25.7303,
              60.81989
            ],
            [
              25.7304,
              60.81954
            ],
            [
              25.73053,
              60.81944
            ],
            [
              25.73059,
              60.81854
            ],
            [
              25.73044,
              60.81587
            ],
            [
              25.7303,
              60.81516
            ],
            [
              25.73037,
              60.81452
            ],
            [
              25.73026,
              60.81379
            ],
            [
              25.72978,
              60.81186
            ],
            [
              25.72957,
              60.81072
            ],
            [
              25.72963,
              60.81061
            ],
            [
              25.72909,
              60.81059
            ],
            [
              25.72878,
              60.8105
            ],
            [
              25.72832,
              60.81046
            ],
            [
              25.7252,
              60.81051
            ],
            [
              25.72258,
              60.81038
            ],
            [
              25.7182,
              60.80996
            ],
            [
              25.71822,
              60.80988
            ],
            [
              25.71632,
              60.80972
            ],
            [
              25.71496,
              60.80967
            ],
            [
              25.70828,
              60.80984
            ],
            [
              25.70552,
              60.80981
            ],
            [
              25.7031,
              60.80968
            ],
            [
              25.70202,
              60.80967
            ],
            [
              25.69387,
              60.81013
            ],
            [
              25.69284,
              60.81006
            ],
            [
              25.68963,
              60.80966
            ],
            [
              25.68832,
              60.8096
            ],
            [
              25.68625,
              60.80987
            ],
            [
              25.68512,
              60.81021
            ],
            [
              25.68419,
              60.8104
            ],
            [
              25.68323,
              60.81045
            ],
            [
              25.68262,
              60.81043
            ],
            [
              25.68159,
              60.81027
            ],
            [
              25.68078,
              60.81024
            ],
            [
              25.67869,
              60.81036
            ],
            [
              25.67778,
              60.81052
            ],
            [
              25.67649,
              60.81094
            ],
            [
              25.67442,
              60.81141
            ],
            [
              25.67102,
              60.8119
            ],
            [
              25.66484,
              60.81201
            ],
            [
              25.66317,
              60.81212
            ],
            [
              25.66106,
              60.81233
            ],
            [
              25.65959,
              60.81253
            ],
            [
              25.65809,
              60.81282
            ],
            [
              25.656,
              60.81347
            ],
            [
              25.65493,
              60.81374
            ],
            [
              25.6544,
              60.81382
            ],
            [
              25.65256,
              60.81387
            ],
            [
              25.65157,
              60.81397
            ],
            [
              25.64971,
              60.81403
            ],
            [
              25.6462,
              60.81426
            ],
            [
              25.64216,
              60.81435
            ],
            [
              25.64147,
              60.81441
            ],
            [
              25.64058,
              60.81456
            ],
            [
              25.63825,
              60.81502
            ],
            [
              25.63807,
              60.81488
            ],
            [
              25.63756,
              60.81431
            ],
            [
              25.63718,
              60.81411
            ],
            [
              25.63535,
              60.81371
            ],
            [
              25.63322,
              60.81334
            ],
            [
              25.63127,
              60.81324
            ],
            [
              25.63018,
              60.81336
            ],
            [
              25.62901,
              60.81325
            ],
            [
              25.62775,
              60.8133
            ],
            [
              25.62165,
              60.81313
            ],
            [
              25.62133,
              60.81309
            ],
            [
              25.62076,
              60.81292
            ],
            [
              25.62004,
              60.81258
            ],
            [
              25.61908,
              60.81222
            ],
            [
              25.61889,
              60.8121
            ],
            [
              25.6185,
              60.81159
            ],
            [
              25.61834,
              60.81146
            ],
            [
              25.61744,
              60.81115
            ],
            [
              25.61554,
              60.80953
            ],
            [
              25.61516,
              60.8093
            ],
            [
              25.61491,
              60.80922
            ],
            [
              25.6145,
              60.80915
            ],
            [
              25.61262,
              60.80901
            ],
            [
              25.61055,
              60.80899
            ],
            [
              25.60994,
              60.80886
            ],
            [
              25.60929,
              60.8086
            ],
            [
              25.60918,
              60.80848
            ],
            [
              25.60898,
              60.80807
            ],
            [
              25.60866,
              60.80784
            ],
            [
              25.60357,
              60.80641
            ],
            [
              25.602,
              60.80593
            ],
            [
              25.60078,
              60.80548
            ],
            [
              25.59563,
              60.80456
            ],
            [
              25.59426,
              60.80424
            ],
            [
              25.59299,
              60.80387
            ],
            [
              25.58973,
              60.80275
            ],
            [
              25.58722,
              60.80205
            ],
            [
              25.5866,
              60.802
            ],
            [
              25.58543,
              60.80211
            ],
            [
              25.58487,
              60.80204
            ],
            [
              25.58458,
              60.80192
            ],
            [
              25.584,
              60.80146
            ],
            [
              25.58313,
              60.80095
            ],
            [
              25.58271,
              60.8008
            ],
            [
              25.58143,
              60.80051
            ],
            [
              25.58029,
              60.80017
            ],
            [
              25.57895,
              60.79992
            ],
            [
              25.57447,
              60.79576
            ],
            [
              25.57356,
              60.79523
            ],
            [
              25.56932,
              60.79298
            ],
            [
              25.56895,
              60.79265
            ],
            [
              25.56836,
              60.79171
            ],
            [
              25.56779,
              60.79123
            ],
            [
              25.56729,
              60.79099
            ],
            [
              25.56668,
              60.79081
            ],
            [
              25.56599,
              60.79067
            ],
            [
              25.56525,
              60.79062
            ],
            [
              25.56452,
              60.79063
            ],
            [
              25.56281,
              60.79076
            ],
            [
              25.55938,
              60.79103
            ],
            [
              25.55859,
              60.79113
            ],
            [
              25.54802,
              60.7932
            ],
            [
              25.54416,
              60.794
            ],
            [
              25.542,
              60.79453
            ],
            [
              25.54141,
              60.79463
            ],
            [
              25.54016,
              60.79471
            ],
            [
              25.53895,
              60.79462
            ],
            [
              25.53834,
              60.79462
            ],
            [
              25.53663,
              60.79482
            ],
            [
              25.53467,
              60.79495
            ],
            [
              25.53406,
              60.79508
            ],
            [
              25.53321,
              60.79536
            ],
            [
              25.53275,
              60.79558
            ],
            [
              25.53247,
              60.79585
            ],
            [
              25.53201,
              60.79645
            ],
            [
              25.53131,
              60.79693
            ],
            [
              25.53087,
              60.79706
            ],
            [
              25.52945,
              60.79727
            ],
            [
              25.52811,
              60.79754
            ],
            [
              25.52718,
              60.79785
            ],
            [
              25.52688,
              60.79804
            ],
            [
              25.52653,
              60.79856
            ],
            [
              25.52565,
              60.79943
            ],
            [
              25.52529,
              60.79969
            ],
            [
              25.52482,
              60.79991
            ],
            [
              25.52197,
              60.80061
            ],
            [
              25.5206,
              60.80106
            ],
            [
              25.51835,
              60.80149
            ],
            [
              25.51735,
              60.80152
            ],
            [
              25.51575,
              60.80143
            ],
            [
              25.51482,
              60.8015
            ],
            [
              25.51342,
              60.80185
            ],
            [
              25.51157,
              60.80248
            ],
            [
              25.51102,
              60.80262
            ],
            [
              25.51038,
              60.80265
            ],
            [
              25.50937,
              60.80261
            ],
            [
              25.50844,
              60.80248
            ],
            [
              25.50736,
              60.80218
            ],
            [
              25.50535,
              60.80144
            ],
            [
              25.50485,
              60.80119
            ],
            [
              25.50421,
              60.80078
            ],
            [
              25.50341,
              60.80045
            ],
            [
              25.50072,
              60.79957
            ],
            [
              25.50015,
              60.79945
            ],
            [
              25.49921,
              60.79932
            ],
            [
              25.49819,
              60.79929
            ],
            [
              25.49458,
              60.79958
            ],
            [
              25.49383,
              60.79954
            ],
            [
              25.49384,
              60.79948
            ],
            [
              25.49378,
              60.79945
            ],
            [
              25.49237,
              60.79924
            ],
            [
              25.49173,
              60.79923
            ],
            [
              25.48932,
              60.79948
            ],
            [
              25.48905,
              60.79958
            ],
            [
              25.48765,
              60.80037
            ],
            [
              25.48718,
              60.80057
            ],
            [
              25.48552,
              60.80092
            ],
            [
              25.48515,
              60.80107
            ],
            [
              25.4837,
              60.80222
            ],
            [
              25.48358,
              60.80236
            ],
            [
              25.48317,
              60.80364
            ],
            [
              25.48306,
              60.80381
            ],
            [
              25.48284,
              60.80397
            ],
            [
              25.48193,
              60.80421
            ],
            [
              25.48197,
              60.80426
            ],
            [
              25.48143,
              60.80435
            ],
            [
              25.47846,
              60.8045
            ],
            [
              25.47774,
              60.80455
            ],
            [
              25.4775,
              60.80461
            ],
            [
              25.46893,
              60.79596
            ],
            [
              25.46822,
              60.79497
            ],
            [
              25.46753,
              60.7938
            ],
            [
              25.46658,
              60.7925
            ],
            [
              25.45944,
              60.78341
            ],
            [
              25.45782,
              60.78125
            ],
            [
              25.45566,
              60.77865
            ],
            [
              25.45193,
              60.77345
            ],
            [
              25.44737,
              60.76692
            ],
            [
              25.44659,
              60.76593
            ],
            [
              25.44571,
              60.76501
            ],
            [
              25.44455,
              60.76401
            ],
            [
              25.43605,
              60.75631
            ],
            [
              25.43305,
              60.75355
            ],
            [
              25.4325,
              60.75298
            ],
            [
              25.43205,
              60.75231
            ],
            [
              25.43183,
              60.75174
            ],
            [
              25.43178,
              60.75113
            ],
            [
              25.4318,
              60.75047
            ],
            [
              25.43217,
              60.74868
            ],
            [
              25.4322,
              60.74834
            ],
            [
              25.43217,
              60.74789
            ],
            [
              25.43205,
              60.74751
            ],
            [
              25.43171,
              60.74683
            ],
            [
              25.43108,
              60.74579
            ],
            [
              25.42973,
              60.74406
            ],
            [
              25.42915,
              60.74317
            ],
            [
              25.42794,
              60.74095
            ],
            [
              25.42778,
              60.74027
            ],
            [
              25.42774,
              60.73983
            ],
            [
              25.42782,
              60.73888
            ],
            [
              25.42777,
              60.73808
            ],
            [
              25.42767,
              60.73774
            ],
            [
              25.42739,
              60.7372
            ],
            [
              25.42709,
              60.73683
            ],
            [
              25.42644,
              60.73608
            ],
            [
              25.42574,
              60.73538
            ],
            [
              25.41845,
              60.72899
            ],
            [
              25.41695,
              60.7273
            ],
            [
              25.41657,
              60.72673
            ],
            [
              25.41638,
              60.72623
            ],
            [
              25.41616,
              60.72524
            ],
            [
              25.41604,
              60.72497
            ],
            [
              25.4157,
              60.72449
            ],
            [
              25.41519,
              60.724
            ],
            [
              25.41455,
              60.72357
            ],
            [
              25.41405,
              60.7233
            ],
            [
              25.41351,
              60.72308
            ],
            [
              25.41294,
              60.72288
            ],
            [
              25.41012,
              60.72212
            ],
            [
              25.40962,
              60.72195
            ],
            [
              25.40892,
              60.72163
            ],
            [
              25.4075,
              60.72075
            ],
            [
              25.40371,
              60.71823
            ],
            [
              25.40259,
              60.71744
            ],
            [
              25.40139,
              60.71642
            ],
            [
              25.40028,
              60.71503
            ],
            [
              25.39661,
              60.70919
            ],
            [
              25.39348,
              60.70528
            ],
            [
              25.39164,
              60.70312
            ],
            [
              25.39081,
              60.70228
            ],
            [
              25.38756,
              60.69931
            ],
            [
              25.38515,
              60.69676
            ],
            [
              25.38376,
              60.69715
            ],
            [
              25.38278,
              60.6964
            ],
            [
              25.38175,
              60.69521
            ],
            [
              25.37946,
              60.69594
            ],
            [
              25.37899,
              60.69599
            ],
            [
              25.37738,
              60.6958
            ],
            [
              25.37609,
              60.69572
            ],
            [
              25.3754,
              60.69573
            ],
            [
              25.37379,
              60.6959
            ],
            [
              25.37124,
              60.69545
            ],
            [
              25.37079,
              60.69533
            ],
            [
              25.3705,
              60.69517
            ],
            [
              25.36979,
              60.6946
            ],
            [
              25.36923,
              60.69437
            ],
            [
              25.36794,
              60.69402
            ],
            [
              25.36639,
              60.69374
            ],
            [
              25.36603,
              60.69359
            ],
            [
              25.36547,
              60.69347
            ],
            [
              25.36414,
              60.69331
            ],
            [
              25.36323,
              60.69335
            ],
            [
              25.3619,
              60.6933
            ],
            [
              25.36132,
              60.69334
            ],
            [
              25.35936,
              60.69377
            ],
            [
              25.35813,
              60.69379
            ],
            [
              25.35764,
              60.69389
            ],
            [
              25.35666,
              60.69435
            ],
            [
              25.35616,
              60.6947
            ],
            [
              25.35575,
              60.69531
            ],
            [
              25.35554,
              60.69547
            ],
            [
              25.35513,
              60.69563
            ],
            [
              25.35448,
              60.69577
            ],
            [
              25.35078,
              60.69609
            ],
            [
              25.34952,
              60.69629
            ],
            [
              25.34751,
              60.69677
            ],
            [
              25.34586,
              60.69693
            ],
            [
              25.34472,
              60.69718
            ],
            [
              25.34354,
              60.69726
            ],
            [
              25.343,
              60.69717
            ],
            [
              25.34062,
              60.69652
            ],
            [
              25.34008,
              60.69643
            ],
            [
              25.33817,
              60.6963
            ],
            [
              25.33767,
              60.69637
            ],
            [
              25.33723,
              60.69647
            ],
            [
              25.33608,
              60.69693
            ],
            [
              25.33557,
              60.69708
            ],
            [
              25.33508,
              60.69714
            ],
            [
              25.33355,
              60.69712
            ],
            [
              25.33287,
              60.69721
            ],
            [
              25.33224,
              60.69737
            ],
            [
              25.33163,
              60.69763
            ],
            [
              25.32825,
              60.69954
            ],
            [
              25.32761,
              60.69981
            ],
            [
              25.32693,
              60.70003
            ],
            [
              25.32556,
              60.70038
            ],
            [
              25.31976,
              60.70128
            ],
            [
              25.31452,
              60.70234
            ],
            [
              25.31362,
              60.70247
            ],
            [
              25.31301,
              60.70251
            ],
            [
              25.30928,
              60.70252
            ],
            [
              25.30862,
              60.70245
            ],
            [
              25.30797,
              60.7023
            ],
            [
              25.30749,
              60.70213
            ],
            [
              25.30704,
              60.70187
            ],
            [
              25.30556,
              60.70071
            ],
            [
              25.3036,
              60.69897
            ],
            [
              25.30113,
              60.6965
            ],
            [
              25.3001,
              60.69515
            ],
            [
              25.29983,
              60.69486
            ],
            [
              25.29948,
              60.69465
            ],
            [
              25.29906,
              60.69451
            ],
            [
              25.29811,
              60.69433
            ],
            [
              25.29622,
              60.69409
            ],
            [
              25.29525,
              60.69405
            ],
            [
              25.29421,
              60.69391
            ],
            [
              25.29094,
              60.69331
            ],
            [
              25.2893,
              60.69307
            ],
            [
              25.2886,
              60.69303
            ],
            [
              25.28614,
              60.69304
            ],
            [
              25.28558,
              60.69292
            ],
            [
              25.28514,
              60.69271
            ],
            [
              25.28433,
              60.69215
            ],
            [
              25.28359,
              60.69176
            ],
            [
              25.28269,
              60.69137
            ],
            [
              25.2812,
              60.69081
            ],
            [
              25.28039,
              60.69058
            ],
            [
              25.27974,
              60.69033
            ],
            [
              25.27867,
              60.68966
            ],
            [
              25.27799,
              60.68938
            ],
            [
              25.27547,
              60.68896
            ],
            [
              25.2744,
              60.68902
            ],
            [
              25.27122,
              60.6894
            ],
            [
              25.27054,
              60.68938
            ],
            [
              25.26961,
              60.68916
            ],
            [
              25.26682,
              60.68819
            ],
            [
              25.26551,
              60.68758
            ],
            [
              25.26532,
              60.68742
            ],
            [
              25.26496,
              60.68697
            ],
            [
              25.26457,
              60.68597
            ],
            [
              25.26437,
              60.68502
            ],
            [
              25.26426,
              60.68475
            ],
            [
              25.26402,
              60.6844
            ],
            [
              25.26335,
              60.68367
            ],
            [
              25.26302,
              60.68348
            ],
            [
              25.26183,
              60.68302
            ],
            [
              25.2617,
              60.68291
            ],
            [
              25.26164,
              60.68278
            ],
            [
              25.26241,
              60.68264
            ],
            [
              25.26289,
              60.6825
            ],
            [
              25.26519,
              60.68167
            ],
            [
              25.26579,
              60.68141
            ],
            [
              25.26611,
              60.68118
            ],
            [
              25.26621,
              60.68103
            ],
            [
              25.26653,
              60.68017
            ],
            [
              25.26681,
              60.67972
            ],
            [
              25.26706,
              60.67954
            ],
            [
              25.26823,
              60.67891
            ],
            [
              25.26928,
              60.67812
            ],
            [
              25.27033,
              60.67721
            ],
            [
              25.27276,
              60.67602
            ],
            [
              25.275,
              60.67522
            ],
            [
              25.27547,
              60.67499
            ],
            [
              25.2757,
              60.67482
            ],
            [
              25.27598,
              60.67449
            ],
            [
              25.27616,
              60.67415
            ],
            [
              25.27857,
              60.66814
            ],
            [
              25.2794,
              60.66628
            ],
            [
              25.27987,
              60.66539
            ],
            [
              25.28007,
              60.6651
            ],
            [
              25.28036,
              60.66483
            ],
            [
              25.28062,
              60.66467
            ],
            [
              25.28305,
              60.66346
            ],
            [
              25.28345,
              60.66313
            ],
            [
              25.2838,
              60.66251
            ],
            [
              25.28375,
              60.66194
            ],
            [
              25.2838,
              60.66153
            ],
            [
              25.28392,
              60.66117
            ],
            [
              25.28409,
              60.66085
            ],
            [
              25.28489,
              60.65999
            ],
            [
              25.28629,
              60.65929
            ],
            [
              25.28652,
              60.65912
            ],
            [
              25.28669,
              60.65889
            ],
            [
              25.28704,
              60.65809
            ],
            [
              25.28761,
              60.65758
            ],
            [
              25.28797,
              60.65735
            ],
            [
              25.28834,
              60.65719
            ],
            [
              25.29104,
              60.65615
            ],
            [
              25.29147,
              60.65588
            ],
            [
              25.29164,
              60.65572
            ],
            [
              25.29206,
              60.65504
            ],
            [
              25.29267,
              60.65463
            ],
            [
              25.29287,
              60.65454
            ],
            [
              25.29299,
              60.65461
            ],
            [
              25.29472,
              60.65404
            ],
            [
              25.29594,
              60.65343
            ],
            [
              25.29613,
              60.6532
            ],
            [
              25.29641,
              60.65231
            ],
            [
              25.29661,
              60.65196
            ],
            [
              25.29719,
              60.65132
            ],
            [
              25.29742,
              60.65117
            ],
            [
              25.29813,
              60.65083
            ],
            [
              25.29889,
              60.65055
            ],
            [
              25.3006,
              60.65
            ],
            [
              25.30074,
              60.64988
            ],
            [
              25.30049,
              60.6497
            ],
            [
              25.30048,
              60.64965
            ],
            [
              25.30054,
              60.64961
            ],
            [
              25.30278,
              60.64887
            ],
            [
              25.30362,
              60.64849
            ],
            [
              25.30385,
              60.64829
            ],
            [
              25.30386,
              60.64825
            ],
            [
              25.30372,
              60.64812
            ],
            [
              25.30381,
              60.64799
            ],
            [
              25.30406,
              60.64793
            ],
            [
              25.30444,
              60.64739
            ],
            [
              25.30478,
              60.64701
            ],
            [
              25.3057,
              60.64629
            ],
            [
              25.30616,
              60.64569
            ],
            [
              25.30657,
              60.64451
            ],
            [
              25.30656,
              60.64427
            ],
            [
              25.30662,
              60.644
            ],
            [
              25.30679,
              60.64361
            ],
            [
              25.30708,
              60.64264
            ],
            [
              25.30703,
              60.64237
            ],
            [
              25.30672,
              60.64181
            ],
            [
              25.30671,
              60.64162
            ],
            [
              25.30705,
              60.64126
            ],
            [
              25.30718,
              60.64065
            ],
            [
              25.30758,
              60.63989
            ],
            [
              25.30855,
              60.63858
            ],
            [
              25.30909,
              60.63766
            ],
            [
              25.30947,
              60.63719
            ],
            [
              25.30981,
              60.63687
            ],
            [
              25.31091,
              60.63598
            ],
            [
              25.31357,
              60.63406
            ],
            [
              25.31357,
              60.634
            ],
            [
              25.30943,
              60.63113
            ],
            [
              25.30894,
              60.63088
            ],
            [
              25.30786,
              60.63007
            ],
            [
              25.30572,
              60.62913
            ],
            [
              25.29968,
              60.62694
            ],
            [
              25.3,
              60.62671
            ],
            [
              25.29538,
              60.62502
            ],
            [
              25.29128,
              60.62361
            ],
            [
              25.28544,
              60.62149
            ],
            [
              25.28375,
              60.62079
            ],
            [
              25.28089,
              60.61953
            ],
            [
              25.27893,
              60.61854
            ],
            [
              25.27788,
              60.61795
            ],
            [
              25.27624,
              60.61686
            ],
            [
              25.27481,
              60.61574
            ],
            [
              25.27337,
              60.61436
            ],
            [
              25.27312,
              60.61442
            ],
            [
              25.26302,
              60.60481
            ],
            [
              25.26159,
              60.60358
            ],
            [
              25.26013,
              60.60243
            ],
            [
              25.25492,
              60.59888
            ],
            [
              25.25032,
              60.59589
            ],
            [
              25.23978,
              60.58888
            ],
            [
              25.23483,
              60.58538
            ],
            [
              25.23242,
              60.5835
            ],
            [
              25.22856,
              60.58033
            ],
            [
              25.22599,
              60.57807
            ],
            [
              25.22301,
              60.57519
            ],
            [
              25.21369,
              60.56572
            ],
            [
              25.21155,
              60.56362
            ],
            [
              25.19664,
              60.55065
            ],
            [
              25.19295,
              60.54726
            ],
            [
              25.19101,
              60.54534
            ],
            [
              25.18808,
              60.54219
            ],
            [
              25.16779,
              60.51903
            ],
            [
              25.16748,
              60.51905
            ],
            [
              25.16301,
              60.5139
            ],
            [
              25.16154,
              60.51214
            ],
            [
              25.16106,
              60.51176
            ],
            [
              25.16063,
              60.51102
            ],
            [
              25.16025,
              60.51051
            ],
            [
              25.16001,
              60.50997
            ],
            [
              25.15909,
              60.50862
            ],
            [
              25.15691,
              60.50402
            ],
            [
              25.15645,
              60.50358
            ],
            [
              25.15645,
              60.50324
            ],
            [
              25.15666,
              60.50303
            ],
            [
              25.15498,
              60.49965
            ],
            [
              25.15277,
              60.49582
            ],
            [
              25.15111,
              60.49326
            ],
            [
              25.14953,
              60.49108
            ],
            [
              25.1454,
              60.48587
            ],
            [
              25.14453,
              60.48439
            ],
            [
              25.14402,
              60.48313
            ],
            [
              25.1438,
              60.48225
            ],
            [
              25.14195,
              60.47196
            ],
            [
              25.14156,
              60.47196
            ],
            [
              25.14149,
              60.47183
            ],
            [
              25.14118,
              60.47067
            ],
            [
              25.14107,
              60.47044
            ],
            [
              25.14091,
              60.47038
            ],
            [
              25.13836,
              60.47016
            ],
            [
              25.13519,
              60.46972
            ],
            [
              25.13345,
              60.46935
            ],
            [
              25.13278,
              60.46925
            ],
            [
              25.13224,
              60.46908
            ],
            [
              25.13062,
              60.46838
            ],
            [
              25.12993,
              60.46815
            ],
            [
              25.12931,
              60.46775
            ],
            [
              25.12637,
              60.46656
            ],
            [
              25.1235,
              60.46547
            ],
            [
              25.1224,
              60.46523
            ],
            [
              25.1218,
              60.46519
            ],
            [
              25.12004,
              60.46525
            ],
            [
              25.11784,
              60.46518
            ],
            [
              25.11763,
              60.46526
            ],
            [
              25.1171,
              60.46528
            ],
            [
              25.11677,
              60.46519
            ],
            [
              25.11372,
              60.4652
            ],
            [
              25.10551,
              60.46474
            ],
            [
              25.10485,
              60.46475
            ],
            [
              25.10433,
              60.46468
            ],
            [
              25.10174,
              60.46467
            ],
            [
              25.09876,
              60.46475
            ],
            [
              25.09751,
              60.46468
            ],
            [
              25.09733,
              60.46477
            ],
            [
              25.09689,
              60.46473
            ],
            [
              25.09672,
              60.46458
            ],
            [
              25.09642,
              60.46448
            ],
            [
              25.08704,
              60.46278
            ],
            [
              25.08684,
              60.46288
            ],
            [
              25.08603,
              60.46292
            ],
            [
              25.08584,
              60.46271
            ],
            [
              25.08586,
              60.46249
            ],
            [
              25.08574,
              60.46213
            ],
            [
              25.08593,
              60.46192
            ],
            [
              25.08604,
              60.46169
            ],
            [
              25.086,
              60.46145
            ],
            [
              25.08553,
              60.46012
            ],
            [
              25.08541,
              60.45988
            ],
            [
              25.08497,
              60.45948
            ],
            [
              25.08463,
              60.45899
            ],
            [
              25.08393,
              60.45759
            ],
            [
              25.08346,
              60.45678
            ],
            [
              25.08315,
              60.45655
            ],
            [
              25.08316,
              60.4564
            ],
            [
              25.08311,
              60.45635
            ],
            [
              25.08252,
              60.45612
            ],
            [
              25.08236,
              60.45592
            ],
            [
              25.08245,
              60.45548
            ],
            [
              25.08246,
              60.45498
            ],
            [
              25.08239,
              60.45457
            ],
            [
              25.08229,
              60.45431
            ],
            [
              25.08216,
              60.45409
            ],
            [
              25.08156,
              60.45349
            ],
            [
              25.08104,
              60.45313
            ],
            [
              25.08041,
              60.45212
            ],
            [
              25.07901,
              60.45067
            ],
            [
              25.0785,
              60.44987
            ],
            [
              25.07821,
              60.44928
            ],
            [
              25.07791,
              60.44831
            ],
            [
              25.07783,
              60.44781
            ],
            [
              25.07783,
              60.44634
            ],
            [
              25.07778,
              60.44602
            ],
            [
              25.07711,
              60.44472
            ],
            [
              25.07571,
              60.4438
            ],
            [
              25.07551,
              60.4434
            ],
            [
              25.07493,
              60.44283
            ],
            [
              25.07094,
              60.43952
            ],
            [
              25.06917,
              60.43828
            ],
            [
              25.06569,
              60.436
            ],
            [
              25.05963,
              60.43299
            ],
            [
              25.05812,
              60.43215
            ],
            [
              25.05632,
              60.43099
            ],
            [
              25.05583,
              60.43062
            ],
            [
              25.05504,
              60.42993
            ],
            [
              25.05469,
              60.42952
            ],
            [
              25.05436,
              60.42903
            ],
            [
              25.05408,
              60.42849
            ],
            [
              25.05392,
              60.42806
            ],
            [
              25.05379,
              60.42754
            ],
            [
              25.05368,
              60.42638
            ],
            [
              25.0535,
              60.42523
            ],
            [
              25.05315,
              60.42472
            ],
            [
              25.05316,
              60.42463
            ],
            [
              25.05336,
              60.42429
            ],
            [
              25.05312,
              60.42238
            ],
            [
              25.05311,
              60.42195
            ],
            [
              25.05285,
              60.42045
            ],
            [
              25.05283,
              60.41975
            ],
            [
              25.05276,
              60.41962
            ],
            [
              25.05241,
              60.418
            ],
            [
              25.05239,
              60.41769
            ],
            [
              25.05223,
              60.41708
            ],
            [
              25.05104,
              60.41541
            ],
            [
              25.05061,
              60.41517
            ],
            [
              25.04976,
              60.41488
            ],
            [
              25.05031,
              60.41458
            ],
            [
              25.05091,
              60.41451
            ],
            [
              25.05084,
              60.41443
            ],
            [
              25.04991,
              60.41368
            ],
            [
              25.04858,
              60.41283
            ],
            [
              25.04791,
              60.41246
            ],
            [
              25.04623,
              60.4117
            ],
            [
              25.04415,
              60.41094
            ],
            [
              25.04348,
              60.41079
            ],
            [
              25.04268,
              60.41041
            ],
            [
              25.04144,
              60.40992
            ],
            [
              25.04019,
              60.40926
            ],
            [
              25.03932,
              60.40872
            ],
            [
              25.03874,
              60.40828
            ],
            [
              25.03775,
              60.40732
            ],
            [
              25.03707,
              60.40637
            ],
            [
              25.03656,
              60.40575
            ],
            [
              25.03596,
              60.40517
            ],
            [
              25.03432,
              60.40383
            ],
            [
              25.03315,
              60.40269
            ],
            [
              25.0319,
              60.40249
            ],
            [
              25.0315,
              60.40233
            ],
            [
              25.03017,
              60.40165
            ],
            [
              25.02846,
              60.40098
            ],
            [
              25.02531,
              60.40029
            ],
            [
              25.02503,
              60.40016
            ],
            [
              25.02412,
              60.39956
            ],
            [
              25.02275,
              60.39823
            ],
            [
              25.02272,
              60.39803
            ],
            [
              25.02255,
              60.39768
            ],
            [
              25.022,
              60.39604
            ],
            [
              25.02203,
              60.39575
            ],
            [
              25.0223,
              60.39555
            ],
            [
              25.02212,
              60.39545
            ],
            [
              25.02208,
              60.39532
            ],
            [
              25.02181,
              60.39491
            ],
            [
              25.02239,
              60.39352
            ],
            [
              25.02287,
              60.39288
            ],
            [
              25.02341,
              60.39176
            ],
            [
              25.02353,
              60.39158
            ],
            [
              25.02374,
              60.39144
            ],
            [
              25.02387,
              60.39128
            ],
            [
              25.02399,
              60.39124
            ],
            [
              25.02393,
              60.39119
            ],
            [
              25.024,
              60.39102
            ],
            [
              25.02397,
              60.39078
            ],
            [
              25.025,
              60.38906
            ],
            [
              25.02511,
              60.38878
            ],
            [
              25.02513,
              60.3882
            ],
            [
              25.0255,
              60.38686
            ],
            [
              25.02565,
              60.38595
            ],
            [
              25.02579,
              60.38454
            ],
            [
              25.02592,
              60.38417
            ],
            [
              25.02598,
              60.38371
            ],
            [
              25.02601,
              60.38342
            ],
            [
              25.02592,
              60.38337
            ],
            [
              25.02601,
              60.38333
            ],
            [
              25.0259,
              60.38267
            ],
            [
              25.02557,
              60.38188
            ],
            [
              25.02517,
              60.38114
            ],
            [
              25.02376,
              60.37917
            ],
            [
              25.0235,
              60.37886
            ],
            [
              25.02095,
              60.37647
            ],
            [
              25.02056,
              60.37603
            ],
            [
              25.02033,
              60.37573
            ],
            [
              25.01939,
              60.37407
            ],
            [
              25.01862,
              60.37309
            ],
            [
              25.01803,
              60.3725
            ],
            [
              25.01725,
              60.37184
            ],
            [
              25.01671,
              60.37146
            ],
            [
              25.01538,
              60.37066
            ],
            [
              25.01406,
              60.36958
            ],
            [
              25.01253,
              60.36823
            ],
            [
              25.01197,
              60.36808
            ],
            [
              25.01119,
              60.36752
            ],
            [
              25.0103,
              60.36674
            ],
            [
              25.01001,
              60.36619
            ],
            [
              25.0098,
              60.36593
            ],
            [
              25.00897,
              60.36511
            ],
            [
              25.00908,
              60.36495
            ],
            [
              25.01034,
              60.36385
            ],
            [
              25.01069,
              60.36335
            ],
            [
              25.01174,
              60.36215
            ],
            [
              25.01213,
              60.36163
            ],
            [
              25.01266,
              60.36073
            ],
            [
              25.01276,
              60.36027
            ],
            [
              25.01274,
              60.35973
            ],
            [
              25.0127,
              60.35956
            ],
            [
              25.01235,
              60.35905
            ],
            [
              25.01187,
              60.35818
            ],
            [
              25.01173,
              60.3577
            ],
            [
              25.01093,
              60.35661
            ],
            [
              25.01032,
              60.35601
            ],
            [
              25.01,
              60.35556
            ],
            [
              25.00646,
              60.34974
            ],
            [
              25.00587,
              60.34888
            ],
            [
              25.00512,
              60.34802
            ],
            [
              25.00372,
              60.34695
            ],
            [
              25.00343,
              60.34667
            ],
            [
              25.00303,
              60.34618
            ],
            [
              25.00276,
              60.3456
            ],
            [
              25.00268,
              60.34503
            ],
            [
              25.00289,
              60.34437
            ],
            [
              25.00291,
              60.34391
            ],
            [
              25.0032,
              60.34301
            ],
            [
              25.00343,
              60.34281
            ],
            [
              25.00341,
              60.34269
            ],
            [
              25.00348,
              60.34258
            ],
            [
              25.00335,
              60.34245
            ],
            [
              25.00341,
              60.34193
            ],
            [
              25.00389,
              60.34035
            ],
            [
              25.00402,
              60.34023
            ],
            [
              25.00424,
              60.33957
            ],
            [
              25.00431,
              60.33909
            ],
            [
              25.00429,
              60.33647
            ],
            [
              25.00412,
              60.33539
            ],
            [
              25.004,
              60.33325
            ],
            [
              25.00386,
              60.33238
            ],
            [
              25.00386,
              60.33207
            ],
            [
              25.0036,
              60.3312
            ],
            [
              25.00329,
              60.33039
            ],
            [
              25.00289,
              60.32981
            ],
            [
              25.00273,
              60.32947
            ],
            [
              25.00274,
              60.3294
            ],
            [
              25.00257,
              60.32914
            ],
            [
              25.00137,
              60.32676
            ],
            [
              25.00121,
              60.3263
            ],
            [
              25.00103,
              60.32533
            ],
            [
              25.001,
              60.32418
            ],
            [
              25.00111,
              60.32398
            ],
            [
              25.00121,
              60.32357
            ],
            [
              25.0012,
              60.32322
            ],
            [
              25.0013,
              60.32245
            ],
            [
              25.00126,
              60.32134
            ],
            [
              25.0009,
              60.32
            ],
            [
              25.00065,
              60.31933
            ],
            [
              25.00066,
              60.31897
            ],
            [
              24.99974,
              60.31641
            ],
            [
              24.99957,
              60.31618
            ],
            [
              24.99955,
              60.31587
            ],
            [
              24.9992,
              60.31495
            ],
            [
              24.99899,
              60.31424
            ],
            [
              24.99888,
              60.31329
            ],
            [
              24.99899,
              60.31208
            ],
            [
              24.99918,
              60.31098
            ],
            [
              24.99929,
              60.30991
            ],
            [
              24.99927,
              60.30968
            ],
            [
              24.99909,
              60.30905
            ],
            [
              24.99931,
              60.3083
            ],
            [
              24.99944,
              60.30809
            ],
            [
              24.99999,
              60.30773
            ],
            [
              25.00013,
              60.30759
            ],
            [
              24.99988,
              60.30686
            ],
            [
              24.9998,
              60.30679
            ],
            [
              24.99902,
              60.30655
            ],
            [
              24.99827,
              60.3062
            ],
            [
              24.99618,
              60.30561
            ],
            [
              24.99571,
              60.30533
            ],
            [
              24.99415,
              60.30424
            ],
            [
              24.99248,
              60.30265
            ],
            [
              24.99155,
              60.30151
            ],
            [
              24.99022,
              60.3002
            ],
            [
              24.99014,
              60.30007
            ],
            [
              24.99056,
              60.29984
            ],
            [
              24.99046,
              60.29973
            ],
            [
              24.98911,
              60.29886
            ],
            [
              24.98671,
              60.29702
            ],
            [
              24.98511,
              60.2953
            ],
            [
              24.98415,
              60.29391
            ],
            [
              24.98356,
              60.29292
            ],
            [
              24.98315,
              60.29207
            ],
            [
              24.98268,
              60.29106
            ],
            [
              24.98261,
              60.29067
            ],
            [
              24.98272,
              60.29016
            ],
            [
              24.98289,
              60.28988
            ],
            [
              24.98312,
              60.28961
            ],
            [
              24.98422,
              60.28877
            ],
            [
              24.9844,
              60.28851
            ],
            [
              24.98449,
              60.28809
            ],
            [
              24.98442,
              60.28746
            ],
            [
              24.9842,
              60.28694
            ],
            [
              24.98399,
              60.28667
            ],
            [
              24.9837,
              60.28641
            ],
            [
              24.98294,
              60.28601
            ],
            [
              24.9833,
              60.28517
            ],
            [
              24.98334,
              60.28489
            ],
            [
              24.98351,
              60.28476
            ],
            [
              24.98346,
              60.2847
            ],
            [
              24.98362,
              60.28459
            ],
            [
              24.98353,
              60.28434
            ],
            [
              24.98345,
              60.2837
            ],
            [
              24.98397,
              60.28313
            ],
            [
              24.98403,
              60.28303
            ],
            [
              24.984,
              60.28279
            ],
            [
              24.98362,
              60.28243
            ],
            [
              24.98345,
              60.2822
            ],
            [
              24.98263,
              60.28151
            ],
            [
              24.98211,
              60.28094
            ],
            [
              24.98207,
              60.28076
            ],
            [
              24.98063,
              60.27922
            ],
            [
              24.98026,
              60.27897
            ],
            [
              24.97967,
              60.27876
            ],
            [
              24.97922,
              60.2785
            ],
            [
              24.97852,
              60.27796
            ],
            [
              24.97819,
              60.27754
            ],
            [
              24.97649,
              60.27427
            ],
            [
              24.9763,
              60.2738
            ],
            [
              24.97571,
              60.27187
            ],
            [
              24.97529,
              60.27095
            ],
            [
              24.97527,
              60.27082
            ],
            [
              24.97463,
              60.2696
            ],
            [
              24.97466,
              60.26932
            ],
            [
              24.9749,
              60.26868
            ],
            [
              24.97496,
              60.26809
            ],
            [
              24.97489,
              60.26769
            ],
            [
              24.97467,
              60.26743
            ],
            [
              24.97433,
              60.26721
            ],
            [
              24.97351,
              60.26683
            ],
            [
              24.97337,
              60.26639
            ],
            [
              24.97327,
              60.26561
            ],
            [
              24.97302,
              60.26525
            ],
            [
              24.97268,
              60.26496
            ],
            [
              24.97234,
              60.26449
            ],
            [
              24.97208,
              60.26427
            ],
            [
              24.97117,
              60.26367
            ],
            [
              24.97201,
              60.26319
            ],
            [
              24.97238,
              60.26265
            ],
            [
              24.97323,
              60.26192
            ],
            [
              24.97341,
              60.2615
            ],
            [
              24.97389,
              60.26088
            ],
            [
              24.97411,
              60.26045
            ],
            [
              24.97473,
              60.25975
            ],
            [
              24.97524,
              60.25864
            ],
            [
              24.97551,
              60.25791
            ],
            [
              24.97589,
              60.25727
            ],
            [
              24.97588,
              60.25677
            ],
            [
              24.97612,
              60.25649
            ],
            [
              24.97613,
              60.25635
            ],
            [
              24.97581,
              60.25613
            ],
            [
              24.97571,
              60.25602
            ],
            [
              24.97571,
              60.25596
            ],
            [
              24.97581,
              60.25587
            ],
            [
              24.97649,
              60.25573
            ],
            [
              24.97664,
              60.25564
            ],
            [
              24.97697,
              60.25505
            ],
            [
              24.97746,
              60.25437
            ],
            [
              24.97769,
              60.25374
            ],
            [
              24.97775,
              60.25343
            ],
            [
              24.97776,
              60.25297
            ],
            [
              24.97767,
              60.25265
            ],
            [
              24.97734,
              60.2521
            ],
            [
              24.97667,
              60.25136
            ],
            [
              24.97611,
              60.25098
            ],
            [
              24.97501,
              60.25044
            ],
            [
              24.97459,
              60.25012
            ],
            [
              24.97434,
              60.24985
            ],
            [
              24.97377,
              60.24893
            ],
            [
              24.97322,
              60.24821
            ],
            [
              24.97255,
              60.24772
            ],
            [
              24.97237,
              60.24752
            ],
            [
              24.97214,
              60.24678
            ],
            [
              24.9721,
              60.24637
            ],
            [
              24.97221,
              60.24562
            ],
            [
              24.97231,
              60.24538
            ],
            [
              24.97228,
              60.24485
            ],
            [
              24.97237,
              60.24465
            ],
            [
              24.97239,
              60.24445
            ],
            [
              24.97233,
              60.24394
            ],
            [
              24.97225,
              60.24379
            ],
            [
              24.97183,
              60.2434
            ],
            [
              24.97127,
              60.24306
            ],
            [
              24.97107,
              60.24284
            ],
            [
              24.97096,
              60.24252
            ],
            [
              24.97105,
              60.2422
            ],
            [
              24.97127,
              60.24185
            ],
            [
              24.97164,
              60.24145
            ],
            [
              24.97385,
              60.24017
            ],
            [
              24.97466,
              60.23986
            ],
            [
              24.9769,
              60.23926
            ],
            [
              24.97695,
              60.23915
            ],
            [
              24.9768,
              60.239
            ],
            [
              24.97693,
              60.23891
            ],
            [
              24.97704,
              60.23865
            ],
            [
              24.97729,
              60.23846
            ],
            [
              24.9777,
              60.23836
            ],
            [
              24.9795,
              60.23821
            ],
            [
              24.97972,
              60.23821
            ],
            [
              24.98111,
              60.23845
            ],
            [
              24.98159,
              60.23845
            ],
            [
              24.982,
              60.23835
            ],
            [
              24.98388,
              60.23759
            ],
            [
              24.98442,
              60.23731
            ],
            [
              24.98466,
              60.23711
            ],
            [
              24.9834,
              60.23673
            ],
            [
              24.98108,
              60.23556
            ],
            [
              24.9724,
              60.23105
            ],
            [
              24.9709,
              60.23018
            ],
            [
              24.9612,
              60.22523
            ],
            [
              24.95969,
              60.22459
            ],
            [
              24.95635,
              60.22333
            ],
            [
              24.9559,
              60.22307
            ],
            [
              24.95572,
              60.22274
            ],
            [
              24.95556,
              60.22263
            ],
            [
              24.95469,
              60.22251
            ],
            [
              24.9536,
              60.22204
            ],
            [
              24.95259,
              60.22182
            ],
            [
              24.95201,
              60.22163
            ],
            [
              24.95163,
              60.22144
            ],
            [
              24.95138,
              60.22137
            ],
            [
              24.9512,
              60.22138
            ],
            [
              24.951,
              60.22132
            ],
            [
              24.95096,
              60.22123
            ],
            [
              24.9501,
              60.22106
            ],
            [
              24.9498,
              60.22096
            ],
            [
              24.94959,
              60.22083
            ],
            [
              24.94938,
              60.22086
            ],
            [
              24.94891,
              60.2208
            ],
            [
              24.94572,
              60.2196
            ],
            [
              24.94411,
              60.21891
            ],
            [
              24.94362,
              60.21842
            ],
            [
              24.94312,
              60.21804
            ],
            [
              24.94215,
              60.21753
            ],
            [
              24.94115,
              60.21717
            ],
            [
              24.94044,
              60.21671
            ],
            [
              24.93994,
              60.21632
            ],
            [
              24.93799,
              60.21458
            ],
            [
              24.9375,
              60.21391
            ],
            [
              24.9372,
              60.21361
            ],
            [
              24.93628,
              60.21214
            ],
            [
              24.93533,
              60.21049
            ],
            [
              24.93523,
              60.2101
            ],
            [
              24.93477,
              60.20919
            ],
            [
              24.93436,
              60.20817
            ],
            [
              24.9333,
              60.20701
            ],
            [
              24.93316,
              60.20679
            ],
            [
              24.933,
              60.20621
            ],
            [
              24.93283,
              60.20584
            ],
            [
              24.93264,
              60.2051
            ],
            [
              24.93249,
              60.20391
            ],
            [
              24.93251,
              60.20352
            ],
            [
              24.93275,
              60.20287
            ],
            [
              24.93295,
              60.20209
            ],
            [
              24.93321,
              60.2014
            ],
            [
              24.93449,
              60.19869
            ],
            [
              24.93446,
              60.19859
            ],
            [
              24.93458,
              60.19821
            ],
            [
              24.93453,
              60.19779
            ],
            [
              24.93464,
              60.19698
            ],
            [
              24.93482,
              60.19668
            ],
            [
              24.93467,
              60.19626
            ],
            [
              24.93464,
              60.19582
            ],
            [
              24.934,
              60.19339
            ],
            [
              24.93401,
              60.19266
            ],
            [
              24.93405,
              60.19252
            ],
            [
              24.93428,
              60.1922
            ],
            [
              24.93441,
              60.19192
            ],
            [
              24.93452,
              60.19147
            ],
            [
              24.93487,
              60.19097
            ],
            [
              24.93542,
              60.18909
            ],
            [
              24.93721,
              60.18521
            ],
            [
              24.93723,
              60.18518
            ],
            [
              24.93776,
              60.18534
            ],
            [
              24.93775,
              60.1854
            ],
            [
              24.93243,
              60.18462
            ],
            [
              24.93225,
              60.1845
            ],
            [
              24.93204,
              60.18402
            ],
            [
              24.93151,
              60.18309
            ],
            [
              24.93121,
              60.18288
            ],
            [
              24.93055,
              60.18264
            ],
            [
              24.93057,
              60.18251
            ],
            [
              24.93047,
              60.18214
            ],
            [
              24.93118,
              60.18156
            ],
            [
              24.93121,
              60.18148
            ],
            [
              24.9311,
              60.18101
            ],
            [
              24.93102,
              60.17932
            ],
            [
              24.9308,
              60.17878
            ],
            [
              24.93079,
              60.17856
            ],
            [
              24.93098,
              60.17817
            ],
            [
              24.93127,
              60.17773
            ],
            [
              24.93157,
              60.17754
            ],
            [
              24.93113,
              60.17713
            ],
            [
              24.9311,
              60.17703
            ],
            [
              24.93144,
              60.17676
            ],
            [
              24.93143,
              60.17656
            ],
            [
              24.93135,
              60.1764
            ],
            [
              24.93092,
              60.17627
            ],
            [
              24.93099,
              60.17621
            ],
            [
              24.93096,
              60.17615
            ],
            [
              24.93176,
              60.17545
            ],
            [
              24.93285,
              60.17434
            ],
            [
              24.93296,
              60.17412
            ],
            [
              24.9335,
              60.17354
            ],
            [
              24.93377,
              60.17334
            ],
            [
              24.93468,
              60.17243
            ],
            [
              24.93449,
              60.17224
            ],
            [
              24.93399,
              60.17196
            ],
            [
              24.93189,
              60.17114
            ],
            [
              24.93114,
              60.1709
            ]
          ]
        ]
      }
    },
    {
      "type": "Feature",
      "properties": {
        "lipas_id": 613828,
        "name_fi": "Arctic by Cycle: Santa's Eastern Gravel Loop",
        "name_en": "Arctic by Cycle: Santa's Eastern Gravel Loop",
        "type_code": 4412,
        "surface": "Sora,Asfaltti",
        "length_km": 472.0,
        "owner": "Kunta",
        "maintainer": "Kunta / muu",
        "www": "https://www.bikeland.fi/arctic-by-cycle-santas-eastern-gravel-loop/",
        "note": null,
        "modified": "2025-08-15T15:52:22.639Z"
      },
      "geometry": {
        "type": "MultiLineString",
        "coordinates": [
          [
            [
              25.715646,
              66.496968
            ],
            [
              25.71635,
              66.4973
            ],
            [
              25.71709,
              66.49694
            ],
            [
              25.71807,
              66.49672
            ],
            [
              25.72451,
              66.49582
            ],
            [
              25.73057,
              66.49558
            ],
            [
              25.74089,
              66.49629
            ],
            [
              25.74417,
              66.49613
            ],
            [
              25.74928,
              66.49653
            ],
            [
              25.74962,
              66.49667
            ],
            [
              25.75017,
              66.49651
            ],
            [
              25.75475,
              66.4968
            ],
            [
              25.75804,
              66.49672
            ],
            [
              25.76131,
              66.49633
            ],
            [
              25.76164,
              66.49674
            ],
            [
              25.76304,
              66.49674
            ],
            [
              25.7638,
              66.49699
            ],
            [
              25.76421,
              66.49726
            ],
            [
              25.76431,
              66.49785
            ],
            [
              25.7651,
              66.49821
            ],
            [
              25.76664,
              66.49809
            ],
            [
              25.76971,
              66.49825
            ],
            [
              25.78127,
              66.49767
            ],
            [
              25.78415,
              66.49732
            ],
            [
              25.78459,
              66.49712
            ],
            [
              25.78708,
              66.4971
            ],
            [
              25.78962,
              66.49668
            ],
            [
              25.7909,
              66.4963
            ],
            [
              25.79232,
              66.49617
            ],
            [
              25.79516,
              66.49617
            ],
            [
              25.79805,
              66.49584
            ],
            [
              25.80071,
              66.49596
            ],
            [
              25.80376,
              66.49562
            ],
            [
              25.80525,
              66.49535
            ],
            [
              25.80624,
              66.49499
            ],
            [
              25.80919,
              66.4945
            ],
            [
              25.81729,
              66.49396
            ],
            [
              25.82173,
              66.49275
            ],
            [
              25.82364,
              66.49205
            ],
            [
              25.83434,
              66.49076
            ],
            [
              25.84039,
              66.49076
            ],
            [
              25.84356,
              66.49016
            ],
            [
              25.84626,
              66.48985
            ],
            [
              25.85058,
              66.48863
            ],
            [
              25.85899,
              66.48699
            ],
            [
              25.8658,
              66.48521
            ],
            [
              25.86884,
              66.48459
            ],
            [
              25.87348,
              66.48302
            ],
            [
              25.87644,
              66.48232
            ],
            [
              25.87766,
              66.48226
            ],
            [
              25.88053,
              66.48172
            ],
            [
              25.88169,
              66.48169
            ],
            [
              25.88427,
              66.48082
            ],
            [
              25.88593,
              66.48073
            ],
            [
              25.88839,
              66.48034
            ],
            [
              25.89038,
              66.47967
            ],
            [
              25.89183,
              66.47872
            ],
            [
              25.89315,
              66.47823
            ],
            [
              25.89613,
              66.47734
            ],
            [
              25.89761,
              66.47671
            ],
            [
              25.90125,
              66.47579
            ],
            [
              25.90578,
              66.47501
            ],
            [
              25.9074,
              66.47492
            ],
            [
              25.91347,
              66.47366
            ],
            [
              25.91688,
              66.47321
            ],
            [
              25.9172,
              66.47307
            ],
            [
              25.91712,
              66.47294
            ],
            [
              25.92005,
              66.4719
            ],
            [
              25.92294,
              66.4714
            ],
            [
              25.92415,
              66.47149
            ],
            [
              25.92579,
              66.47205
            ],
            [
              25.9272,
              66.47226
            ],
            [
              25.92687,
              66.47285
            ],
            [
              25.92756,
              66.47387
            ],
            [
              25.93221,
              66.47581
            ],
            [
              25.92863,
              66.47948
            ],
            [
              25.92282,
              66.48449
            ],
            [
              25.92281,
              66.48505
            ],
            [
              25.92391,
              66.48627
            ],
            [
              25.92364,
              66.48742
            ],
            [
              25.92318,
              66.48818
            ],
            [
              25.92161,
              66.48918
            ],
            [
              25.92101,
              66.49013
            ],
            [
              25.91974,
              66.4916
            ],
            [
              25.91978,
              66.49246
            ],
            [
              25.92084,
              66.49651
            ],
            [
              25.92124,
              66.49729
            ],
            [
              25.92402,
              66.49693
            ],
            [
              25.9297,
              66.49664
            ],
            [
              25.93281,
              66.49627
            ],
            [
              25.94468,
              66.49457
            ],
            [
              25.95134,
              66.49252
            ],
            [
              25.95864,
              66.49078
            ],
            [
              25.96261,
              66.48965
            ],
            [
              25.96478,
              66.48872
            ],
            [
              25.96755,
              66.48704
            ],
            [
              25.97137,
              66.48527
            ],
            [
              25.97347,
              66.48483
            ],
            [
              25.98116,
              66.48392
            ],
            [
              25.98345,
              66.48332
            ],
            [
              25.98673,
              66.48217
            ],
            [
              25.99065,
              66.48056
            ],
            [
              25.99929,
              66.47603
            ],
            [
              26.00851,
              66.47004
            ],
            [
              26.01229,
              66.46866
            ],
            [
              26.01782,
              66.46722
            ],
            [
              26.01928,
              66.46636
            ],
            [
              26.02074,
              66.46488
            ],
            [
              26.02288,
              66.46392
            ],
            [
              26.02887,
              66.46235
            ],
            [
              26.0348,
              66.46109
            ],
            [
              26.0389,
              66.45978
            ],
            [
              26.04191,
              66.45901
            ],
            [
              26.04608,
              66.45848
            ],
            [
              26.05423,
              66.45801
            ],
            [
              26.05693,
              66.45752
            ],
            [
              26.06455,
              66.45502
            ],
            [
              26.074356,
              66.450827
            ],
            [
              26.081909,
              66.449311
            ],
            [
              26.085342,
              66.448172
            ],
            [
              26.08926,
              66.44964
            ],
            [
              26.09011,
              66.45009
            ],
            [
              26.09118,
              66.45121
            ],
            [
              26.09111,
              66.452
            ],
            [
              26.08973,
              66.45345
            ],
            [
              26.0872,
              66.45545
            ],
            [
              26.08665,
              66.45617
            ],
            [
              26.08579,
              66.45684
            ],
            [
              26.08296,
              66.45836
            ],
            [
              26.07734,
              66.46063
            ],
            [
              26.07575,
              66.46112
            ],
            [
              26.07148,
              66.46171
            ],
            [
              26.07154,
              66.46192
            ],
            [
              26.07248,
              66.46247
            ],
            [
              26.07322,
              66.46447
            ],
            [
              26.07428,
              66.46593
            ],
            [
              26.07521,
              66.46664
            ],
            [
              26.07742,
              66.46778
            ],
            [
              26.07948,
              66.46846
            ],
            [
              26.08552,
              66.46958
            ],
            [
              26.08781,
              66.4697
            ],
            [
              26.09736,
              66.46967
            ],
            [
              26.09886,
              66.46951
            ],
            [
              26.10201,
              66.4688
            ],
            [
              26.10383,
              66.46877
            ],
            [
              26.11744,
              66.47047
            ],
            [
              26.12201,
              66.47067
            ],
            [
              26.12339,
              66.47096
            ],
            [
              26.12451,
              66.47141
            ],
            [
              26.12617,
              66.473
            ],
            [
              26.12641,
              66.47364
            ],
            [
              26.12565,
              66.47784
            ],
            [
              26.12463,
              66.47943
            ],
            [
              26.12458,
              66.47996
            ],
            [
              26.12553,
              66.4827
            ],
            [
              26.12541,
              66.48344
            ],
            [
              26.12475,
              66.48421
            ],
            [
              26.12153,
              66.48572
            ],
            [
              26.11953,
              66.48688
            ],
            [
              26.11868,
              66.4877
            ],
            [
              26.11832,
              66.48827
            ],
            [
              26.1181,
              66.48912
            ],
            [
              26.11858,
              66.49199
            ],
            [
              26.11879,
              66.49223
            ],
            [
              26.12324,
              66.49325
            ],
            [
              26.12463,
              66.49328
            ],
            [
              26.13021,
              66.49212
            ],
            [
              26.13215,
              66.49087
            ],
            [
              26.13387,
              66.49115
            ],
            [
              26.13435,
              66.49145
            ],
            [
              26.13597,
              66.49518
            ],
            [
              26.13676,
              66.49572
            ],
            [
              26.13884,
              66.49651
            ],
            [
              26.14503,
              66.49706
            ],
            [
              26.15445,
              66.50078
            ],
            [
              26.15996,
              66.50507
            ],
            [
              26.17071,
              66.50936
            ],
            [
              26.17125,
              66.50966
            ],
            [
              26.17186,
              66.51088
            ],
            [
              26.1722,
              66.51109
            ],
            [
              26.18164,
              66.51414
            ],
            [
              26.18988,
              66.51506
            ],
            [
              26.19121,
              66.51493
            ],
            [
              26.19928,
              66.51274
            ],
            [
              26.20086,
              66.51266
            ],
            [
              26.22659,
              66.51699
            ],
            [
              26.23469,
              66.51582
            ],
            [
              26.23914,
              66.51564
            ],
            [
              26.244,
              66.51513
            ],
            [
              26.25209,
              66.51474
            ],
            [
              26.25487,
              66.51417
            ],
            [
              26.26,
              66.51344
            ],
            [
              26.26644,
              66.5137
            ],
            [
              26.26789,
              66.51347
            ],
            [
              26.26883,
              66.5128
            ],
            [
              26.26995,
              66.51256
            ],
            [
              26.27302,
              66.51266
            ],
            [
              26.27481,
              66.51221
            ],
            [
              26.27906,
              66.51221
            ],
            [
              26.28188,
              66.51332
            ],
            [
              26.2833,
              66.51349
            ],
            [
              26.28465,
              66.51324
            ],
            [
              26.2906,
              66.51113
            ],
            [
              26.29344,
              66.5104
            ],
            [
              26.29959,
              66.50968
            ],
            [
              26.3016,
              66.50929
            ],
            [
              26.30492,
              66.50784
            ],
            [
              26.30729,
              66.50709
            ],
            [
              26.31057,
              66.50564
            ],
            [
              26.31173,
              66.50533
            ],
            [
              26.3154,
              66.50557
            ],
            [
              26.31732,
              66.50629
            ],
            [
              26.31793,
              66.50638
            ],
            [
              26.32428,
              66.50602
            ],
            [
              26.32639,
              66.50604
            ],
            [
              26.33042,
              66.50732
            ],
            [
              26.33763,
              66.50703
            ],
            [
              26.34048,
              66.50671
            ],
            [
              26.34623,
              66.50672
            ],
            [
              26.34999,
              66.50759
            ],
            [
              26.35159,
              66.509
            ],
            [
              26.35357,
              66.50959
            ],
            [
              26.35801,
              66.51009
            ],
            [
              26.36291,
              66.50976
            ],
            [
              26.36336,
              66.50962
            ],
            [
              26.36469,
              66.50848
            ],
            [
              26.36737,
              66.50773
            ],
            [
              26.37583,
              66.50686
            ],
            [
              26.38117,
              66.50576
            ],
            [
              26.39049,
              66.50498
            ],
            [
              26.3963,
              66.50517
            ],
            [
              26.40093,
              66.50467
            ],
            [
              26.41144,
              66.50261
            ],
            [
              26.41305,
              66.50194
            ],
            [
              26.41445,
              66.50095
            ],
            [
              26.41846,
              66.49965
            ],
            [
              26.41992,
              66.49834
            ],
            [
              26.42241,
              66.49819
            ],
            [
              26.43194,
              66.49875
            ],
            [
              26.43558,
              66.49836
            ],
            [
              26.43757,
              66.49745
            ],
            [
              26.4394,
              66.4964
            ],
            [
              26.44155,
              66.49489
            ],
            [
              26.44395,
              66.49356
            ],
            [
              26.44696,
              66.49294
            ],
            [
              26.45357,
              66.49219
            ],
            [
              26.47932,
              66.49
            ],
            [
              26.518975,
              66.487655
            ],
            [
              26.531248,
              66.485165
            ],
            [
              26.541677,
              66.484559
            ],
            [
              26.551075,
              66.485014
            ],
            [
              26.568156,
              66.483185
            ],
            [
              26.572919,
              66.48186
            ],
            [
              26.57034,
              66.49066
            ],
            [
              26.56951,
              66.49242
            ],
            [
              26.56807,
              66.49388
            ],
            [
              26.56615,
              66.49514
            ],
            [
              26.564,
              66.49617
            ],
            [
              26.56001,
              66.49767
            ],
            [
              26.56668,
              66.50061
            ],
            [
              26.56889,
              66.50234
            ],
            [
              26.57002,
              66.50296
            ],
            [
              26.57336,
              66.50424
            ],
            [
              26.57625,
              66.50659
            ],
            [
              26.57748,
              66.51068
            ],
            [
              26.57789,
              66.5116
            ],
            [
              26.58471,
              66.51909
            ],
            [
              26.58473,
              66.51968
            ],
            [
              26.58395,
              66.52303
            ],
            [
              26.58413,
              66.52359
            ],
            [
              26.58464,
              66.52416
            ],
            [
              26.58583,
              66.52483
            ],
            [
              26.58687,
              66.52517
            ],
            [
              26.59857,
              66.52701
            ],
            [
              26.60816,
              66.52506
            ],
            [
              26.61189,
              66.52469
            ],
            [
              26.61478,
              66.52464
            ],
            [
              26.61752,
              66.52479
            ],
            [
              26.62554,
              66.52575
            ],
            [
              26.63393,
              66.52569
            ],
            [
              26.6364,
              66.52537
            ],
            [
              26.63766,
              66.52496
            ],
            [
              26.6404,
              66.52359
            ],
            [
              26.64265,
              66.52301
            ],
            [
              26.65719,
              66.52091
            ],
            [
              26.65913,
              66.52042
            ],
            [
              26.66046,
              66.51975
            ],
            [
              26.6612,
              66.51907
            ],
            [
              26.6614,
              66.51842
            ],
            [
              26.66089,
              66.51605
            ],
            [
              26.66114,
              66.51553
            ],
            [
              26.66167,
              66.51516
            ],
            [
              26.66904,
              66.51283
            ],
            [
              26.67337,
              66.51205
            ],
            [
              26.68888,
              66.51109
            ],
            [
              26.70739,
              66.5086
            ],
            [
              26.72937,
              66.50738
            ],
            [
              26.73417,
              66.50658
            ],
            [
              26.74665,
              66.50379
            ],
            [
              26.74943,
              66.50349
            ],
            [
              26.75298,
              66.50348
            ],
            [
              26.75483,
              66.50423
            ],
            [
              26.75589,
              66.50449
            ],
            [
              26.76148,
              66.50519
            ],
            [
              26.76355,
              66.50521
            ],
            [
              26.76543,
              66.50514
            ],
            [
              26.76784,
              66.50482
            ],
            [
              26.77634,
              66.50337
            ],
            [
              26.78093,
              66.50297
            ],
            [
              26.7831,
              66.50289
            ],
            [
              26.78661,
              66.50303
            ],
            [
              26.79409,
              66.50414
            ],
            [
              26.79681,
              66.50427
            ],
            [
              26.80719,
              66.50349
            ],
            [
              26.80962,
              66.50305
            ],
            [
              26.81274,
              66.50204
            ],
            [
              26.81556,
              66.50158
            ],
            [
              26.82671,
              66.50156
            ],
            [
              26.82817,
              66.50133
            ],
            [
              26.83237,
              66.49979
            ],
            [
              26.8357,
              66.499
            ],
            [
              26.83846,
              66.49873
            ],
            [
              26.84956,
              66.49818
            ],
            [
              26.85748,
              66.49651
            ],
            [
              26.86318,
              66.49657
            ],
            [
              26.86486,
              66.49624
            ],
            [
              26.86901,
              66.49471
            ],
            [
              26.87005,
              66.49449
            ],
            [
              26.87263,
              66.49432
            ],
            [
              26.87709,
              66.49465
            ],
            [
              26.88069,
              66.49547
            ],
            [
              26.87947,
              66.49675
            ],
            [
              26.87812,
              66.49881
            ],
            [
              26.87778,
              66.49974
            ],
            [
              26.87794,
              66.50032
            ],
            [
              26.87833,
              66.50114
            ],
            [
              26.88037,
              66.50362
            ],
            [
              26.88569,
              66.50843
            ],
            [
              26.8858,
              66.50868
            ],
            [
              26.88516,
              66.50963
            ],
            [
              26.88284,
              66.51011
            ],
            [
              26.87537,
              66.51093
            ],
            [
              26.87323,
              66.5113
            ],
            [
              26.87084,
              66.51196
            ],
            [
              26.86748,
              66.5119
            ],
            [
              26.86454,
              66.51306
            ],
            [
              26.86447,
              66.51361
            ],
            [
              26.8652,
              66.51496
            ],
            [
              26.86507,
              66.51535
            ],
            [
              26.86435,
              66.51589
            ],
            [
              26.86423,
              66.51619
            ],
            [
              26.86721,
              66.51728
            ],
            [
              26.86866,
              66.51865
            ],
            [
              26.86871,
              66.51923
            ],
            [
              26.86808,
              66.52143
            ],
            [
              26.87682,
              66.52143
            ],
            [
              26.88167,
              66.52172
            ],
            [
              26.89181,
              66.5206
            ],
            [
              26.89732,
              66.52019
            ],
            [
              26.90035,
              66.52023
            ],
            [
              26.90588,
              66.51943
            ],
            [
              26.90768,
              66.51885
            ],
            [
              26.91531,
              66.51831
            ],
            [
              26.91869,
              66.51767
            ],
            [
              26.92876,
              66.51657
            ],
            [
              26.93108,
              66.51602
            ],
            [
              26.93202,
              66.51596
            ],
            [
              26.93348,
              66.51609
            ],
            [
              26.93451,
              66.51685
            ],
            [
              26.93597,
              66.51746
            ],
            [
              26.93863,
              66.5176
            ],
            [
              26.94919,
              66.51685
            ],
            [
              26.9595,
              66.51777
            ],
            [
              26.96617,
              66.51741
            ],
            [
              26.96871,
              66.51747
            ],
            [
              26.9882,
              66.51574
            ],
            [
              26.99053,
              66.51566
            ],
            [
              26.99427,
              66.51571
            ],
            [
              27.00794,
              66.51694
            ],
            [
              27.0319,
              66.51686
            ],
            [
              27.01981,
              66.52411
            ],
            [
              27.01562,
              66.52571
            ],
            [
              26.97428,
              66.5373
            ],
            [
              26.96905,
              66.53846
            ],
            [
              26.95161,
              66.54137
            ],
            [
              26.94693,
              66.54262
            ],
            [
              26.94428,
              66.54359
            ],
            [
              26.94172,
              66.54475
            ],
            [
              26.93981,
              66.54579
            ],
            [
              26.93266,
              66.55063
            ],
            [
              26.93144,
              66.5516
            ],
            [
              26.92948,
              66.55381
            ],
            [
              26.92469,
              66.56217
            ],
            [
              26.92637,
              66.56291
            ],
            [
              26.9272,
              66.56363
            ],
            [
              26.92746,
              66.56422
            ],
            [
              26.92741,
              66.56486
            ],
            [
              26.92622,
              66.5681
            ],
            [
              26.92941,
              66.56878
            ],
            [
              26.93178,
              66.56896
            ],
            [
              26.97605,
              66.56879
            ],
            [
              26.98367,
              66.56964
            ],
            [
              26.98489,
              66.57008
            ],
            [
              26.98541,
              66.57049
            ],
            [
              26.98577,
              66.57118
            ],
            [
              26.98672,
              66.57616
            ],
            [
              26.98698,
              66.57664
            ],
            [
              26.98754,
              66.5771
            ],
            [
              26.98817,
              66.57736
            ],
            [
              26.99185,
              66.57811
            ],
            [
              26.99172,
              66.5786
            ],
            [
              26.9892,
              66.58136
            ],
            [
              26.98909,
              66.58317
            ],
            [
              26.98825,
              66.5838
            ],
            [
              26.9849,
              66.58562
            ],
            [
              26.98019,
              66.58642
            ],
            [
              26.97533,
              66.58788
            ],
            [
              26.9749,
              66.58821
            ],
            [
              26.97199,
              66.59177
            ],
            [
              26.97126,
              66.59243
            ],
            [
              26.99811,
              66.59779
            ],
            [
              26.99878,
              66.59831
            ],
            [
              27.00417,
              66.60472
            ],
            [
              27.00551,
              66.60511
            ],
            [
              27.01485,
              66.60649
            ],
            [
              27.01542,
              66.60703
            ],
            [
              27.01598,
              66.61871
            ],
            [
              27.01643,
              66.61928
            ],
            [
              27.02493,
              66.62565
            ],
            [
              27.02785,
              66.62591
            ],
            [
              27.0351,
              66.62552
            ],
            [
              27.03959,
              66.62599
            ],
            [
              27.04261,
              66.62594
            ],
            [
              27.04403,
              66.62628
            ],
            [
              27.0458,
              66.62785
            ],
            [
              27.04645,
              66.62873
            ],
            [
              27.04626,
              66.62909
            ],
            [
              27.04429,
              66.63024
            ],
            [
              27.04416,
              66.63076
            ],
            [
              27.0453,
              66.63095
            ],
            [
              27.04999,
              66.63117
            ],
            [
              27.05506,
              66.63279
            ],
            [
              27.05604,
              66.63422
            ],
            [
              27.05648,
              66.63736
            ],
            [
              27.0575,
              66.63862
            ],
            [
              27.06474,
              66.64342
            ],
            [
              27.06829,
              66.6478
            ],
            [
              27.06876,
              66.64818
            ],
            [
              27.06977,
              66.6486
            ],
            [
              27.07085,
              66.64995
            ],
            [
              27.07166,
              66.65035
            ],
            [
              27.07355,
              66.65078
            ],
            [
              27.07758,
              66.65063
            ],
            [
              27.07789,
              66.65005
            ],
            [
              27.07871,
              66.64931
            ],
            [
              27.08463,
              66.64496
            ],
            [
              27.08597,
              66.64355
            ],
            [
              27.08687,
              66.64285
            ],
            [
              27.08846,
              66.64196
            ],
            [
              27.09018,
              66.64134
            ],
            [
              27.1053,
              66.63845
            ],
            [
              27.1108,
              66.63661
            ],
            [
              27.11203,
              66.63586
            ],
            [
              27.12238,
              66.63753
            ],
            [
              27.12343,
              66.63822
            ],
            [
              27.12621,
              66.6408
            ],
            [
              27.12676,
              66.64134
            ],
            [
              27.12705,
              66.64191
            ],
            [
              27.12692,
              66.64261
            ],
            [
              27.12544,
              66.64444
            ],
            [
              27.12537,
              66.6449
            ],
            [
              27.1294,
              66.65219
            ],
            [
              27.13106,
              66.65265
            ],
            [
              27.1587,
              66.65599
            ],
            [
              27.16032,
              66.65681
            ],
            [
              27.16131,
              66.65833
            ],
            [
              27.16577,
              66.66026
            ],
            [
              27.16726,
              66.66066
            ],
            [
              27.18025,
              66.66053
            ],
            [
              27.1816,
              66.66062
            ],
            [
              27.1831,
              66.66101
            ],
            [
              27.1841,
              66.66145
            ],
            [
              27.18476,
              66.66214
            ],
            [
              27.18688,
              66.67217
            ],
            [
              27.187,
              66.67243
            ],
            [
              27.18761,
              66.67287
            ],
            [
              27.1893,
              66.67344
            ],
            [
              27.19073,
              66.67363
            ],
            [
              27.1924,
              66.67362
            ],
            [
              27.19714,
              66.67317
            ],
            [
              27.20943,
              66.67555
            ],
            [
              27.21789,
              66.67574
            ],
            [
              27.22004,
              66.67607
            ],
            [
              27.2207,
              66.67629
            ],
            [
              27.22144,
              66.67681
            ],
            [
              27.22523,
              66.68133
            ],
            [
              27.22637,
              66.68227
            ],
            [
              27.22708,
              66.68268
            ],
            [
              27.23335,
              66.685
            ],
            [
              27.23347,
              66.68557
            ],
            [
              27.23096,
              66.68859
            ],
            [
              27.23083,
              66.68908
            ],
            [
              27.23122,
              66.6896
            ],
            [
              27.23399,
              66.69151
            ],
            [
              27.2339,
              66.69209
            ],
            [
              27.22935,
              66.69428
            ],
            [
              27.22943,
              66.69479
            ],
            [
              27.23001,
              66.69589
            ],
            [
              27.22999,
              66.69619
            ],
            [
              27.2296,
              66.69672
            ],
            [
              27.22812,
              66.69781
            ],
            [
              27.22761,
              66.69784
            ],
            [
              27.22008,
              66.69657
            ],
            [
              27.21272,
              66.71124
            ],
            [
              27.19649,
              66.71117
            ],
            [
              27.19623,
              66.71198
            ],
            [
              27.19587,
              66.71248
            ],
            [
              27.19346,
              66.71432
            ],
            [
              27.194,
              66.71476
            ],
            [
              27.19448,
              66.71605
            ],
            [
              27.19481,
              66.71652
            ],
            [
              27.19472,
              66.71691
            ],
            [
              27.19187,
              66.71904
            ],
            [
              27.1913,
              66.72047
            ],
            [
              27.19187,
              66.72105
            ],
            [
              27.19283,
              66.72293
            ],
            [
              27.19281,
              66.72411
            ],
            [
              27.19296,
              66.72462
            ],
            [
              27.19421,
              66.72643
            ],
            [
              27.19468,
              66.72661
            ],
            [
              27.19724,
              66.72666
            ],
            [
              27.1978,
              66.7269
            ],
            [
              27.19853,
              66.72779
            ],
            [
              27.1986,
              66.72798
            ],
            [
              27.19816,
              66.7299
            ],
            [
              27.19884,
              66.73071
            ],
            [
              27.19901,
              66.73119
            ],
            [
              27.19766,
              66.73562
            ],
            [
              27.19771,
              66.73617
            ],
            [
              27.19827,
              66.73775
            ],
            [
              27.19792,
              66.73853
            ],
            [
              27.19895,
              66.74001
            ],
            [
              27.19894,
              66.7403
            ],
            [
              27.19855,
              66.74064
            ],
            [
              27.19509,
              66.74213
            ],
            [
              27.19453,
              66.74252
            ],
            [
              27.19452,
              66.74288
            ],
            [
              27.19572,
              66.74516
            ],
            [
              27.19567,
              66.74551
            ],
            [
              27.19399,
              66.74779
            ],
            [
              27.19054,
              66.74918
            ],
            [
              27.18937,
              66.74998
            ],
            [
              27.18845,
              66.75023
            ],
            [
              27.18308,
              66.75025
            ],
            [
              27.18356,
              66.7525
            ],
            [
              27.18386,
              66.75279
            ],
            [
              27.19159,
              66.75473
            ],
            [
              27.19235,
              66.75477
            ],
            [
              27.19372,
              66.75448
            ],
            [
              27.1988,
              66.75441
            ],
            [
              27.20272,
              66.75374
            ],
            [
              27.20432,
              66.75393
            ],
            [
              27.21136,
              66.75642
            ],
            [
              27.21293,
              66.75968
            ],
            [
              27.21409,
              66.76003
            ],
            [
              27.22109,
              66.75989
            ],
            [
              27.24287,
              66.76303
            ],
            [
              27.24505,
              66.76308
            ],
            [
              27.24652,
              66.76294
            ],
            [
              27.26903,
              66.75711
            ],
            [
              27.27167,
              66.75698
            ],
            [
              27.27546,
              66.7575
            ],
            [
              27.27787,
              66.75728
            ],
            [
              27.28031,
              66.75666
            ],
            [
              27.28174,
              66.75593
            ],
            [
              27.28201,
              66.75489
            ],
            [
              27.28319,
              66.75324
            ],
            [
              27.28389,
              66.75277
            ],
            [
              27.31855,
              66.74118
            ],
            [
              27.32006,
              66.74109
            ],
            [
              27.33045,
              66.74275
            ],
            [
              27.33492,
              66.74266
            ],
            [
              27.35227,
              66.74365
            ],
            [
              27.35727,
              66.74007
            ],
            [
              27.35892,
              66.73912
            ],
            [
              27.36182,
              66.73705
            ],
            [
              27.36274,
              66.73722
            ],
            [
              27.36395,
              66.73686
            ],
            [
              27.3652,
              66.73614
            ],
            [
              27.36713,
              66.7354
            ],
            [
              27.38254,
              66.73143
            ],
            [
              27.38336,
              66.73104
            ],
            [
              27.39735,
              66.72063
            ],
            [
              27.3999,
              66.72092
            ],
            [
              27.40229,
              66.72089
            ],
            [
              27.41123,
              66.71908
            ],
            [
              27.41872,
              66.71822
            ],
            [
              27.41889,
              66.71816
            ],
            [
              27.41841,
              66.71763
            ],
            [
              27.41841,
              66.71729
            ],
            [
              27.42051,
              66.71729
            ],
            [
              27.41841,
              66.71729
            ],
            [
              27.41841,
              66.71763
            ],
            [
              27.41889,
              66.71816
            ],
            [
              27.41872,
              66.71822
            ],
            [
              27.41123,
              66.71908
            ],
            [
              27.40263,
              66.72085
            ],
            [
              27.3999,
              66.72091
            ],
            [
              27.39736,
              66.72062
            ],
            [
              27.38336,
              66.73104
            ],
            [
              27.38254,
              66.73143
            ],
            [
              27.36713,
              66.7354
            ],
            [
              27.3652,
              66.73614
            ],
            [
              27.36395,
              66.73686
            ],
            [
              27.36274,
              66.73722
            ],
            [
              27.36182,
              66.73705
            ],
            [
              27.35424,
              66.74217
            ],
            [
              27.3495,
              66.74595
            ],
            [
              27.34958,
              66.74636
            ],
            [
              27.34929,
              66.74674
            ],
            [
              27.34666,
              66.74921
            ],
            [
              27.34618,
              66.74935
            ],
            [
              27.34717,
              66.7495
            ],
            [
              27.34585,
              66.7515
            ],
            [
              27.34515,
              66.75465
            ],
            [
              27.34448,
              66.76022
            ],
            [
              27.34418,
              66.76061
            ],
            [
              27.34388,
              66.76226
            ],
            [
              27.34463,
              66.76485
            ],
            [
              27.3444,
              66.76548
            ],
            [
              27.34257,
              66.76739
            ],
            [
              27.34153,
              66.76739
            ],
            [
              27.34009,
              66.76916
            ],
            [
              27.33859,
              66.7706
            ],
            [
              27.33464,
              66.77366
            ],
            [
              27.33283,
              66.77537
            ],
            [
              27.33337,
              66.77555
            ],
            [
              27.33351,
              66.77577
            ],
            [
              27.33515,
              66.78084
            ],
            [
              27.33458,
              66.78346
            ],
            [
              27.33481,
              66.78365
            ],
            [
              27.33556,
              66.78541
            ],
            [
              27.33621,
              66.78932
            ],
            [
              27.33611,
              66.78947
            ],
            [
              27.33509,
              66.78967
            ],
            [
              27.33645,
              66.79126
            ],
            [
              27.337,
              66.79222
            ],
            [
              27.33742,
              66.79392
            ],
            [
              27.33733,
              66.79545
            ],
            [
              27.33682,
              66.79549
            ],
            [
              27.33204,
              66.79699
            ],
            [
              27.32582,
              66.79795
            ],
            [
              27.31892,
              66.79977
            ],
            [
              27.30812,
              66.80671
            ],
            [
              27.30746,
              66.80697
            ],
            [
              27.30174,
              66.80864
            ],
            [
              27.29337,
              66.81052
            ],
            [
              27.2657,
              66.81819
            ],
            [
              27.26021,
              66.81921
            ],
            [
              27.2464,
              66.82266
            ],
            [
              27.23566,
              66.82451
            ],
            [
              27.23119,
              66.82654
            ],
            [
              27.22664,
              66.82727
            ],
            [
              27.21279,
              66.8282
            ],
            [
              27.20778,
              66.8289
            ],
            [
              27.20381,
              66.82925
            ],
            [
              27.19291,
              66.83169
            ],
            [
              27.18661,
              66.83442
            ],
            [
              27.17578,
              66.84306
            ],
            [
              27.17503,
              66.8443
            ],
            [
              27.17419,
              66.84491
            ],
            [
              27.16658,
              66.84889
            ],
            [
              27.16208,
              66.85033
            ],
            [
              27.15775,
              66.85216
            ],
            [
              27.15524,
              66.85271
            ],
            [
              27.14759,
              66.85372
            ],
            [
              27.1331,
              66.855
            ],
            [
              27.12999,
              66.85555
            ],
            [
              27.130552,
              66.853685
            ],
            [
              27.13222,
              66.852223
            ],
            [
              27.130615,
              66.85369
            ],
            [
              27.12988,
              66.855572
            ],
            [
              27.1275,
              66.856
            ],
            [
              27.1239,
              66.85625
            ],
            [
              27.11688,
              66.85637
            ],
            [
              27.10992,
              66.85784
            ],
            [
              27.10634,
              66.85891
            ],
            [
              27.09535,
              66.8634
            ],
            [
              27.06655,
              66.87234
            ],
            [
              27.06444,
              66.87341
            ],
            [
              27.05498,
              66.8791
            ],
            [
              27.04324,
              66.88185
            ],
            [
              27.038,
              66.88523
            ],
            [
              27.03722,
              66.88553
            ],
            [
              27.0359,
              66.88572
            ],
            [
              27.03112,
              66.8857
            ],
            [
              27.02073,
              66.88517
            ],
            [
              27.01702,
              66.8858
            ],
            [
              27.01951,
              66.88884
            ],
            [
              27.02375,
              66.89019
            ],
            [
              27.03848,
              66.89796
            ],
            [
              27.05482,
              66.90141
            ],
            [
              27.05545,
              66.9017
            ],
            [
              27.05648,
              66.90284
            ],
            [
              27.05654,
              66.90335
            ],
            [
              27.049875,
              66.906474
            ],
            [
              27.02387,
              66.90725
            ],
            [
              27.0199,
              66.90779
            ],
            [
              27.01699,
              66.90795
            ],
            [
              27.01292,
              66.90966
            ],
            [
              27.01208,
              66.9102
            ],
            [
              27.01202,
              66.91053
            ],
            [
              27.01276,
              66.91472
            ],
            [
              27.01291,
              66.91519
            ],
            [
              27.01486,
              66.91763
            ],
            [
              27.01474,
              66.91833
            ],
            [
              27.00858,
              66.92248
            ],
            [
              27.00313,
              66.92451
            ],
            [
              26.99941,
              66.92525
            ],
            [
              26.99854,
              66.92575
            ],
            [
              26.99148,
              66.93358
            ],
            [
              26.99145,
              66.93393
            ],
            [
              26.9922,
              66.93595
            ],
            [
              26.99257,
              66.93634
            ],
            [
              26.99391,
              66.93692
            ],
            [
              27.02388,
              66.94313
            ],
            [
              27.02596,
              66.94393
            ],
            [
              27.03063,
              66.945
            ],
            [
              27.04333,
              66.94512
            ],
            [
              27.0699,
              66.94756
            ],
            [
              27.06907,
              66.94873
            ],
            [
              27.0518,
              66.9586
            ],
            [
              27.05261,
              66.95917
            ],
            [
              27.05552,
              66.96381
            ],
            [
              27.05941,
              66.96797
            ],
            [
              27.06117,
              66.96804
            ],
            [
              27.06402,
              66.9677
            ],
            [
              27.0653,
              66.96779
            ],
            [
              27.066,
              66.96801
            ],
            [
              27.06617,
              66.96775
            ],
            [
              27.06714,
              66.9672
            ],
            [
              27.06737,
              66.96682
            ],
            [
              27.06801,
              66.96649
            ],
            [
              27.06961,
              66.96615
            ],
            [
              27.0719,
              66.96595
            ],
            [
              27.0728,
              66.96565
            ],
            [
              27.07608,
              66.96524
            ],
            [
              27.08058,
              66.96578
            ],
            [
              27.08776,
              66.96467
            ],
            [
              27.08806,
              66.96431
            ],
            [
              27.08808,
              66.96257
            ],
            [
              27.08836,
              66.9623
            ],
            [
              27.09072,
              66.96139
            ],
            [
              27.10429,
              66.95978
            ],
            [
              27.11016,
              66.95847
            ],
            [
              27.11119,
              66.95838
            ],
            [
              27.11456,
              66.95868
            ],
            [
              27.12458,
              66.95714
            ],
            [
              27.12662,
              66.9556
            ],
            [
              27.12667,
              66.9554
            ],
            [
              27.1264,
              66.95504
            ],
            [
              27.12598,
              66.95485
            ],
            [
              27.12363,
              66.95423
            ],
            [
              27.12311,
              66.95384
            ],
            [
              27.12281,
              66.95332
            ],
            [
              27.12464,
              66.9521
            ],
            [
              27.1247,
              66.95115
            ],
            [
              27.1249,
              66.95096
            ],
            [
              27.12934,
              66.94835
            ],
            [
              27.13104,
              66.94764
            ],
            [
              27.1311,
              66.94624
            ],
            [
              27.13096,
              66.94516
            ],
            [
              27.13126,
              66.94471
            ],
            [
              27.15201,
              66.93719
            ],
            [
              27.15302,
              66.93712
            ],
            [
              27.15715,
              66.93613
            ],
            [
              27.16574,
              66.93591
            ],
            [
              27.16674,
              66.93616
            ],
            [
              27.1679,
              66.93692
            ],
            [
              27.17311,
              66.93843
            ],
            [
              27.17858,
              66.93916
            ],
            [
              27.18377,
              66.93803
            ],
            [
              27.20841,
              66.93794
            ],
            [
              27.21537,
              66.93975
            ],
            [
              27.21889,
              66.93992
            ],
            [
              27.22468,
              66.94069
            ],
            [
              27.23098,
              66.94046
            ],
            [
              27.23854,
              66.93889
            ],
            [
              27.24055,
              66.93872
            ],
            [
              27.24846,
              66.9387
            ],
            [
              27.25519,
              66.93986
            ],
            [
              27.26139,
              66.94021
            ],
            [
              27.26506,
              66.93985
            ],
            [
              27.28819,
              66.93878
            ],
            [
              27.29191,
              66.93901
            ],
            [
              27.29892,
              66.93883
            ],
            [
              27.29954,
              66.93871
            ],
            [
              27.30401,
              66.93697
            ],
            [
              27.31442,
              66.93666
            ],
            [
              27.33163,
              66.93555
            ],
            [
              27.33424,
              66.93467
            ],
            [
              27.33701,
              66.93159
            ],
            [
              27.34508,
              66.92821
            ],
            [
              27.34767,
              66.92763
            ],
            [
              27.34965,
              66.92636
            ],
            [
              27.35214,
              66.92541
            ],
            [
              27.35522,
              66.92368
            ],
            [
              27.35611,
              66.92337
            ],
            [
              27.36108,
              66.9233
            ],
            [
              27.37517,
              66.92255
            ],
            [
              27.39083,
              66.92222
            ],
            [
              27.39136,
              66.92186
            ],
            [
              27.39096,
              66.91813
            ],
            [
              27.3947,
              66.91747
            ],
            [
              27.39477,
              66.9173
            ],
            [
              27.39435,
              66.91603
            ],
            [
              27.39449,
              66.91574
            ],
            [
              27.3978,
              66.91221
            ],
            [
              27.40214,
              66.91032
            ],
            [
              27.42113,
              66.90541
            ],
            [
              27.42229,
              66.90488
            ],
            [
              27.42828,
              66.90352
            ],
            [
              27.43118,
              66.90333
            ],
            [
              27.43594,
              66.90353
            ],
            [
              27.43862,
              66.90348
            ],
            [
              27.4436,
              66.90296
            ],
            [
              27.44593,
              66.90294
            ],
            [
              27.44857,
              66.91819
            ],
            [
              27.44933,
              66.91998
            ],
            [
              27.45009,
              66.92081
            ],
            [
              27.4516,
              66.92211
            ],
            [
              27.45811,
              66.92618
            ],
            [
              27.45914,
              66.92717
            ],
            [
              27.46065,
              66.92949
            ],
            [
              27.46115,
              66.93003
            ],
            [
              27.46245,
              66.93094
            ],
            [
              27.47698,
              66.93718
            ],
            [
              27.49862,
              66.94866
            ],
            [
              27.49993,
              66.95002
            ],
            [
              27.50557,
              66.96224
            ],
            [
              27.50346,
              66.96218
            ],
            [
              27.50166,
              66.96142
            ],
            [
              27.50035,
              66.96113
            ],
            [
              27.48661,
              66.96074
            ],
            [
              27.48314,
              66.96084
            ],
            [
              27.47442,
              66.9619
            ],
            [
              27.4681,
              66.96206
            ],
            [
              27.46437,
              66.9618
            ],
            [
              27.44784,
              66.96009
            ],
            [
              27.40146,
              66.96128
            ],
            [
              27.38661,
              66.96332
            ],
            [
              27.37337,
              66.96683
            ],
            [
              27.35747,
              66.97039
            ],
            [
              27.35452,
              66.97125
            ],
            [
              27.35244,
              66.97243
            ],
            [
              27.35143,
              66.97371
            ],
            [
              27.35132,
              66.97455
            ],
            [
              27.35215,
              66.97939
            ],
            [
              27.35213,
              66.98062
            ],
            [
              27.35165,
              66.98062
            ],
            [
              27.35049,
              66.98117
            ],
            [
              27.34909,
              66.98152
            ],
            [
              27.34581,
              66.98211
            ],
            [
              27.34212,
              66.98253
            ],
            [
              27.33478,
              66.9822
            ],
            [
              27.33026,
              66.9824
            ],
            [
              27.32954,
              66.98192
            ],
            [
              27.32989,
              66.9817
            ],
            [
              27.32917,
              66.9814
            ],
            [
              27.32704,
              66.98129
            ],
            [
              27.31619,
              66.98466
            ],
            [
              27.31335,
              66.98346
            ],
            [
              27.31164,
              66.98315
            ],
            [
              27.30857,
              66.98377
            ],
            [
              27.30737,
              66.98382
            ],
            [
              27.30376,
              66.98335
            ],
            [
              27.30292,
              66.9835
            ],
            [
              27.30113,
              66.98445
            ],
            [
              27.29989,
              66.98459
            ],
            [
              27.29847,
              66.98433
            ],
            [
              27.29301,
              66.98238
            ],
            [
              27.29255,
              66.98235
            ],
            [
              27.29167,
              66.98244
            ],
            [
              27.27537,
              66.98752
            ],
            [
              27.27014,
              66.98736
            ],
            [
              27.26806,
              66.98777
            ],
            [
              27.26272,
              66.98779
            ],
            [
              27.2621,
              66.98771
            ],
            [
              27.26063,
              66.98708
            ],
            [
              27.26009,
              66.987
            ],
            [
              27.25625,
              66.98698
            ],
            [
              27.25512,
              66.98654
            ],
            [
              27.25181,
              66.98657
            ],
            [
              27.25154,
              66.98668
            ],
            [
              27.2514,
              66.98721
            ],
            [
              27.2514,
              66.98796
            ],
            [
              27.25181,
              66.98922
            ],
            [
              27.25108,
              66.99023
            ],
            [
              27.25093,
              66.99069
            ],
            [
              27.25143,
              66.99172
            ],
            [
              27.251,
              66.9926
            ],
            [
              27.25114,
              66.99429
            ],
            [
              27.25055,
              66.99481
            ],
            [
              27.24956,
              66.99517
            ],
            [
              27.24659,
              66.99524
            ],
            [
              27.2466,
              66.99622
            ],
            [
              27.24631,
              66.9969
            ],
            [
              27.24638,
              66.99709
            ],
            [
              27.24718,
              66.99759
            ],
            [
              27.24819,
              66.99907
            ],
            [
              27.24744,
              66.99957
            ],
            [
              27.24651,
              67.00086
            ],
            [
              27.24483,
              67.00141
            ],
            [
              27.24297,
              67.00239
            ],
            [
              27.24306,
              67.00254
            ],
            [
              27.25251,
              67.00632
            ],
            [
              27.25358,
              67.00645
            ],
            [
              27.25407,
              67.00711
            ],
            [
              27.25133,
              67.0101
            ],
            [
              27.24994,
              67.01103
            ],
            [
              27.24889,
              67.01296
            ],
            [
              27.24904,
              67.01432
            ],
            [
              27.24894,
              67.01434
            ],
            [
              27.25017,
              67.01601
            ],
            [
              27.25301,
              67.01893
            ],
            [
              27.25233,
              67.01909
            ],
            [
              27.24886,
              67.01879
            ],
            [
              27.2476,
              67.01886
            ],
            [
              27.24631,
              67.01949
            ],
            [
              27.24578,
              67.01958
            ],
            [
              27.24437,
              67.01899
            ],
            [
              27.24137,
              67.01905
            ],
            [
              27.24056,
              67.01943
            ],
            [
              27.24006,
              67.02069
            ],
            [
              27.24031,
              67.02133
            ],
            [
              27.24008,
              67.02102
            ],
            [
              27.24011,
              67.02051
            ],
            [
              27.24049,
              67.01987
            ],
            [
              27.24056,
              67.01943
            ],
            [
              27.24163,
              67.01902
            ],
            [
              27.24437,
              67.01899
            ],
            [
              27.24578,
              67.01958
            ],
            [
              27.24631,
              67.01949
            ],
            [
              27.2476,
              67.01886
            ],
            [
              27.24915,
              67.0188
            ],
            [
              27.25131,
              67.01898
            ],
            [
              27.25138,
              67.01918
            ],
            [
              27.25279,
              67.01925
            ],
            [
              27.25413,
              67.01995
            ],
            [
              27.25451,
              67.01985
            ],
            [
              27.25441,
              67.01978
            ],
            [
              27.25451,
              67.01985
            ],
            [
              27.25413,
              67.01995
            ],
            [
              27.25532,
              67.02102
            ],
            [
              27.25656,
              67.02244
            ],
            [
              27.25701,
              67.02356
            ],
            [
              27.25705,
              67.02524
            ],
            [
              27.25692,
              67.02574
            ],
            [
              27.25602,
              67.0272
            ],
            [
              27.25448,
              67.02793
            ],
            [
              27.25353,
              67.0291
            ],
            [
              27.25129,
              67.03084
            ],
            [
              27.25064,
              67.03173
            ],
            [
              27.2497,
              67.03233
            ],
            [
              27.24839,
              67.0335
            ],
            [
              27.2446,
              67.03511
            ],
            [
              27.2357,
              67.03761
            ],
            [
              27.20329,
              67.04576
            ],
            [
              27.1966,
              67.0472
            ],
            [
              27.18807,
              67.04866
            ],
            [
              27.17917,
              67.0498
            ],
            [
              27.15988,
              67.05167
            ],
            [
              27.15558,
              67.05187
            ],
            [
              27.15161,
              67.05161
            ],
            [
              27.14755,
              67.05079
            ],
            [
              27.14609,
              67.05028
            ],
            [
              27.14163,
              67.04827
            ],
            [
              27.14015,
              67.04777
            ],
            [
              27.13786,
              67.04727
            ],
            [
              27.13531,
              67.04697
            ],
            [
              27.12574,
              67.04634
            ],
            [
              27.12061,
              67.04624
            ],
            [
              27.12014,
              67.046
            ],
            [
              27.1136,
              67.04549
            ],
            [
              27.10906,
              67.04372
            ],
            [
              27.10629,
              67.04067
            ],
            [
              27.10516,
              67.0402
            ],
            [
              27.09369,
              67.03793
            ],
            [
              27.086583,
              67.03427
            ],
            [
              27.084266,
              67.034053
            ],
            [
              27.082892,
              67.033433
            ],
            [
              27.080617,
              67.033031
            ],
            [
              27.073063,
              67.030435
            ],
            [
              27.070702,
              67.030201
            ],
            [
              27.066152,
              67.029397
            ],
            [
              27.059928,
              67.029313
            ],
            [
              27.056923,
              67.029632
            ],
            [
              27.056408,
              67.029414
            ],
            [
              27.054949,
              67.029196
            ],
            [
              27.051515,
              67.029799
            ],
            [
              27.048253,
              67.030117
            ],
            [
              27.045591,
              67.030235
            ],
            [
              27.0416,
              67.030151
            ],
            [
              27.040612,
              67.030536
            ],
            [
              27.04263,
              67.031859
            ],
            [
              27.04439,
              67.034404
            ],
            [
              27.045634,
              67.035074
            ],
            [
              27.046235,
              67.03561
            ],
            [
              27.04572,
              67.036095
            ],
            [
              27.04542,
              67.037134
            ],
            [
              27.044561,
              67.037418
            ],
            [
              27.043145,
              67.037468
            ],
            [
              27.042329,
              67.037887
            ],
            [
              27.041814,
              67.038406
            ],
            [
              27.041042,
              67.038674
            ],
            [
              27.037779,
              67.038858
            ],
            [
              27.03456,
              67.03926
            ],
            [
              27.03001,
              67.040566
            ],
            [
              27.029452,
              67.041202
            ],
            [
              27.027907,
              67.041603
            ],
            [
              27.026834,
              67.042189
            ],
            [
              27.026276,
              67.042691
            ],
            [
              27.02619,
              67.043294
            ],
            [
              27.025246,
              67.043646
            ],
            [
              27.023615,
              67.044566
            ],
            [
              27.021554,
              67.044918
            ],
            [
              27.018507,
              67.046474
            ],
            [
              27.01297,
              67.047763
            ],
            [
              27.012326,
              67.048114
            ],
            [
              27.012626,
              67.04947
            ],
            [
              27.012068,
              67.049972
            ],
            [
              27.009364,
              67.050926
            ],
            [
              27.008978,
              67.051344
            ],
            [
              27.009278,
              67.051812
            ],
            [
              27.009149,
              67.052331
            ],
            [
              27.008205,
              67.053101
            ],
            [
              27.007261,
              67.053302
            ],
            [
              27.006703,
              67.053636
            ],
            [
              27.006574,
              67.054222
            ],
            [
              27.005673,
              67.054456
            ],
            [
              27.005115,
              67.054824
            ],
            [
              27.005072,
              67.055343
            ],
            [
              27.003698,
              67.056648
            ],
            [
              27.004213,
              67.056999
            ],
            [
              27.005801,
              67.05725
            ],
            [
              27.006746,
              67.057718
            ],
            [
              27.006445,
              67.05822
            ],
            [
              27.005285,
              67.059274
            ],
            [
              27.005113,
              67.059692
            ],
            [
              27.004598,
              67.060077
            ],
            [
              27.004427,
              67.060529
            ],
            [
              27.003826,
              67.06098
            ],
            [
              27.002796,
              67.061014
            ],
            [
              27.001937,
              67.061231
            ],
            [
              27.001765,
              67.061616
            ],
            [
              27.002238,
              67.06195
            ],
            [
              27.002195,
              67.062603
            ],
            [
              27.00198,
              67.063255
            ],
            [
              27.001551,
              67.063673
            ],
            [
              27.002023,
              67.064074
            ],
            [
              27.002195,
              67.064693
            ],
            [
              27.001765,
              67.065212
            ],
            [
              27.000177,
              67.06573
            ],
            [
              26.998289,
              67.066633
            ],
            [
              26.995456,
              67.067135
            ],
            [
              26.994425,
              67.068105
            ],
            [
              26.992709,
              67.068707
            ],
            [
              26.992108,
              67.069125
            ],
            [
              26.990519,
              67.06976
            ],
            [
              26.988888,
              67.070178
            ],
            [
              26.987601,
              67.071047
            ],
            [
              26.985884,
              67.071315
            ],
            [
              26.98382,
              67.07218
            ],
            [
              26.98364,
              67.07239
            ],
            [
              26.98385,
              67.07276
            ],
            [
              26.98673,
              67.07335
            ],
            [
              26.98763,
              67.07387
            ],
            [
              26.98784,
              67.07463
            ],
            [
              26.98746,
              67.07503
            ],
            [
              26.9884,
              67.07589
            ],
            [
              26.98892,
              67.07723
            ],
            [
              26.98947,
              67.07784
            ],
            [
              26.9896,
              67.07822
            ],
            [
              26.98937,
              67.07885
            ],
            [
              26.98967,
              67.07937
            ],
            [
              26.98941,
              67.07976
            ],
            [
              26.9878,
              67.08023
            ],
            [
              26.98694,
              67.08102
            ],
            [
              26.98713,
              67.08177
            ],
            [
              26.98668,
              67.08238
            ],
            [
              26.98409,
              67.08311
            ],
            [
              26.98362,
              67.0838
            ],
            [
              26.98422,
              67.08465
            ],
            [
              26.98512,
              67.08515
            ],
            [
              26.98673,
              67.0856
            ],
            [
              26.98836,
              67.08662
            ],
            [
              26.99005,
              67.08684
            ],
            [
              26.99121,
              67.08739
            ],
            [
              26.99239,
              67.08912
            ],
            [
              26.99381,
              67.0895
            ],
            [
              26.99613,
              67.08977
            ],
            [
              26.99649,
              67.09035
            ],
            [
              26.99624,
              67.09056
            ],
            [
              26.99444,
              67.09132
            ],
            [
              26.99299,
              67.0922
            ],
            [
              26.99281,
              67.09248
            ],
            [
              26.99159,
              67.09267
            ],
            [
              26.98811,
              67.09192
            ],
            [
              26.98635,
              67.09223
            ],
            [
              26.9844,
              67.09204
            ],
            [
              26.98427,
              67.09191
            ],
            [
              26.98435,
              67.0918
            ],
            [
              26.98506,
              67.09162
            ],
            [
              26.98579,
              67.09051
            ],
            [
              26.98545,
              67.09012
            ],
            [
              26.98474,
              67.08996
            ],
            [
              26.9836,
              67.08977
            ],
            [
              26.97787,
              67.08972
            ],
            [
              26.97461,
              67.09021
            ],
            [
              26.97101,
              67.09111
            ],
            [
              26.96594,
              67.09155
            ],
            [
              26.965581,
              67.092338
            ],
            [
              26.963993,
              67.092455
            ],
            [
              26.96249,
              67.09284
            ],
            [
              26.961331,
              67.092773
            ],
            [
              26.960559,
              67.09319
            ],
            [
              26.959743,
              67.093241
            ],
            [
              26.958456,
              67.093057
            ],
            [
              26.956782,
              67.093274
            ],
            [
              26.95588,
              67.09299
            ],
            [
              26.954292,
              67.093107
            ],
            [
              26.952918,
              67.092873
            ],
            [
              26.951631,
              67.09294
            ],
            [
              26.951244,
              67.093207
            ],
            [
              26.951802,
              67.093491
            ],
            [
              26.953519,
              67.093875
            ],
            [
              26.953562,
              67.094243
            ],
            [
              26.952876,
              67.095629
            ],
            [
              26.951201,
              67.096297
            ],
            [
              26.951159,
              67.096665
            ],
            [
              26.951588,
              67.096932
            ],
            [
              26.954507,
              67.097583
            ],
            [
              26.95588,
              67.097733
            ],
            [
              26.958198,
              67.097683
            ],
            [
              26.959228,
              67.098067
            ],
            [
              26.959357,
              67.098535
            ],
            [
              26.959014,
              67.099404
            ],
            [
              26.959014,
              67.100389
            ],
            [
              26.958456,
              67.101574
            ],
            [
              26.958327,
              67.102509
            ],
            [
              26.958413,
              67.103845
            ],
            [
              26.957726,
              67.104329
            ],
            [
              26.957297,
              67.105264
            ],
            [
              26.956567,
              67.106032
            ],
            [
              26.955794,
              67.1066
            ],
            [
              26.954979,
              67.106767
            ],
            [
              26.954077,
              67.107535
            ],
            [
              26.953863,
              67.10857
            ],
            [
              26.953176,
              67.109221
            ],
            [
              26.952833,
              67.109922
            ],
            [
              26.950772,
              67.111107
            ],
            [
              26.949356,
              67.111675
            ],
            [
              26.948669,
              67.112609
            ],
            [
              26.946094,
              67.114061
            ],
            [
              26.946008,
              67.114529
            ],
            [
              26.945493,
              67.114762
            ],
            [
              26.945235,
              67.115597
            ],
            [
              26.944334,
              67.116882
            ],
            [
              26.943432,
              67.117249
            ],
            [
              26.942874,
              67.117833
            ],
            [
              26.94181,
              67.11844
            ],
            [
              26.94055,
              67.11951
            ],
            [
              26.94167,
              67.11967
            ],
            [
              26.94183,
              67.11978
            ],
            [
              26.94167,
              67.11994
            ],
            [
              26.94202,
              67.12041
            ],
            [
              26.94086,
              67.12329
            ],
            [
              26.94104,
              67.12452
            ],
            [
              26.94068,
              67.12492
            ],
            [
              26.93887,
              67.12587
            ],
            [
              26.93853,
              67.12662
            ],
            [
              26.93849,
              67.12735
            ],
            [
              26.93866,
              67.12783
            ],
            [
              26.94018,
              67.12926
            ],
            [
              26.94016,
              67.12953
            ],
            [
              26.9383,
              67.1302
            ],
            [
              26.93717,
              67.1311
            ],
            [
              26.93602,
              67.13173
            ],
            [
              26.93385,
              67.13229
            ],
            [
              26.93253,
              67.13312
            ],
            [
              26.93011,
              67.13386
            ],
            [
              26.92765,
              67.13498
            ],
            [
              26.9248,
              67.1357
            ],
            [
              26.92067,
              67.13893
            ],
            [
              26.92272,
              67.13954
            ],
            [
              26.92342,
              67.14053
            ],
            [
              26.92416,
              67.14092
            ],
            [
              26.92516,
              67.14107
            ],
            [
              26.9275,
              67.14105
            ],
            [
              26.92981,
              67.14145
            ],
            [
              26.93067,
              67.14176
            ],
            [
              26.93186,
              67.14272
            ],
            [
              26.93375,
              67.14317
            ],
            [
              26.93542,
              67.14398
            ],
            [
              26.93691,
              67.14442
            ],
            [
              26.93085,
              67.14712
            ],
            [
              26.92765,
              67.14822
            ],
            [
              26.92583,
              67.14904
            ],
            [
              26.9245,
              67.15022
            ],
            [
              26.9234,
              67.152
            ],
            [
              26.92309,
              67.15226
            ],
            [
              26.92278,
              67.15301
            ],
            [
              26.92194,
              67.15411
            ],
            [
              26.9216,
              67.15483
            ],
            [
              26.92069,
              67.1557
            ],
            [
              26.91803,
              67.15698
            ],
            [
              26.9171,
              67.15696
            ],
            [
              26.91403,
              67.1557
            ],
            [
              26.9103,
              67.15466
            ],
            [
              26.90957,
              67.15426
            ],
            [
              26.90871,
              67.15428
            ],
            [
              26.90628,
              67.15859
            ],
            [
              26.90528,
              67.15893
            ],
            [
              26.90063,
              67.15959
            ],
            [
              26.89781,
              67.16022
            ],
            [
              26.89746,
              67.1606
            ],
            [
              26.89746,
              67.16095
            ],
            [
              26.89717,
              67.16138
            ],
            [
              26.89731,
              67.16183
            ],
            [
              26.8979,
              67.16263
            ],
            [
              26.89778,
              67.16309
            ],
            [
              26.89722,
              67.16371
            ],
            [
              26.89526,
              67.16497
            ],
            [
              26.89331,
              67.16565
            ],
            [
              26.89126,
              67.1659
            ],
            [
              26.88685,
              67.16706
            ],
            [
              26.88644,
              67.16737
            ],
            [
              26.88124,
              67.16898
            ],
            [
              26.88086,
              67.16929
            ],
            [
              26.88036,
              67.17014
            ],
            [
              26.88029,
              67.17076
            ],
            [
              26.88043,
              67.17109
            ],
            [
              26.88008,
              67.17141
            ],
            [
              26.87239,
              67.17285
            ],
            [
              26.8698,
              67.17282
            ],
            [
              26.86787,
              67.17252
            ],
            [
              26.86549,
              67.17256
            ],
            [
              26.86242,
              67.1721
            ],
            [
              26.8557,
              67.17213
            ],
            [
              26.84919,
              67.17196
            ],
            [
              26.8473,
              67.17098
            ],
            [
              26.847108,
              67.169258
            ],
            [
              26.846899,
              67.169292
            ],
            [
              26.846953,
              67.169578
            ],
            [
              26.846604,
              67.170786
            ],
            [
              26.846057,
              67.17136
            ],
            [
              26.846545,
              67.171815
            ],
            [
              26.846422,
              67.171982
            ],
            [
              26.839405,
              67.172274
            ],
            [
              26.82781,
              67.17213
            ],
            [
              26.822657,
              67.172471
            ],
            [
              26.822664,
              67.172902
            ],
            [
              26.820896,
              67.175139
            ],
            [
              26.820223,
              67.178191
            ],
            [
              26.814639,
              67.180809
            ],
            [
              26.813977,
              67.182391
            ],
            [
              26.814924,
              67.183365
            ],
            [
              26.814875,
              67.184533
            ],
            [
              26.811336,
              67.187171
            ],
            [
              26.806255,
              67.189666
            ],
            [
              26.801897,
              67.190979
            ],
            [
              26.800562,
              67.192254
            ],
            [
              26.798248,
              67.193633
            ],
            [
              26.796041,
              67.194648
            ],
            [
              26.7852,
              67.19754
            ],
            [
              26.78291,
              67.19722
            ],
            [
              26.77143,
              67.19822
            ],
            [
              26.76543,
              67.19947
            ],
            [
              26.75953,
              67.20015
            ],
            [
              26.75862,
              67.20054
            ],
            [
              26.75786,
              67.20111
            ],
            [
              26.75612,
              67.20126
            ],
            [
              26.72778,
              67.20055
            ],
            [
              26.71493,
              67.20008
            ],
            [
              26.71455,
              67.19996
            ],
            [
              26.70861,
              67.200646
            ],
            [
              26.703501,
              67.200718
            ],
            [
              26.7,
              67.200444
            ],
            [
              26.683336,
              67.198211
            ],
            [
              26.668246,
              67.197801
            ],
            [
              26.663597,
              67.197458
            ],
            [
              26.660174,
              67.196871
            ],
            [
              26.652139,
              67.194635
            ],
            [
              26.649213,
              67.193963
            ],
            [
              26.645572,
              67.193566
            ],
            [
              26.64107,
              67.193432
            ],
            [
              26.641217,
              67.189577
            ],
            [
              26.641465,
              67.187435
            ],
            [
              26.64545,
              67.15849
            ],
            [
              26.645747,
              67.157025
            ],
            [
              26.647181,
              67.152766
            ],
            [
              26.647351,
              67.151162
            ],
            [
              26.646924,
              67.147751
            ],
            [
              26.647446,
              67.143678
            ],
            [
              26.647731,
              67.139699
            ],
            [
              26.647774,
              67.131215
            ],
            [
              26.647625,
              67.12933
            ],
            [
              26.645772,
              67.119303
            ],
            [
              26.64557,
              67.117449
            ],
            [
              26.645518,
              67.114331
            ],
            [
              26.645093,
              67.112889
            ],
            [
              26.644257,
              67.111558
            ],
            [
              26.642827,
              67.110079
            ],
            [
              26.637763,
              67.10614
            ],
            [
              26.635804,
              67.104351
            ],
            [
              26.630808,
              67.098495
            ],
            [
              26.626319,
              67.094271
            ],
            [
              26.624789,
              67.093063
            ],
            [
              26.622959,
              67.091928
            ],
            [
              26.61912,
              67.090102
            ],
            [
              26.613691,
              67.088301
            ],
            [
              26.607861,
              67.087017
            ],
            [
              26.6,
              67.085996
            ],
            [
              26.597272,
              67.085987
            ],
            [
              26.596223,
              67.086538
            ],
            [
              26.59426,
              67.087104
            ],
            [
              26.589588,
              67.087851
            ],
            [
              26.587526,
              67.088364
            ],
            [
              26.574334,
              67.094108
            ],
            [
              26.571807,
              67.095043
            ],
            [
              26.561155,
              67.09681
            ],
            [
              26.553135,
              67.099088
            ],
            [
              26.550789,
              67.100161
            ],
            [
              26.546354,
              67.103138
            ],
            [
              26.543903,
              67.104247
            ],
            [
              26.529186,
              67.108625
            ],
            [
              26.525251,
              67.110103
            ],
            [
              26.519423,
              67.11291
            ],
            [
              26.516841,
              67.113756
            ],
            [
              26.512579,
              67.114646
            ],
            [
              26.491776,
              67.117088
            ],
            [
              26.487393,
              67.118171
            ],
            [
              26.485228,
              67.119005
            ],
            [
              26.483274,
              67.120119
            ],
            [
              26.476574,
              67.125632
            ],
            [
              26.474208,
              67.12704
            ],
            [
              26.470946,
              67.128337
            ],
            [
              26.437423,
              67.139814
            ],
            [
              26.433234,
              67.141855
            ],
            [
              26.425454,
              67.146987
            ],
            [
              26.422628,
              67.148292
            ],
            [
              26.420815,
              67.148919
            ],
            [
              26.406514,
              67.152544
            ],
            [
              26.402895,
              67.153218
            ],
            [
              26.396639,
              67.154093
            ],
            [
              26.392045,
              67.155298
            ],
            [
              26.370247,
              67.164172
            ],
            [
              26.368369,
              67.16488
            ],
            [
              26.365684,
              67.165626
            ],
            [
              26.36,
              67.166634
            ],
            [
              26.34203,
              67.16841
            ],
            [
              26.337555,
              67.169261
            ],
            [
              26.333349,
              67.170582
            ],
            [
              26.319255,
              67.176313
            ],
            [
              26.316775,
              67.17751
            ],
            [
              26.315316,
              67.17853
            ],
            [
              26.304859,
              67.188284
            ],
            [
              26.27229,
              67.181412
            ],
            [
              26.27117,
              67.181003
            ],
            [
              26.257114,
              67.174373
            ],
            [
              26.255796,
              67.173933
            ],
            [
              26.2384,
              67.17181
            ],
            [
              26.232503,
              67.171551
            ],
            [
              26.230772,
              67.171286
            ],
            [
              26.229123,
              67.170784
            ],
            [
              26.228161,
              67.1703
            ],
            [
              26.22408,
              67.167548
            ],
            [
              26.223595,
              67.166638
            ],
            [
              26.225104,
              67.160204
            ],
            [
              26.235882,
              67.154324
            ],
            [
              26.239947,
              67.152903
            ],
            [
              26.248076,
              67.147129
            ],
            [
              26.243607,
              67.147912
            ],
            [
              26.240796,
              67.147682
            ],
            [
              26.238097,
              67.147678
            ],
            [
              26.2368,
              67.148978
            ],
            [
              26.235761,
              67.1497
            ],
            [
              26.231633,
              67.150644
            ],
            [
              26.228945,
              67.150669
            ],
            [
              26.226228,
              67.150136
            ],
            [
              26.223452,
              67.150195
            ],
            [
              26.222741,
              67.150525
            ],
            [
              26.222074,
              67.151377
            ],
            [
              26.221642,
              67.151679
            ],
            [
              26.220686,
              67.152083
            ],
            [
              26.217705,
              67.152885
            ],
            [
              26.216257,
              67.15343
            ],
            [
              26.211654,
              67.154176
            ],
            [
              26.210338,
              67.153903
            ],
            [
              26.209916,
              67.153707
            ],
            [
              26.210099,
              67.15352
            ],
            [
              26.209906,
              67.153295
            ],
            [
              26.209155,
              67.153019
            ],
            [
              26.206472,
              67.152787
            ],
            [
              26.203597,
              67.152894
            ],
            [
              26.202116,
              67.152195
            ],
            [
              26.198018,
              67.152811
            ],
            [
              26.195358,
              67.152528
            ],
            [
              26.193276,
              67.152695
            ],
            [
              26.189693,
              67.152328
            ],
            [
              26.186624,
              67.152553
            ],
            [
              26.185122,
              67.153161
            ],
            [
              26.184521,
              67.15362
            ],
            [
              26.180573,
              67.154586
            ],
            [
              26.177397,
              67.155769
            ],
            [
              26.175401,
              67.15621
            ],
            [
              26.17111,
              67.158893
            ],
            [
              26.160703,
              67.162208
            ],
            [
              26.158837,
              67.162982
            ],
            [
              26.148954,
              67.16264
            ],
            [
              26.145995,
              67.163402
            ],
            [
              26.142872,
              67.163331
            ],
            [
              26.135425,
              67.164505
            ],
            [
              26.134812,
              67.164469
            ],
            [
              26.133096,
              67.163543
            ],
            [
              26.130924,
              67.162994
            ],
            [
              26.125748,
              67.162587
            ],
            [
              26.123721,
              67.162169
            ],
            [
              26.122068,
              67.162127
            ],
            [
              26.12016,
              67.162537
            ],
            [
              26.117777,
              67.16261
            ],
            [
              26.114499,
              67.163913
            ],
            [
              26.111919,
              67.164378
            ],
            [
              26.112098,
              67.162032
            ],
            [
              26.11195,
              67.161766
            ],
            [
              26.11108,
              67.16123
            ],
            [
              26.107274,
              67.1604
            ],
            [
              26.104852,
              67.159023
            ],
            [
              26.103467,
              67.158577
            ],
            [
              26.101089,
              67.158306
            ],
            [
              26.099034,
              67.158436
            ],
            [
              26.095448,
              67.159007
            ],
            [
              26.093661,
              67.158788
            ],
            [
              26.09138,
              67.157735
            ],
            [
              26.085839,
              67.15646
            ],
            [
              26.081473,
              67.154476
            ],
            [
              26.078667,
              67.153629
            ],
            [
              26.07248,
              67.15082
            ],
            [
              26.071552,
              67.150183
            ],
            [
              26.071293,
              67.14959
            ],
            [
              26.071446,
              67.14926
            ],
            [
              26.074473,
              67.146575
            ],
            [
              26.075292,
              67.145625
            ],
            [
              26.075481,
              67.145014
            ],
            [
              26.075665,
              67.140452
            ],
            [
              26.076145,
              67.139314
            ],
            [
              26.076753,
              67.138693
            ],
            [
              26.077756,
              67.137961
            ],
            [
              26.092736,
              67.131362
            ],
            [
              26.093904,
              67.130575
            ],
            [
              26.094289,
              67.129966
            ],
            [
              26.094337,
              67.12951
            ],
            [
              26.093798,
              67.126165
            ],
            [
              26.093146,
              67.125638
            ],
            [
              26.091746,
              67.125123
            ],
            [
              26.087859,
              67.124449
            ],
            [
              26.08726,
              67.124114
            ],
            [
              26.08713,
              67.123685
            ],
            [
              26.087513,
              67.123232
            ],
            [
              26.096435,
              67.118123
            ],
            [
              26.096675,
              67.117884
            ],
            [
              26.096733,
              67.117555
            ],
            [
              26.096567,
              67.11672
            ],
            [
              26.096698,
              67.116165
            ],
            [
              26.103774,
              67.107535
            ],
            [
              26.097999,
              67.108071
            ],
            [
              26.092988,
              67.107508
            ],
            [
              26.087041,
              67.108041
            ],
            [
              26.069515,
              67.108368
            ],
            [
              26.063673,
              67.107711
            ],
            [
              26.06116,
              67.106865
            ],
            [
              26.058957,
              67.105855
            ],
            [
              26.056217,
              67.105283
            ],
            [
              26.03446,
              67.105993
            ],
            [
              26.030855,
              67.106293
            ],
            [
              26.025277,
              67.108029
            ],
            [
              26.016265,
              67.109732
            ],
            [
              26.013003,
              67.110867
            ],
            [
              26.011371,
              67.111801
            ],
            [
              26.008453,
              67.112769
            ],
            [
              25.999613,
              67.11347
            ],
            [
              25.994806,
              67.114505
            ],
            [
              25.991974,
              67.114805
            ],
            [
              25.988713,
              67.112936
            ],
            [
              25.989142,
              67.111334
            ],
            [
              25.989228,
              67.109866
            ],
            [
              25.988609,
              67.109425
            ],
            [
              25.985258,
              67.108478
            ],
            [
              25.984596,
              67.107633
            ],
            [
              25.9764,
              67.102878
            ],
            [
              25.972992,
              67.101744
            ],
            [
              25.971298,
              67.099955
            ],
            [
              25.964935,
              67.096302
            ],
            [
              25.964431,
              67.095832
            ],
            [
              25.964413,
              67.095677
            ],
            [
              25.965792,
              67.094665
            ],
            [
              25.966164,
              67.093932
            ],
            [
              25.965842,
              67.09247
            ],
            [
              25.966717,
              67.08802
            ],
            [
              25.966403,
              67.087265
            ],
            [
              25.9657,
              67.086648
            ],
            [
              25.96116,
              67.084134
            ],
            [
              25.96074,
              67.083559
            ],
            [
              25.960086,
              67.083104
            ],
            [
              25.957489,
              67.081964
            ],
            [
              25.955382,
              67.081342
            ],
            [
              25.950987,
              67.080363
            ],
            [
              25.951019,
              67.080037
            ],
            [
              25.95073,
              67.079411
            ],
            [
              25.950135,
              67.078831
            ],
            [
              25.95035,
              67.078234
            ],
            [
              25.948766,
              67.077509
            ],
            [
              25.948895,
              67.077058
            ],
            [
              25.949517,
              67.076686
            ],
            [
              25.949581,
              67.076381
            ],
            [
              25.949034,
              67.075883
            ],
            [
              25.949063,
              67.075609
            ],
            [
              25.95059,
              67.075035
            ],
            [
              25.950852,
              67.074636
            ],
            [
              25.949395,
              67.071977
            ],
            [
              25.948559,
              67.071049
            ],
            [
              25.945527,
              67.069331
            ],
            [
              25.945118,
              67.06857
            ],
            [
              25.942948,
              67.067923
            ],
            [
              25.941199,
              67.066865
            ],
            [
              25.939031,
              67.065828
            ],
            [
              25.934003,
              67.064229
            ],
            [
              25.933452,
              67.063926
            ],
            [
              25.933295,
              67.063344
            ],
            [
              25.933693,
              67.06165
            ],
            [
              25.933591,
              67.060442
            ],
            [
              25.934,
              67.059966
            ],
            [
              25.934786,
              67.059618
            ],
            [
              25.938281,
              67.059046
            ],
            [
              25.939117,
              67.058782
            ],
            [
              25.941471,
              67.058589
            ],
            [
              25.945257,
              67.057158
            ],
            [
              25.947121,
              67.055386
            ],
            [
              25.947247,
              67.054826
            ],
            [
              25.947854,
              67.053997
            ],
            [
              25.947791,
              67.053409
            ],
            [
              25.949216,
              67.052002
            ],
            [
              25.94964,
              67.050807
            ],
            [
              25.950985,
              67.049493
            ],
            [
              25.951039,
              67.049252
            ],
            [
              25.950462,
              67.048199
            ],
            [
              25.949892,
              67.047681
            ],
            [
              25.949825,
              67.047069
            ],
            [
              25.949423,
              67.046521
            ],
            [
              25.945626,
              67.044882
            ],
            [
              25.944464,
              67.044795
            ],
            [
              25.942005,
              67.044976
            ],
            [
              25.940706,
              67.045227
            ],
            [
              25.936277,
              67.046892
            ],
            [
              25.93177,
              67.047342
            ],
            [
              25.929533,
              67.045314
            ],
            [
              25.929421,
              67.045019
            ],
            [
              25.929738,
              67.044354
            ],
            [
              25.930952,
              67.04337
            ],
            [
              25.931821,
              67.04299
            ],
            [
              25.956536,
              67.033138
            ],
            [
              25.962622,
              67.029649
            ],
            [
              25.963458,
              67.028504
            ],
            [
              25.967007,
              67.017183
            ],
            [
              25.969047,
              67.015651
            ],
            [
              25.965417,
              67.015322
            ],
            [
              25.959383,
              67.013617
            ],
            [
              25.958213,
              67.013229
            ],
            [
              25.956575,
              67.011936
            ],
            [
              25.954274,
              67.011789
            ],
            [
              25.951289,
              67.012018
            ],
            [
              25.949211,
              67.011998
            ],
            [
              25.932864,
              67.007495
            ],
            [
              25.931565,
              67.006799
            ],
            [
              25.931544,
              67.006339
            ],
            [
              25.931258,
              67.005729
            ],
            [
              25.931479,
              67.004966
            ],
            [
              25.931557,
              67.002586
            ],
            [
              25.931467,
              67.002023
            ],
            [
              25.930759,
              67.001368
            ],
            [
              25.922857,
              66.999848
            ],
            [
              25.914807,
              66.996132
            ],
            [
              25.91332,
              66.995765
            ],
            [
              25.910553,
              66.995536
            ],
            [
              25.907904,
              66.995836
            ],
            [
              25.895942,
              66.998118
            ],
            [
              25.893927,
              66.998755
            ],
            [
              25.891143,
              67.000059
            ],
            [
              25.889777,
              67.000418
            ],
            [
              25.887998,
              67.000482
            ],
            [
              25.886076,
              67.00031
            ],
            [
              25.885895,
              67.001426
            ],
            [
              25.884671,
              67.002695
            ],
            [
              25.88403,
              67.003109
            ],
            [
              25.870965,
              67.007214
            ],
            [
              25.860567,
              67.011135
            ],
            [
              25.858669,
              67.012415
            ],
            [
              25.857116,
              67.013283
            ],
            [
              25.854745,
              67.014268
            ],
            [
              25.853021,
              67.015389
            ],
            [
              25.846317,
              67.018078
            ],
            [
              25.841612,
              67.021089
            ],
            [
              25.840197,
              67.021776
            ],
            [
              25.831995,
              67.024482
            ],
            [
              25.824257,
              67.026098
            ],
            [
              25.823262,
              67.026741
            ],
            [
              25.823682,
              67.028092
            ],
            [
              25.819071,
              67.027637
            ],
            [
              25.816883,
              67.026866
            ],
            [
              25.814522,
              67.02633
            ],
            [
              25.810274,
              67.025878
            ],
            [
              25.807785,
              67.024823
            ],
            [
              25.804609,
              67.022913
            ],
            [
              25.801605,
              67.020835
            ],
            [
              25.801047,
              67.020819
            ],
            [
              25.796455,
              67.022109
            ],
            [
              25.791821,
              67.022712
            ],
            [
              25.790404,
              67.022628
            ],
            [
              25.787872,
              67.023416
            ],
            [
              25.786158,
              67.02377
            ],
            [
              25.782937,
              67.023449
            ],
            [
              25.782253,
              67.022061
            ],
            [
              25.779204,
              67.021489
            ],
            [
              25.775383,
              67.021422
            ],
            [
              25.772208,
              67.02107
            ],
            [
              25.770491,
              67.020618
            ],
            [
              25.768689,
              67.019797
            ],
            [
              25.768563,
              67.01938
            ],
            [
              25.769633,
              67.018037
            ],
            [
              25.770365,
              67.017554
            ],
            [
              25.769976,
              67.016663
            ],
            [
              25.769378,
              67.016297
            ],
            [
              25.768217,
              67.016077
            ],
            [
              25.761393,
              67.015826
            ],
            [
              25.76067,
              67.01576
            ],
            [
              25.76013,
              67.01547
            ],
            [
              25.75953,
              67.01574
            ],
            [
              25.75586,
              67.01587
            ],
            [
              25.7529,
              67.01617
            ],
            [
              25.75062,
              67.01668
            ],
            [
              25.74955,
              67.01673
            ],
            [
              25.74826,
              67.01831
            ],
            [
              25.74955,
              67.01673
            ],
            [
              25.75062,
              67.01668
            ],
            [
              25.7529,
              67.01617
            ],
            [
              25.75586,
              67.01587
            ],
            [
              25.75953,
              67.01574
            ],
            [
              25.76013,
              67.01547
            ],
            [
              25.761996,
              67.012929
            ],
            [
              25.761265,
              67.011904
            ],
            [
              25.760278,
              67.011284
            ],
            [
              25.764121,
              67.01062
            ],
            [
              25.765683,
              67.010042
            ],
            [
              25.765923,
              67.009347
            ],
            [
              25.76661,
              67.00881
            ],
            [
              25.768241,
              67.008508
            ],
            [
              25.772103,
              67.008241
            ],
            [
              25.773407,
              67.007595
            ],
            [
              25.773751,
              67.00669
            ],
            [
              25.772961,
              67.003412
            ],
            [
              25.773819,
              67.002742
            ],
            [
              25.775982,
              67.001694
            ],
            [
              25.776497,
              67.001224
            ],
            [
              25.77993,
              66.999648
            ],
            [
              25.782076,
              66.998273
            ],
            [
              25.78429,
              66.996101
            ],
            [
              25.785853,
              66.995589
            ],
            [
              25.789526,
              66.995229
            ],
            [
              25.792376,
              66.994516
            ],
            [
              25.793217,
              66.994457
            ],
            [
              25.795294,
              66.995086
            ],
            [
              25.797079,
              66.995262
            ],
            [
              25.798641,
              66.995019
            ],
            [
              25.803517,
              66.993317
            ],
            [
              25.807912,
              66.992872
            ],
            [
              25.811757,
              66.992042
            ],
            [
              25.81416,
              66.99127
            ],
            [
              25.81622,
              66.990969
            ],
            [
              25.817438,
              66.990256
            ],
            [
              25.819653,
              66.989761
            ],
            [
              25.824803,
              66.990298
            ],
            [
              25.825833,
              66.990196
            ],
            [
              25.827034,
              66.98919
            ],
            [
              25.827892,
              66.988687
            ],
            [
              25.82851,
              66.98737
            ],
            [
              25.832012,
              66.985298
            ],
            [
              25.834158,
              66.984761
            ],
            [
              25.835874,
              66.983553
            ],
            [
              25.836304,
              66.98258
            ],
            [
              25.836218,
              66.980969
            ],
            [
              25.838192,
              66.980331
            ],
            [
              25.844972,
              66.979761
            ],
            [
              25.847222,
              66.978812
            ],
            [
              25.84911,
              66.977402
            ],
            [
              25.84966,
              66.976721
            ],
            [
              25.8505,
              66.974901
            ],
            [
              25.852379,
              66.974522
            ],
            [
              25.84886,
              66.969178
            ],
            [
              25.846577,
              66.967338
            ],
            [
              25.845794,
              66.966334
            ],
            [
              25.844461,
              66.965687
            ],
            [
              25.838128,
              66.964213
            ],
            [
              25.836243,
              66.963532
            ],
            [
              25.835833,
              66.963211
            ],
            [
              25.830969,
              66.956338
            ],
            [
              25.829978,
              66.955699
            ],
            [
              25.825899,
              66.953886
            ],
            [
              25.81715,
              66.951035
            ],
            [
              25.810245,
              66.9507
            ],
            [
              25.804857,
              66.948967
            ],
            [
              25.799087,
              66.946456
            ],
            [
              25.787221,
              66.943835
            ],
            [
              25.753494,
              66.941211
            ],
            [
              25.748354,
              66.939202
            ],
            [
              25.731864,
              66.935007
            ],
            [
              25.725143,
              66.935293
            ],
            [
              25.719537,
              66.93577
            ],
            [
              25.714995,
              66.935823
            ],
            [
              25.714011,
              66.935327
            ],
            [
              25.712563,
              66.933827
            ],
            [
              25.712696,
              66.932789
            ],
            [
              25.713205,
              66.931306
            ],
            [
              25.713863,
              66.930294
            ],
            [
              25.713467,
              66.927548
            ],
            [
              25.713074,
              66.927088
            ],
            [
              25.711204,
              66.926104
            ],
            [
              25.710024,
              66.924428
            ],
            [
              25.709599,
              66.924054
            ],
            [
              25.697801,
              66.922011
            ],
            [
              25.697083,
              66.921698
            ],
            [
              25.693433,
              66.919357
            ],
            [
              25.689256,
              66.918455
            ],
            [
              25.688519,
              66.918117
            ],
            [
              25.687304,
              66.917202
            ],
            [
              25.684736,
              66.91585
            ],
            [
              25.679374,
              66.914109
            ],
            [
              25.676913,
              66.913879
            ],
            [
              25.673765,
              66.914041
            ],
            [
              25.671811,
              66.913611
            ],
            [
              25.670476,
              66.912864
            ],
            [
              25.665877,
              66.909494
            ],
            [
              25.665299,
              66.908611
            ],
            [
              25.663015,
              66.90614
            ],
            [
              25.66255,
              66.905385
            ],
            [
              25.662456,
              66.903933
            ],
            [
              25.663845,
              66.900097
            ],
            [
              25.667075,
              66.898033
            ],
            [
              25.668806,
              66.89612
            ],
            [
              25.6718,
              66.895125
            ],
            [
              25.673249,
              66.893992
            ],
            [
              25.675453,
              66.892835
            ],
            [
              25.677054,
              66.891312
            ],
            [
              25.679105,
              66.889854
            ],
            [
              25.683088,
              66.888081
            ],
            [
              25.687306,
              66.886818
            ],
            [
              25.69052,
              66.885308
            ],
            [
              25.692894,
              66.88466
            ],
            [
              25.693229,
              66.88424
            ],
            [
              25.693711,
              66.882754
            ],
            [
              25.673122,
              66.880495
            ],
            [
              25.640154,
              66.874674
            ],
            [
              25.636128,
              66.874491
            ],
            [
              25.632682,
              66.874746
            ],
            [
              25.630012,
              66.875134
            ],
            [
              25.594292,
              66.8821
            ],
            [
              25.591988,
              66.882244
            ],
            [
              25.587847,
              66.882127
            ],
            [
              25.585999,
              66.882237
            ],
            [
              25.579786,
              66.883295
            ],
            [
              25.576783,
              66.883599
            ],
            [
              25.56712,
              66.883287
            ],
            [
              25.563551,
              66.88401
            ],
            [
              25.55311,
              66.88528
            ],
            [
              25.55266,
              66.88211
            ],
            [
              25.5507,
              66.87964
            ],
            [
              25.55075,
              66.87903
            ],
            [
              25.55112,
              66.87797
            ],
            [
              25.55282,
              66.87667
            ],
            [
              25.55706,
              66.87426
            ],
            [
              25.56154,
              66.87092
            ],
            [
              25.56177,
              66.87028
            ],
            [
              25.56168,
              66.86973
            ],
            [
              25.55875,
              66.86643
            ],
            [
              25.55835,
              66.86406
            ],
            [
              25.5571,
              66.86178
            ],
            [
              25.55735,
              66.86119
            ],
            [
              25.56013,
              66.85923
            ],
            [
              25.5618,
              66.85847
            ],
            [
              25.5797,
              66.85483
            ],
            [
              25.58114,
              66.8544
            ],
            [
              25.58206,
              66.85371
            ],
            [
              25.58464,
              66.84958
            ],
            [
              25.58579,
              66.84887
            ],
            [
              25.59117,
              66.84669
            ],
            [
              25.59263,
              66.84638
            ],
            [
              25.59757,
              66.84594
            ],
            [
              25.61522,
              66.84061
            ],
            [
              25.6172,
              66.8402
            ],
            [
              25.6196,
              66.84008
            ],
            [
              25.64999,
              66.8406
            ],
            [
              25.653,
              66.8405
            ],
            [
              25.65446,
              66.84009
            ],
            [
              25.66464,
              66.83614
            ],
            [
              25.70155,
              66.82638
            ],
            [
              25.70314,
              66.82578
            ],
            [
              25.70947,
              66.82281
            ],
            [
              25.71123,
              66.8222
            ],
            [
              25.7137,
              66.82184
            ],
            [
              25.72935,
              66.821
            ],
            [
              25.73538,
              66.82048
            ],
            [
              25.7515,
              66.81578
            ],
            [
              25.75281,
              66.81516
            ],
            [
              25.75936,
              66.81681
            ],
            [
              25.76305,
              66.81827
            ],
            [
              25.76672,
              66.82087
            ],
            [
              25.76695,
              66.82147
            ],
            [
              25.76689,
              66.82174
            ],
            [
              25.76615,
              66.82251
            ],
            [
              25.76274,
              66.8229
            ],
            [
              25.75905,
              66.82392
            ],
            [
              25.75308,
              66.82499
            ],
            [
              25.75138,
              66.8257
            ],
            [
              25.75015,
              66.82718
            ],
            [
              25.74976,
              66.82737
            ],
            [
              25.73728,
              66.83048
            ],
            [
              25.73649,
              66.82963
            ],
            [
              25.73599,
              66.82934
            ],
            [
              25.73492,
              66.82936
            ],
            [
              25.73599,
              66.82934
            ],
            [
              25.73649,
              66.82963
            ],
            [
              25.73728,
              66.83048
            ],
            [
              25.74081,
              66.82968
            ],
            [
              25.74666,
              66.82804
            ],
            [
              25.74976,
              66.82737
            ],
            [
              25.75015,
              66.82718
            ],
            [
              25.75138,
              66.8257
            ],
            [
              25.75308,
              66.82499
            ],
            [
              25.75905,
              66.82392
            ],
            [
              25.76274,
              66.8229
            ],
            [
              25.76615,
              66.82251
            ],
            [
              25.76674,
              66.82201
            ],
            [
              25.76695,
              66.82147
            ],
            [
              25.76672,
              66.82087
            ],
            [
              25.76305,
              66.81827
            ],
            [
              25.75936,
              66.81681
            ],
            [
              25.75281,
              66.81516
            ],
            [
              25.75933,
              66.81053
            ],
            [
              25.76083,
              66.80964
            ],
            [
              25.76621,
              66.80707
            ],
            [
              25.76829,
              66.80559
            ],
            [
              25.77018,
              66.80381
            ],
            [
              25.77063,
              66.80295
            ],
            [
              25.77065,
              66.80209
            ],
            [
              25.76982,
              66.79976
            ],
            [
              25.77004,
              66.79925
            ],
            [
              25.77077,
              66.79868
            ],
            [
              25.77467,
              66.79727
            ],
            [
              25.77562,
              66.79663
            ],
            [
              25.77596,
              66.79615
            ],
            [
              25.77377,
              66.79278
            ],
            [
              25.77128,
              66.7913
            ],
            [
              25.7712,
              66.79054
            ],
            [
              25.76996,
              66.78897
            ],
            [
              25.76958,
              66.78802
            ],
            [
              25.76943,
              66.78626
            ],
            [
              25.76963,
              66.7853
            ],
            [
              25.77041,
              66.78394
            ],
            [
              25.7741,
              66.7812
            ],
            [
              25.77848,
              66.7802
            ],
            [
              25.78378,
              66.77929
            ],
            [
              25.78523,
              66.77866
            ],
            [
              25.78623,
              66.77802
            ],
            [
              25.78594,
              66.77586
            ],
            [
              25.78702,
              66.77407
            ],
            [
              25.78781,
              66.77126
            ],
            [
              25.78734,
              66.77063
            ],
            [
              25.78522,
              66.76916
            ],
            [
              25.78289,
              66.76622
            ],
            [
              25.7828,
              66.76588
            ],
            [
              25.78457,
              66.76073
            ],
            [
              25.78524,
              66.75959
            ],
            [
              25.7848,
              66.75837
            ],
            [
              25.78481,
              66.75793
            ],
            [
              25.79049,
              66.75348
            ],
            [
              25.79072,
              66.7531
            ],
            [
              25.79071,
              66.75191
            ],
            [
              25.79045,
              66.75136
            ],
            [
              25.78794,
              66.75044
            ],
            [
              25.78718,
              66.74992
            ],
            [
              25.78707,
              66.74756
            ],
            [
              25.78507,
              66.7453
            ],
            [
              25.78493,
              66.74419
            ],
            [
              25.78582,
              66.74313
            ],
            [
              25.78615,
              66.74189
            ],
            [
              25.78552,
              66.73903
            ],
            [
              25.79991,
              66.73878
            ],
            [
              25.80244,
              66.73925
            ],
            [
              25.80588,
              66.74069
            ],
            [
              25.80625,
              66.74069
            ],
            [
              25.80834,
              66.74025
            ],
            [
              25.81666,
              66.73927
            ],
            [
              25.81951,
              66.73873
            ],
            [
              25.82293,
              66.73861
            ],
            [
              25.82433,
              66.73907
            ],
            [
              25.82529,
              66.74032
            ],
            [
              25.82805,
              66.74036
            ],
            [
              25.83227,
              66.74073
            ],
            [
              25.83269,
              66.74165
            ],
            [
              25.8325,
              66.74257
            ],
            [
              25.83121,
              66.74349
            ],
            [
              25.83094,
              66.74427
            ],
            [
              25.83281,
              66.74592
            ],
            [
              25.83349,
              66.74631
            ],
            [
              25.8307,
              66.748685
            ],
            [
              25.83281,
              66.74592
            ],
            [
              25.83104,
              66.74445
            ],
            [
              25.83092,
              66.7441
            ],
            [
              25.83121,
              66.74349
            ],
            [
              25.8325,
              66.74257
            ],
            [
              25.83269,
              66.74165
            ],
            [
              25.83227,
              66.74073
            ],
            [
              25.82864,
              66.7404
            ],
            [
              25.82529,
              66.74032
            ],
            [
              25.82433,
              66.73907
            ],
            [
              25.82293,
              66.73861
            ],
            [
              25.81951,
              66.73873
            ],
            [
              25.81666,
              66.73927
            ],
            [
              25.80834,
              66.74025
            ],
            [
              25.80625,
              66.74069
            ],
            [
              25.80588,
              66.74069
            ],
            [
              25.80244,
              66.73925
            ],
            [
              25.79991,
              66.73878
            ],
            [
              25.78552,
              66.73903
            ],
            [
              25.78504,
              66.73831
            ],
            [
              25.78291,
              66.73669
            ],
            [
              25.78228,
              66.73573
            ],
            [
              25.78201,
              66.73467
            ],
            [
              25.78306,
              66.73218
            ],
            [
              25.78338,
              66.73056
            ],
            [
              25.78255,
              66.72654
            ],
            [
              25.78353,
              66.72045
            ],
            [
              25.78328,
              66.71927
            ],
            [
              25.78295,
              66.71854
            ],
            [
              25.78196,
              66.71728
            ],
            [
              25.77835,
              66.71428
            ],
            [
              25.77678,
              66.71322
            ],
            [
              25.75807,
              66.70336
            ],
            [
              25.75029,
              66.69682
            ],
            [
              25.72678,
              66.68168
            ],
            [
              25.72128,
              66.67947
            ],
            [
              25.7184,
              66.67858
            ],
            [
              25.70053,
              66.67459
            ],
            [
              25.69906,
              66.6741
            ],
            [
              25.69847,
              66.67367
            ],
            [
              25.69818,
              66.67303
            ],
            [
              25.69853,
              66.67211
            ],
            [
              25.70683,
              66.65601
            ],
            [
              25.70707,
              66.65505
            ],
            [
              25.70671,
              66.65427
            ],
            [
              25.70584,
              66.65358
            ],
            [
              25.69671,
              66.64975
            ],
            [
              25.69558,
              66.64906
            ],
            [
              25.69502,
              66.64834
            ],
            [
              25.69344,
              66.64476
            ],
            [
              25.69354,
              66.64419
            ],
            [
              25.69426,
              66.64339
            ],
            [
              25.69888,
              66.64093
            ],
            [
              25.7127,
              66.63631
            ],
            [
              25.7205,
              66.63461
            ],
            [
              25.7229,
              66.63342
            ],
            [
              25.72384,
              66.63262
            ],
            [
              25.72435,
              66.63186
            ],
            [
              25.7245,
              66.62672
            ],
            [
              25.72498,
              66.62556
            ],
            [
              25.72572,
              66.62479
            ],
            [
              25.73289,
              66.61969
            ],
            [
              25.74374,
              66.61481
            ],
            [
              25.74818,
              66.61247
            ],
            [
              25.76158,
              66.60915
            ],
            [
              25.77188,
              66.60421
            ],
            [
              25.78306,
              66.60084
            ],
            [
              25.78445,
              66.60015
            ],
            [
              25.78569,
              66.59925
            ],
            [
              25.78748,
              66.5964
            ],
            [
              25.78854,
              66.59542
            ],
            [
              25.79079,
              66.5948
            ],
            [
              25.79163,
              66.59475
            ],
            [
              25.79147,
              66.59376
            ],
            [
              25.79195,
              66.59297
            ],
            [
              25.79445,
              66.59129
            ],
            [
              25.79547,
              66.59026
            ],
            [
              25.79775,
              66.58442
            ],
            [
              25.79912,
              66.58033
            ],
            [
              25.79938,
              66.57932
            ],
            [
              25.79938,
              66.57829
            ],
            [
              25.79679,
              66.56735
            ],
            [
              25.79555,
              66.56294
            ],
            [
              25.79457,
              66.56134
            ],
            [
              25.78744,
              66.55139
            ],
            [
              25.79225,
              66.55077
            ],
            [
              25.79436,
              66.55082
            ],
            [
              25.79978,
              66.55043
            ],
            [
              25.80401,
              66.54958
            ],
            [
              25.80755,
              66.54924
            ],
            [
              25.82204,
              66.54893
            ],
            [
              25.83034,
              66.5494
            ],
            [
              25.83044,
              66.54923
            ],
            [
              25.8301,
              66.54872
            ],
            [
              25.83073,
              66.54715
            ],
            [
              25.83117,
              66.54388
            ],
            [
              25.831543,
              66.542703
            ],
            [
              25.83327,
              66.54267
            ],
            [
              25.83419,
              66.54286
            ],
            [
              25.83638,
              66.5429
            ],
            [
              25.84441,
              66.54372
            ],
            [
              25.8444,
              66.5436
            ],
            [
              25.84441,
              66.54372
            ],
            [
              25.83638,
              66.5429
            ],
            [
              25.83419,
              66.54286
            ],
            [
              25.83327,
              66.54267
            ],
            [
              25.83108,
              66.54268
            ],
            [
              25.82632,
              66.54204
            ],
            [
              25.82273,
              66.54222
            ],
            [
              25.82023,
              66.54196
            ],
            [
              25.817,
              66.54197
            ],
            [
              25.81739,
              66.54124
            ],
            [
              25.81761,
              66.5401
            ],
            [
              25.81846,
              66.53857
            ],
            [
              25.81911,
              66.53785
            ],
            [
              25.82034,
              66.53693
            ],
            [
              25.82444,
              66.53474
            ],
            [
              25.82585,
              66.53308
            ],
            [
              25.82595,
              66.53215
            ],
            [
              25.8264,
              66.53144
            ],
            [
              25.82562,
              66.53019
            ],
            [
              25.82392,
              66.5289
            ],
            [
              25.82399,
              66.5287
            ],
            [
              25.82317,
              66.52688
            ],
            [
              25.82301,
              66.52613
            ],
            [
              25.82298,
              66.52395
            ],
            [
              25.82359,
              66.52267
            ],
            [
              25.82338,
              66.52191
            ],
            [
              25.82268,
              66.52123
            ],
            [
              25.81889,
              66.51932
            ],
            [
              25.81467,
              66.51913
            ],
            [
              25.80254,
              66.51744
            ],
            [
              25.79333,
              66.51668
            ],
            [
              25.78833,
              66.5156
            ],
            [
              25.78436,
              66.51553
            ],
            [
              25.78437,
              66.51526
            ],
            [
              25.78494,
              66.5152
            ],
            [
              25.7855,
              66.51475
            ],
            [
              25.78537,
              66.51425
            ],
            [
              25.78064,
              66.51114
            ],
            [
              25.77875,
              66.51042
            ],
            [
              25.77411,
              66.50961
            ],
            [
              25.76571,
              66.50894
            ],
            [
              25.75862,
              66.50794
            ],
            [
              25.75077,
              66.506
            ],
            [
              25.7493,
              66.50531
            ],
            [
              25.74794,
              66.50385
            ],
            [
              25.74766,
              66.50318
            ],
            [
              25.74608,
              66.50189
            ],
            [
              25.74645,
              66.50172
            ],
            [
              25.74511,
              66.49923
            ],
            [
              25.744,
              66.4985
            ],
            [
              25.74386,
              66.49795
            ],
            [
              25.74339,
              66.49729
            ],
            [
              25.74281,
              66.49695
            ],
            [
              25.74089,
              66.49629
            ],
            [
              25.73387,
              66.49572
            ],
            [
              25.72853,
              66.49557
            ],
            [
              25.72451,
              66.49582
            ],
            [
              25.71759,
              66.49687
            ]
          ]
        ]
      }
    }
  ]
}
